replication,method,state,theta_hat,lower,upper
1,MRP2.1,01,0.3270880230431337,0.28234537851677344,0.36271377456297527
1,MRP2.1,04,0.30976257386651596,0.27318373895892345,0.3444676645845691
1,MRP2.1,05,0.31473374563402784,0.27033723706504675,0.35230351158429707
1,MRP2.1,06,0.3322145464981921,0.29841205950848,0.3632372679197002
1,MRP2.1,08,0.309616824966029,0.27638712450362873,0.34151514734880556
1,MRP2.1,09,0.32597875995999637,0.2896604475531417,0.3675032663084854
1,MRP2.1,10,0.3271518566637183,0.292703190809448,0.37306952447819536
1,MRP2.1,11,0.34322899091154063,0.29078961463091135,0.3802971380326944
1,MRP2.1,12,0.33620597095743127,0.3072403152653876,0.37440563545542166
1,MRP2.1,13,0.34326489083481726,0.30564277746118795,0.379659750937174
1,MRP2.1,16,0.30841465241559624,0.27024547596313486,0.3493668026751089
1,MRP2.1,17,0.3341138084961272,0.3003440501174916,0.38251769792996904
1,MRP2.1,18,0.3139526426393874,0.2734532607811894,0.3517345579174374
1,MRP2.1,19,0.3007012772709852,0.2584091066668815,0.346914283019231
1,MRP2.1,20,0.30312792166563157,0.25855663991285655,0.3364594860019617
1,MRP2.1,21,0.32591509444849753,0.2849581235511877,0.3756158987514398
1,MRP2.1,22,0.3387165667493701,0.29891148764701186,0.3756529389509445
1,MRP2.1,23,0.29176384330633653,0.25577536631032877,0.33606053587922685
1,MRP2.1,24,0.339967275338089,0.3010654980074667,0.37885158749414094
1,MRP2.1,25,0.31227792454208736,0.27779164468469525,0.3484853830086729
1,MRP2.1,26,0.32389910439736097,0.2889892865834365,0.3643828999458783
1,MRP2.1,27,0.30695510848362867,0.2719680656556986,0.3550048615385124
1,MRP2.1,28,0.35214370843420945,0.31192059194039057,0.3983559710669312
1,MRP2.1,29,0.31024753961279194,0.2664858930579099,0.3463531130758133
1,MRP2.1,30,0.28269795029584655,0.23553472070793602,0.31663578100477624
1,MRP2.1,31,0.3071186796498433,0.2676021020827212,0.3482058266128572
1,MRP2.1,32,0.32086380407467996,0.2819818635532247,0.36197186538206905
1,MRP2.1,33,0.2994046612878468,0.262247839519196,0.3458652837711561
1,MRP2.1,34,0.3380565381799049,0.3043200321816697,0.3802562805385799
1,MRP2.1,35,0.33963871704990645,0.3059877251519863,0.3796148899704408
1,MRP2.1,36,0.32443291563924953,0.29040260839417215,0.3588617755959615
1,MRP2.1,37,0.3396571955981035,0.3041464327746358,0.38428519903679376
1,MRP2.1,38,0.308711768180352,0.27179018606890326,0.35695130409660225
1,MRP2.1,39,0.3179029893043071,0.2803592523853315,0.3595985420833746
1,MRP2.1,40,0.3243525740695822,0.28401537800974247,0.3611760956749298
1,MRP2.1,41,0.2908224450423071,0.24773348558556213,0.32372685586728217
1,MRP2.1,42,0.31948833682309524,0.2872755223157602,0.3612165693513889
1,MRP2.1,44,0.30988072731153843,0.27167517791108275,0.34571301447122954
1,MRP2.1,45,0.32180596211489376,0.2857500779909408,0.358611923002515
1,MRP2.1,46,0.29915463442238316,0.25962495864573376,0.3430195011448636
1,MRP2.1,47,0.31605783052977854,0.2739014552655062,0.3554252441165916
1,MRP2.1,48,0.34171440667262004,0.3064657149075384,0.37200105206113887
1,MRP2.1,49,0.307697830570926,0.2657758532610891,0.34632467579415505
1,MRP2.1,50,0.2891701486574875,0.2500223269267826,0.32790718530735935
1,MRP2.1,51,0.3137792521883053,0.2783280499954522,0.34486250354841536
1,MRP2.1,53,0.3142641021069065,0.280531971985333,0.3494645477203827
1,MRP2.1,54,0.30226102844300423,0.2593997572071206,0.3514238976793176
1,MRP2.1,55,0.3012993540959137,0.26308075453843976,0.33921616831496243
1,MRP2.1,56,0.2968512669855211,0.2557854671690676,0.3389983209799428
2,MRP2.1,01,0.3331298895887538,0.2698394009358389,0.4090283076315053
2,MRP2.1,04,0.26628262617961906,0.20399828862853817,0.32703361555219085
2,MRP2.1,05,0.2928034157701154,0.21993412068271395,0.3697531715694272
2,MRP2.1,06,0.3615900986502471,0.3171456133088231,0.40739100896597985
2,MRP2.1,08,0.2769400944064237,0.21563325920271872,0.341586072104071
2,MRP2.1,09,0.3334761499094997,0.2693110223683556,0.4022566969602948
2,MRP2.1,10,0.2897701625631888,0.2230699808429408,0.3575768247763557
2,MRP2.1,11,0.3091481449156024,0.24388300998077206,0.3674581812182859
2,MRP2.1,12,0.30709761171675665,0.25803538915453983,0.362597076920362
2,MRP2.1,13,0.3202521588750229,0.2659578592402461,0.3790864798389477
2,MRP2.1,16,0.3445087538980893,0.27972346738143994,0.42118845810435845
2,MRP2.1,17,0.3270431410303994,0.26854011679392864,0.3927688148618763
2,MRP2.1,18,0.31064177310048446,0.24579844734023878,0.3796852961806476
2,MRP2.1,19,0.32986290968054566,0.262872963636321,0.41362558934855087
2,MRP2.1,20,0.3025035831785794,0.23885639505428757,0.37192914756745704
2,MRP2.1,21,0.34763667906353407,0.2794383506993514,0.42691330184813037
2,MRP2.1,22,0.3831952067704885,0.3094180927443768,0.4671560889396874
2,MRP2.1,23,0.2937231235028644,0.2314786214594389,0.36844211514212377
2,MRP2.1,24,0.3057757938499648,0.2443000591487538,0.3697335619719843
2,MRP2.1,25,0.3310217361256381,0.27969035069737797,0.38893112375273947
2,MRP2.1,26,0.3326529613184193,0.27708101144410335,0.39897997825462095
2,MRP2.1,27,0.2801188576512615,0.21833586483189552,0.34931160694363383
2,MRP2.1,28,0.3226739297292956,0.2535155551532647,0.39742641899455283
2,MRP2.1,29,0.2891981571066919,0.22697640958950077,0.3517551003855104
2,MRP2.1,30,0.27413118817733456,0.20832735202914318,0.3424947102137798
2,MRP2.1,31,0.28475220953143016,0.2186957040009595,0.35893830171987634
2,MRP2.1,32,0.34074351626471294,0.27664198400813783,0.4169523202801544
2,MRP2.1,33,0.3073494345291026,0.24369596849439215,0.3773307798612636
2,MRP2.1,34,0.39369830927234684,0.31554590165874974,0.4838455853587203
2,MRP2.1,35,0.32232752720873703,0.26356549384618716,0.39635308177282563
2,MRP2.1,36,0.31698379362263496,0.2668224488679874,0.3753295540757523
2,MRP2.1,37,0.28186757880132035,0.21743324033159594,0.34431765962629596
2,MRP2.1,38,0.2853727616275966,0.20797188036364636,0.37260167030995434
2,MRP2.1,39,0.3217388967108482,0.2573706181150922,0.3938749743130937
2,MRP2.1,40,0.2813347687590086,0.20869221486565814,0.34966716844901224
2,MRP2.1,41,0.3318298774968012,0.26784965962524576,0.4019080056424538
2,MRP2.1,42,0.3625766696981082,0.2949866526389176,0.4346919253715634
2,MRP2.1,44,0.34195506320199476,0.2670319622620992,0.4237348056933256
2,MRP2.1,45,0.2987025812269996,0.23556894703054204,0.3656056630143048
2,MRP2.1,46,0.28425494627511766,0.21451651403590508,0.3650806833538371
2,MRP2.1,47,0.33417564671584854,0.268069449402742,0.40882573041774284
2,MRP2.1,48,0.3296522959385692,0.28035280300954385,0.378144165120166
2,MRP2.1,49,0.22732283138848425,0.1609564373791716,0.29323345403537127
2,MRP2.1,50,0.3533210354339916,0.2803465497806933,0.4473963311737264
2,MRP2.1,51,0.26897468877435443,0.21057741372288027,0.32754614872142496
2,MRP2.1,53,0.3070770014060599,0.25326998904028647,0.3603609581769051
2,MRP2.1,54,0.2751987604795749,0.20976376389020593,0.3443443660358174
2,MRP2.1,55,0.29761929183766067,0.2279206420676168,0.3743684188447087
2,MRP2.1,56,0.2761928080523974,0.19859091230339768,0.3563689652839478
3,MRP2.1,01,0.319492924298974,0.2553966637156492,0.37026663381790137
3,MRP2.1,04,0.31407100883510247,0.2631912788661009,0.3625064224976323
3,MRP2.1,05,0.30470444014332076,0.24876538658514935,0.35741956317891505
3,MRP2.1,06,0.3114162294858673,0.26687427537663655,0.3543234065102157
3,MRP2.1,08,0.3439883097233972,0.29585830320575013,0.40468901297189175
3,MRP2.1,09,0.346770913700138,0.2887591734652176,0.41445214148684145
3,MRP2.1,10,0.30154509698952175,0.2407737595239719,0.35229116727577464
3,MRP2.1,11,0.3407570330105806,0.27772163288358925,0.39197706699975904
3,MRP2.1,12,0.3276633661997441,0.28529252950773976,0.3756518627576953
3,MRP2.1,13,0.34468346758464374,0.29364741427006547,0.4002941377887118
3,MRP2.1,16,0.30894926759204805,0.25622692315175793,0.36371891674748186
3,MRP2.1,17,0.3704286333204829,0.318091159263824,0.43909914201588945
3,MRP2.1,18,0.31353739972844324,0.2575087225347341,0.3696754622964467
3,MRP2.1,19,0.29718636970905726,0.23716792616513502,0.3536710523681859
3,MRP2.1,20,0.28852214811394916,0.22218517647310923,0.346041991943307
3,MRP2.1,21,0.3468932474828572,0.29188162417294067,0.4172538359557626
3,MRP2.1,22,0.3539454113036808,0.30189760907745217,0.4153347882131523
3,MRP2.1,23,0.29070309591476495,0.2332919027946948,0.3499233657146983
3,MRP2.1,24,0.3657721665999132,0.3179943702675346,0.4277528314172483
3,MRP2.1,25,0.3361438428280738,0.29036554557395255,0.395997402536394
3,MRP2.1,26,0.33700939954693543,0.2886101851439218,0.3925163942253782
3,MRP2.1,27,0.2919443690061967,0.24051548322197477,0.340605372511094
3,MRP2.1,28,0.343283924807192,0.28359321692284184,0.4022048740536614
3,MRP2.1,29,0.29186491087586064,0.22302054552822817,0.3470639048009185
3,MRP2.1,30,0.28782271691807537,0.22396956195691692,0.34573969803392807
3,MRP2.1,31,0.32866487324733734,0.274964972466347,0.3908131883160457
3,MRP2.1,32,0.3517814925484867,0.29761472647734144,0.41986354530128167
3,MRP2.1,33,0.3270788387586797,0.2765663264838131,0.3952556004824603
3,MRP2.1,34,0.362025960393685,0.3125258228416437,0.4251027713214377
3,MRP2.1,35,0.3385511095817777,0.2890136971568055,0.39293589210832536
3,MRP2.1,36,0.3297224520373787,0.28025586358398696,0.3796432336746377
3,MRP2.1,37,0.3390248244136485,0.28669604388979086,0.39997948658739013
3,MRP2.1,38,0.28487534685998833,0.21814549966729027,0.34428587936882776
3,MRP2.1,39,0.34449146859197394,0.2915243756014428,0.4100398451733392
3,MRP2.1,40,0.31978892190862407,0.257982281362681,0.3785320758165561
3,MRP2.1,41,0.3171274550830217,0.26669728927021796,0.37696109839946407
3,MRP2.1,42,0.32536464496377854,0.2763461143780702,0.3822481000865115
3,MRP2.1,44,0.325484897752134,0.2598813669266959,0.3878993202410516
3,MRP2.1,45,0.33292774788007395,0.2797020803129219,0.3929610224141338
3,MRP2.1,46,0.3136203840393265,0.2509422744443445,0.3815200654589159
3,MRP2.1,47,0.32695055678431867,0.27345242285642357,0.38671556618865666
3,MRP2.1,48,0.36249832042639357,0.3213515449840842,0.40773621331082927
3,MRP2.1,49,0.2978257334621315,0.24667848234515777,0.3442079218578351
3,MRP2.1,50,0.31814366621811574,0.2587326547205633,0.3855227755200156
3,MRP2.1,51,0.3274872055505005,0.2758744598112085,0.3789832064951001
3,MRP2.1,53,0.3169471919897739,0.27179511587939725,0.3612846905005239
3,MRP2.1,54,0.2955377244109564,0.23165567689067196,0.35251655558057043
3,MRP2.1,55,0.3015009797012039,0.2473280489805027,0.36095283030529884
3,MRP2.1,56,0.3121710480553523,0.2529529898518604,0.37942371991177076
4,MRP2.1,01,0.33123465631444177,0.2874723691556325,0.3728520920857082
4,MRP2.1,04,0.31295196962968,0.27475292912703714,0.35236967452387996
4,MRP2.1,05,0.31915278993323526,0.2710792179538334,0.3606488534703108
4,MRP2.1,06,0.34866645777288646,0.3187823381803818,0.3898333861841178
4,MRP2.1,08,0.3024347627195312,0.25747568435288637,0.33616153951480615
4,MRP2.1,09,0.3249604236470577,0.2868789181024143,0.36689438528758167
4,MRP2.1,10,0.3174343005090407,0.2814726863157263,0.35779035416217186
4,MRP2.1,11,0.34225137202421524,0.2990326098095273,0.38158226930236977
4,MRP2.1,12,0.31859737130073434,0.2823737650547207,0.3548355858652807
4,MRP2.1,13,0.3359344585085147,0.296587364113368,0.375026532082935
4,MRP2.1,16,0.2983586532216079,0.25398654091752215,0.3356454663608718
4,MRP2.1,17,0.326311042176739,0.28858183241928764,0.36866257175498485
4,MRP2.1,18,0.317082748758002,0.27568469612903074,0.3596689414553616
4,MRP2.1,19,0.31454615468162045,0.2752124186845647,0.3615025440664062
4,MRP2.1,20,0.29735046495746004,0.24320183305307416,0.3374452762055334
4,MRP2.1,21,0.3229366199704916,0.28079809788244037,0.37113490340880323
4,MRP2.1,22,0.3439185689062515,0.3014254814840393,0.3940836566723597
4,MRP2.1,23,0.2989728606846343,0.2564324984577951,0.3484197860904665
4,MRP2.1,24,0.33128664001184627,0.29036948306019306,0.36775110591077825
4,MRP2.1,25,0.32198514782210425,0.2888816628168052,0.367622741228307
4,MRP2.1,26,0.32545325009611603,0.29057819594187007,0.3662979115813906
4,MRP2.1,27,0.3030068396023705,0.2581171310238453,0.34474562721760066
4,MRP2.1,28,0.32824863549112815,0.27540358741707055,0.36742525672042586
4,MRP2.1,29,0.3326117178800407,0.2939496840506671,0.3845712017188502
4,MRP2.1,30,0.32175093878452965,0.2817420791041871,0.37904603101457524
4,MRP2.1,31,0.3073226916004559,0.25957682022611644,0.3471893812109708
4,MRP2.1,32,0.3225683865548537,0.28678311802416157,0.3641676254669054
4,MRP2.1,33,0.3138269566418815,0.2728910889624868,0.366416326547379
4,MRP2.1,34,0.32375069394008227,0.2838723954352236,0.36069498745295614
4,MRP2.1,35,0.3071231915668694,0.25795116226573844,0.34290724731538896
4,MRP2.1,36,0.3300109687215151,0.2920132625363084,0.3710854441145741
4,MRP2.1,37,0.33138947277070013,0.2920766219412162,0.37547003956062497
4,MRP2.1,38,0.2997246518628131,0.24305019263291602,0.34014731815463534
4,MRP2.1,39,0.3226783513280546,0.28273744236850284,0.3661892502435787
4,MRP2.1,40,0.3292920953215744,0.28984699453342294,0.3691548677039632
4,MRP2.1,41,0.30838520579255235,0.27016251249177764,0.3489164194548859
4,MRP2.1,42,0.32468043849857303,0.2889598358382318,0.3710026127532166
4,MRP2.1,44,0.3252911850684946,0.28684810007479017,0.3750917968056802
4,MRP2.1,45,0.3074773533175101,0.2605741777135545,0.3473879788644736
4,MRP2.1,46,0.3108643860543021,0.2663630786570117,0.3574752119467249
4,MRP2.1,47,0.32100533053421304,0.2780487217224565,0.3636743524140943
4,MRP2.1,48,0.3420776054631645,0.3098933947671791,0.3770112767816749
4,MRP2.1,49,0.3094408102976491,0.26490549203149516,0.3470773854380788
4,MRP2.1,50,0.2934446317741815,0.24844473328504324,0.337474180673851
4,MRP2.1,51,0.3225041091870566,0.28757962907934664,0.36099294905974877
4,MRP2.1,53,0.3167158326063804,0.28164907650480214,0.3563482215879213
4,MRP2.1,54,0.31637726273219585,0.2718088294209796,0.3643527355496236
4,MRP2.1,55,0.3070244021056398,0.2594525516744617,0.3459605166490505
4,MRP2.1,56,0.31201454899177156,0.27135121051452626,0.360666724145756
5,MRP2.1,01,0.31899246639733997,0.2541984802951335,0.386868034222129
5,MRP2.1,04,0.3326096213070398,0.280919862941458,0.3961018036989635
5,MRP2.1,05,0.3085215251428477,0.24015674331702286,0.3761082853325958
5,MRP2.1,06,0.3266634081734514,0.28516777530011717,0.37075233545686503
5,MRP2.1,08,0.30654993527236707,0.2541231413038391,0.36316458924908857
5,MRP2.1,09,0.30754396074246804,0.24545708473385983,0.37434070976241707
5,MRP2.1,10,0.2941691111355878,0.2338923781500037,0.3558725156557683
5,MRP2.1,11,0.30894840422525216,0.23766896876408755,0.37686353886090557
5,MRP2.1,12,0.34211555181384457,0.2925972402799369,0.39728866369947907
5,MRP2.1,13,0.32133608836692074,0.2591313611914095,0.3785852972924049
5,MRP2.1,16,0.29293761927697165,0.2350804515065371,0.35500136610033206
5,MRP2.1,17,0.33042983462144543,0.2771982398291297,0.39446089755893465
5,MRP2.1,18,0.2793072875778483,0.21660562247897816,0.3416283830046326
5,MRP2.1,19,0.283592629268084,0.21444426025263386,0.3433367908446499
5,MRP2.1,20,0.2854984464938205,0.22150877023153578,0.347541508585886
5,MRP2.1,21,0.32908634187479463,0.2657874234095348,0.40191905907490666
5,MRP2.1,22,0.40222709801068074,0.33072150180093224,0.49640435257862897
5,MRP2.1,23,0.30160238901694536,0.2389643266584244,0.37415980852891073
5,MRP2.1,24,0.3562058528062061,0.3009421865202997,0.4162314766095358
5,MRP2.1,25,0.32694273916208,0.27308374251348133,0.3874038592089104
5,MRP2.1,26,0.3623889674314537,0.30314196766647206,0.43048115421088756
5,MRP2.1,27,0.312685643242658,0.25674488788899646,0.37506156167519394
5,MRP2.1,28,0.3570024461713567,0.2924188860799147,0.4347924163668946
5,MRP2.1,29,0.29033699675422897,0.22905658813882127,0.3492489803191476
5,MRP2.1,30,0.28267871365045005,0.22409682315537777,0.3438909060911093
5,MRP2.1,31,0.3071741879308129,0.23950925348035698,0.37997710542854884
5,MRP2.1,32,0.3290745896437313,0.26641830961395135,0.40316457558420377
5,MRP2.1,33,0.3334144417410351,0.26900278800733674,0.41053467849113706
5,MRP2.1,34,0.312276737671677,0.2453621791594151,0.3743102311981543
5,MRP2.1,35,0.34099527460929774,0.2789281734330274,0.40952737440776843
5,MRP2.1,36,0.28597974647860036,0.23037899312821172,0.3427117937004109
5,MRP2.1,37,0.3402236733558218,0.28225549805454864,0.40756538326096836
5,MRP2.1,38,0.31245432111202404,0.2462675839046592,0.3928952234498016
5,MRP2.1,39,0.3615028345565519,0.2926332635719769,0.44637859983368655
5,MRP2.1,40,0.3035514749842183,0.2400647991673932,0.3676007408878399
5,MRP2.1,41,0.32317449174874,0.2647345953244792,0.3908677961608488
5,MRP2.1,42,0.3071252132212739,0.2542924703459603,0.3630153215680069
5,MRP2.1,44,0.3178829782820624,0.259090122413318,0.3930800001731262
5,MRP2.1,45,0.33006670953722594,0.2670971834875086,0.4062768947692191
5,MRP2.1,46,0.27120388489613145,0.1992812788706143,0.34448815353992995
5,MRP2.1,47,0.3192976595873145,0.2564420703232786,0.38671570037738384
5,MRP2.1,48,0.338981855331282,0.29293142582729637,0.3871279111747984
5,MRP2.1,49,0.24713683929195587,0.19326993603611275,0.30600187828073266
5,MRP2.1,50,0.29323340523082375,0.23066112568563993,0.3599735365003667
5,MRP2.1,51,0.27788288312228304,0.21747199996169653,0.3335649074894356
5,MRP2.1,53,0.2866138217828148,0.23647164083184558,0.3337576353485002
5,MRP2.1,54,0.30536946758055694,0.24183468669491193,0.3746737867279333
5,MRP2.1,55,0.2763592254464457,0.21367196785322745,0.3342262012359032
5,MRP2.1,56,0.31770206785401517,0.25275260335384603,0.39741496537588744
6,MRP2.1,01,0.2926809634229309,0.21943984383146903,0.358509483196652
6,MRP2.1,04,0.31385011749317565,0.2568898916264959,0.3734656515723154
6,MRP2.1,05,0.32490736091494865,0.2573634224186168,0.3940098317204941
6,MRP2.1,06,0.35071855791083995,0.30930427410797384,0.3923410745835202
6,MRP2.1,08,0.3097655255398896,0.2519803036629551,0.3684619629505034
6,MRP2.1,09,0.35131827087744816,0.2876240955049555,0.4187413164946719
6,MRP2.1,10,0.3443586192834738,0.28774376184477063,0.40716376441600244
6,MRP2.1,11,0.31416600452979715,0.24377660536072576,0.3776795457073464
6,MRP2.1,12,0.34353253982650245,0.2952666988003542,0.39490859848640514
6,MRP2.1,13,0.34687144943052634,0.29180176205466113,0.4068013801978756
6,MRP2.1,16,0.3065187329222664,0.24779142487488826,0.3673238668966583
6,MRP2.1,17,0.34950954127185646,0.2916622488497216,0.41307025677965237
6,MRP2.1,18,0.33510918203750656,0.27150708644608174,0.406083653203897
6,MRP2.1,19,0.2984679466632819,0.23772007216362004,0.36704707199176945
6,MRP2.1,20,0.294730334178016,0.22496577775202695,0.3603012412181893
6,MRP2.1,21,0.3536266219296182,0.2864095796158696,0.429033171978317
6,MRP2.1,22,0.4007501369102375,0.32873609934988346,0.4876908948546508
6,MRP2.1,23,0.35576294879054926,0.2888544760655936,0.43357744694882167
6,MRP2.1,24,0.318829393765846,0.2621512934213815,0.3769130324327937
6,MRP2.1,25,0.3350372586622115,0.27833335583496993,0.3988556707967706
6,MRP2.1,26,0.3765118701045272,0.3146239567738336,0.4442151987606324
6,MRP2.1,27,0.3349919217382787,0.2749973056855386,0.40181716930390976
6,MRP2.1,28,0.3437184032556118,0.2786345174077806,0.4055548853837818
6,MRP2.1,29,0.34050687166109866,0.27798612713406756,0.4144206760496981
6,MRP2.1,30,0.3276626353389246,0.26450419295843786,0.40813843652929277
6,MRP2.1,31,0.2762311369690535,0.20612320652236393,0.3456484141477129
6,MRP2.1,32,0.371585203886232,0.30830547394662333,0.4444473888576393
6,MRP2.1,33,0.2945535581261148,0.23595499652559712,0.3537110936504635
6,MRP2.1,34,0.34887571383553423,0.28511579943684257,0.4132873815821541
6,MRP2.1,35,0.3753311332882311,0.31911672691041293,0.44324496291622323
6,MRP2.1,36,0.3761890396626208,0.31742913652209065,0.4361531377265859
6,MRP2.1,37,0.36431517506092564,0.3080929830310734,0.42580908426434094
6,MRP2.1,38,0.3164145073201398,0.24906416905534162,0.38182393813125237
6,MRP2.1,39,0.3251814428773609,0.26312411174223455,0.3873830934326505
6,MRP2.1,40,0.36150180209801763,0.2984600140506011,0.4334322271066328
6,MRP2.1,41,0.345022390209052,0.2836893713771018,0.41507293845426385
6,MRP2.1,42,0.33765228813521714,0.28359738595356565,0.4004483458513031
6,MRP2.1,44,0.3121797251244356,0.24885363346079775,0.3775340319954602
6,MRP2.1,45,0.34023799703803215,0.2806709776093342,0.40685914812730245
6,MRP2.1,46,0.2826641919079211,0.21410574507819158,0.35061936172979924
6,MRP2.1,47,0.2968794307850975,0.22810204653490637,0.3603062570245197
6,MRP2.1,48,0.32605078238620083,0.2734068465602827,0.37294953869172415
6,MRP2.1,49,0.308244910631438,0.2551693919140194,0.3679788565457793
6,MRP2.1,50,0.2985269233810264,0.23594025640896246,0.3608854265076972
6,MRP2.1,51,0.27980672394501444,0.22366591001389888,0.3393853599581448
6,MRP2.1,53,0.3495604031500307,0.2989685915498358,0.4046359320004092
6,MRP2.1,54,0.32619609644559755,0.25676105777977,0.4013958217750712
6,MRP2.1,55,0.32183789941019286,0.2604999797665475,0.38800626412649203
6,MRP2.1,56,0.30956698958474105,0.23736966561676312,0.3838833173829337
7,MRP2.1,01,0.3343026432882844,0.26406638629914847,0.4119709313219428
7,MRP2.1,04,0.31178218651698036,0.25682744490644244,0.37128159564176527
7,MRP2.1,05,0.2793202964925626,0.20037929960024012,0.3563758433015222
7,MRP2.1,06,0.38766446664814225,0.3400759773103847,0.4361279333005485
7,MRP2.1,08,0.25578277681376554,0.20189724107359233,0.31393776744753915
7,MRP2.1,09,0.39226162356421795,0.32118927345689574,0.4713233066677529
7,MRP2.1,10,0.2864474518494875,0.22116367386683125,0.34935660540255153
7,MRP2.1,11,0.28081836714125163,0.20781361232944942,0.35236061908010335
7,MRP2.1,12,0.3543795797362952,0.3051455063933819,0.40907693475007967
7,MRP2.1,13,0.31289106493600594,0.2536309646938324,0.37423641178118494
7,MRP2.1,16,0.2548676682010846,0.19237154227423964,0.31921856209371297
7,MRP2.1,17,0.3210620544375465,0.26151588584725916,0.38615169071212563
7,MRP2.1,18,0.28844135960830314,0.22137047461690582,0.3690923094696389
7,MRP2.1,19,0.3065004336993159,0.24473698139360855,0.3788226499282831
7,MRP2.1,20,0.3008855290440407,0.22745936388459698,0.38680633286219473
7,MRP2.1,21,0.29983097266052833,0.22590611354137702,0.3781927856977919
7,MRP2.1,22,0.38394814716411735,0.30463248256529163,0.4694762510653741
7,MRP2.1,23,0.25433203135500965,0.18445885882063998,0.33432707234231746
7,MRP2.1,24,0.3544218751001672,0.2903979580842262,0.42097028053867436
7,MRP2.1,25,0.3550393644312766,0.2973616790982076,0.42061357691724294
7,MRP2.1,26,0.4225552247880341,0.35392404874110256,0.4932692302847983
7,MRP2.1,27,0.334030419374349,0.26266097182448545,0.41120858070146504
7,MRP2.1,28,0.3474404901470995,0.2791454576835923,0.42756319738465437
7,MRP2.1,29,0.27325386364406745,0.2036664568457313,0.3517590493026599
7,MRP2.1,30,0.2849256340046854,0.2166171477849691,0.35457834359154733
7,MRP2.1,31,0.3080928447315472,0.23650843034423835,0.39441466202282893
7,MRP2.1,32,0.31145807206941717,0.24922764222655844,0.3729481149510067
7,MRP2.1,33,0.33147834411531285,0.2554691747794111,0.4157664967815726
7,MRP2.1,34,0.3539450979025463,0.2881607204767203,0.43199073066734073
7,MRP2.1,35,0.3416651561408879,0.27913759198132937,0.41234854193369974
7,MRP2.1,36,0.32606502129379006,0.2651605844727013,0.39966556540858533
7,MRP2.1,37,0.35305696032575296,0.28863895607992374,0.42018422454214877
7,MRP2.1,38,0.3129931926736356,0.24157400591000153,0.3924891508271545
7,MRP2.1,39,0.2630210564818539,0.19903216652182518,0.33138504299069105
7,MRP2.1,40,0.25461069214375504,0.19123924032317202,0.32431583809833125
7,MRP2.1,41,0.3032874691426241,0.244436304107904,0.36843758340174243
7,MRP2.1,42,0.3382139391129395,0.278704455398251,0.4015393565646466
7,MRP2.1,44,0.3709419781982244,0.28312661702600816,0.46178263741360376
7,MRP2.1,45,0.28896621220943774,0.22417846366726324,0.3570491717562641
7,MRP2.1,46,0.29896954327059444,0.22602773035923118,0.39182308859318726
7,MRP2.1,47,0.35107429569086995,0.2839581789973317,0.42186621190405943
7,MRP2.1,48,0.34062038618065327,0.2926637231691076,0.3896373947573386
7,MRP2.1,49,0.2870904596416344,0.22831603622128968,0.3470466259472858
7,MRP2.1,50,0.34029186977252396,0.26821592195576954,0.4216500251809816
7,MRP2.1,51,0.2991688491062499,0.23804343082166363,0.36027979465727555
7,MRP2.1,53,0.30614977119887643,0.2533492592614118,0.36088192409533515
7,MRP2.1,54,0.35645472941346623,0.2783236273463448,0.4516337973246022
7,MRP2.1,55,0.3446873534695991,0.26912700896370984,0.42286230752921283
7,MRP2.1,56,0.28709798415716353,0.20679917814130183,0.3717242915504012
8,MRP2.1,01,0.33112669360125657,0.26515875341708123,0.4041259099536413
8,MRP2.1,04,0.25391820572253077,0.19597508466753064,0.31121437813128805
8,MRP2.1,05,0.2799233032793778,0.20887387871233998,0.3542404723760786
8,MRP2.1,06,0.3418221798865483,0.3002115646083227,0.3850504783101077
8,MRP2.1,08,0.2877639606824299,0.2276979193956967,0.3512239886634827
8,MRP2.1,09,0.30350552801113634,0.22999756046278494,0.3741351140040522
8,MRP2.1,10,0.30219017765138506,0.2448401870166329,0.36653921007069346
8,MRP2.1,11,0.35918405206708104,0.29408158406818524,0.43115374830408165
8,MRP2.1,12,0.3340708033288367,0.2832540691552622,0.39496777350794515
8,MRP2.1,13,0.3255535524972138,0.26776331661070896,0.3870619893833925
8,MRP2.1,16,0.260494026284804,0.1974441545609232,0.3222190353984188
8,MRP2.1,17,0.3471826252017863,0.28593604412968865,0.4182086775018815
8,MRP2.1,18,0.3216670254059988,0.25341087129655976,0.39207304377675356
8,MRP2.1,19,0.30944191211348154,0.2366756701265437,0.3924952661735083
8,MRP2.1,20,0.28044776165392105,0.21537467868375473,0.35302739811017264
8,MRP2.1,21,0.3402618531304426,0.2737650897208047,0.4249762640587051
8,MRP2.1,22,0.38259094954445155,0.3063682747994197,0.4701185029483705
8,MRP2.1,23,0.30393116265554243,0.23914798860320166,0.37406692869500874
8,MRP2.1,24,0.3239631593949645,0.26534844470928226,0.3824969548402559
8,MRP2.1,25,0.3528888513521954,0.2920620409702977,0.4132249661305674
8,MRP2.1,26,0.3553617042318495,0.2954187148592502,0.4237949548442246
8,MRP2.1,27,0.2944225052595485,0.23182644566597915,0.3603163959016449
8,MRP2.1,28,0.37793950992097036,0.3053688387783881,0.4634068399827559
8,MRP2.1,29,0.3166248392454363,0.2501513956299036,0.39023223598136486
8,MRP2.1,30,0.30581703224598733,0.24433789445911896,0.37878655669003347
8,MRP2.1,31,0.24691692543595242,0.1788279216408262,0.3172326725725688
8,MRP2.1,32,0.32007186667255744,0.26250991719995287,0.38707852457776076
8,MRP2.1,33,0.2647434062512258,0.20143768363159603,0.33102371171844824
8,MRP2.1,34,0.3044843264964211,0.247771729933667,0.36178968762233527
8,MRP2.1,35,0.32348217284983277,0.2602121033827693,0.3838680602914862
8,MRP2.1,36,0.3702708171278677,0.30841161376356135,0.4390570211220866
8,MRP2.1,37,0.2954275991051264,0.23339051245290993,0.3552538414057144
8,MRP2.1,38,0.30701803586448395,0.22985921860592157,0.3928164337553586
8,MRP2.1,39,0.34570953065586174,0.2776044189742779,0.41656919799150993
8,MRP2.1,40,0.275164424017229,0.2094917427980026,0.3436492188478298
8,MRP2.1,41,0.26379897490057963,0.2068498672533523,0.3271090419128626
8,MRP2.1,42,0.32946339716998607,0.27614011743427075,0.3910493684077912
8,MRP2.1,44,0.29161633571019724,0.2278937693772464,0.36581471401787813
8,MRP2.1,45,0.33540724690082285,0.2671953751245365,0.4116599838698245
8,MRP2.1,46,0.31020269929387595,0.2302456916399451,0.40347821259499583
8,MRP2.1,47,0.34482443740659213,0.279831675295785,0.42276184523059956
8,MRP2.1,48,0.3278529451729938,0.2805130902546181,0.37749624209986793
8,MRP2.1,49,0.24997666663820012,0.19729884361334304,0.30852271190638514
8,MRP2.1,50,0.347782241187729,0.279503615900568,0.43481221455051633
8,MRP2.1,51,0.2771958279430869,0.22236246069434148,0.33386400824098106
8,MRP2.1,53,0.33718681988993565,0.2842685602600657,0.39582533494544736
8,MRP2.1,54,0.27428795417899254,0.20825152041926703,0.3467608857039403
8,MRP2.1,55,0.2789370937227734,0.21633861430392315,0.3436372724806306
8,MRP2.1,56,0.26465229215955116,0.19203515117284634,0.33718848639328947
9,MRP2.1,01,0.3247856640558637,0.26123653155333165,0.39061606303268703
9,MRP2.1,04,0.32208783679201863,0.2700241515439023,0.3797672776725404
9,MRP2.1,05,0.32331135981090303,0.26248866273041,0.39047808339924633
9,MRP2.1,06,0.37574458700187163,0.3369639190866125,0.42239586296081966
9,MRP2.1,08,0.28964193328120175,0.22887735807712706,0.34907950750239003
9,MRP2.1,09,0.34125310118098046,0.2814572124463083,0.41195698440158274
9,MRP2.1,10,0.31885453530399926,0.26250061752216475,0.3759675715306267
9,MRP2.1,11,0.32537997831412996,0.26726155262743395,0.38242913075647933
9,MRP2.1,12,0.3431560029025872,0.30012171760114786,0.39147994449419715
9,MRP2.1,13,0.3233290256022784,0.27207613701075295,0.3733377214807521
9,MRP2.1,16,0.29304997630048196,0.23201538906097532,0.34915659145532235
9,MRP2.1,17,0.34890048221781117,0.2949397048809898,0.4122131550952497
9,MRP2.1,18,0.31491101960706613,0.2525772391918438,0.3816228582505754
9,MRP2.1,19,0.3158656736753821,0.25581827769923066,0.3769159727407192
9,MRP2.1,20,0.32828392224143477,0.2675877317514098,0.39438235949426503
9,MRP2.1,21,0.3372312378207186,0.28088843966823696,0.40769950353269274
9,MRP2.1,22,0.3472423507872261,0.28552966540797897,0.41855526711869245
9,MRP2.1,23,0.26604998146071096,0.20211029864706448,0.3281447328523682
9,MRP2.1,24,0.31291418660415127,0.2561539793154215,0.3719201420014736
9,MRP2.1,25,0.34733097856893363,0.29161227604178863,0.4054017357380062
9,MRP2.1,26,0.35595301308773336,0.3034511583412498,0.4165421708028772
9,MRP2.1,27,0.3438928530031522,0.2821870757572552,0.4086188206021972
9,MRP2.1,28,0.331597698320373,0.27098533875552716,0.39107339433417954
9,MRP2.1,29,0.3067608578320601,0.2468849606938473,0.37052134566906136
9,MRP2.1,30,0.2922469879877481,0.2262572232260189,0.3618572882509824
9,MRP2.1,31,0.2962493217275617,0.23670643268253888,0.3557255610508019
9,MRP2.1,32,0.32421622434347286,0.2735184577428902,0.37730548200046043
9,MRP2.1,33,0.33698571817213924,0.2759215727907145,0.4074235736415361
9,MRP2.1,34,0.3492853718007123,0.2937461233895881,0.40815176554154836
9,MRP2.1,35,0.31527756567993753,0.25510271672113016,0.3699535936323823
9,MRP2.1,36,0.3523444531752646,0.30260785499880954,0.4142551444632557
9,MRP2.1,37,0.3234630431917451,0.2672374652823208,0.3820093185308401
9,MRP2.1,38,0.2814034361574165,0.21492261692883347,0.34385301317606226
9,MRP2.1,39,0.3021845513482465,0.2447322350416519,0.3618567757031904
9,MRP2.1,40,0.3084451095887361,0.245965136734984,0.37067543161714533
9,MRP2.1,41,0.3368393137658105,0.28158016813385833,0.4020967932584206
9,MRP2.1,42,0.3483056058214106,0.2924787901387094,0.4095164459037581
9,MRP2.1,44,0.34634080686041785,0.2847109065222249,0.42239295625600387
9,MRP2.1,45,0.3364632893617381,0.27815165968092753,0.4007394513560289
9,MRP2.1,46,0.3058310496591452,0.23851920054378128,0.38011950566493563
9,MRP2.1,47,0.3225100422634611,0.26284399713743306,0.3878605030959062
9,MRP2.1,48,0.32478857288944935,0.27797568703951686,0.3702429688970193
9,MRP2.1,49,0.27551908927295005,0.22036760056155333,0.33129112334010435
9,MRP2.1,50,0.31338711476967823,0.2546647146829469,0.3803944117545691
9,MRP2.1,51,0.3025121112940135,0.24689584292017025,0.358158484967712
9,MRP2.1,53,0.31584302065334247,0.2704296080532189,0.3646947879212148
9,MRP2.1,54,0.2528712099240718,0.1899566192745246,0.3205049908748566
9,MRP2.1,55,0.2882806061393949,0.22454947185783897,0.35091450963015813
9,MRP2.1,56,0.324020736163169,0.2632653570352895,0.3996918651316165
10,MRP2.1,01,0.30855030514356663,0.24506334833390583,0.3753059601849288
10,MRP2.1,04,0.2795081317545589,0.22380722849548193,0.3339856756643015
10,MRP2.1,05,0.31560792713314123,0.25491712818811374,0.3860856802211486
10,MRP2.1,06,0.3783494891654063,0.3346104024012867,0.4283135728960431
10,MRP2.1,08,0.30569315905853917,0.24699434835867634,0.37090809383545736
10,MRP2.1,09,0.33525267852153734,0.2704626290170746,0.40546466483974314
10,MRP2.1,10,0.37035268474590194,0.3025010948292371,0.44967888166935516
10,MRP2.1,11,0.2994299312765366,0.23125859883158661,0.36557074998303674
10,MRP2.1,12,0.34638243645318867,0.2949608543757451,0.4059284414414831
10,MRP2.1,13,0.3001910053952709,0.23947659761527654,0.3597563326610396
10,MRP2.1,16,0.2912630255306275,0.225437076487997,0.3525143156672924
10,MRP2.1,17,0.29259653877287906,0.23080250993791823,0.35265406900886415
10,MRP2.1,18,0.3197758096681316,0.25170697528688796,0.3942121332252297
10,MRP2.1,19,0.32056765640811824,0.25386186043392145,0.3959923100796915
10,MRP2.1,20,0.27872171469187634,0.20916875455968856,0.354206142889765
10,MRP2.1,21,0.32724012807405967,0.25684811620005643,0.4005034176605078
10,MRP2.1,22,0.3469269781483799,0.27842787921895373,0.42593004206727647
10,MRP2.1,23,0.301121531867208,0.2350024421314247,0.3742483712908332
10,MRP2.1,24,0.28455191331020935,0.22720344474010667,0.34384532054470485
10,MRP2.1,25,0.376786338331235,0.31416343513708483,0.44157818808270866
10,MRP2.1,26,0.3513275485353422,0.29870561646416566,0.4122929572153034
10,MRP2.1,27,0.3247334141555086,0.26020587183297517,0.39401553474509865
10,MRP2.1,28,0.3047152984178794,0.2301368365238992,0.376122025195628
10,MRP2.1,29,0.3224884819518058,0.2543230456205665,0.40070811615426116
10,MRP2.1,30,0.29210747423191885,0.2289776966172189,0.3560453318812801
10,MRP2.1,31,0.33417353828722995,0.26864705908532893,0.4099865494385822
10,MRP2.1,32,0.3654142473819023,0.30097191213437263,0.44221115427932073
10,MRP2.1,33,0.3046144558697235,0.2400583035955848,0.3749195094193902
10,MRP2.1,34,0.3202445875692908,0.26124404025341297,0.38274433997717233
10,MRP2.1,35,0.29547620009450676,0.22411933005502901,0.3641389626804223
10,MRP2.1,36,0.35192329488840285,0.29609771253399747,0.41481241167992633
10,MRP2.1,37,0.340293467268406,0.2786718186799927,0.40279184659120443
10,MRP2.1,38,0.31379234593371236,0.24152161964165506,0.39073791907897515
10,MRP2.1,39,0.3065484284174357,0.2388585601060494,0.37034659652180296
10,MRP2.1,40,0.29240281891332787,0.22136685682366553,0.3632631726530557
10,MRP2.1,41,0.32954962660027465,0.2728697179214013,0.3940037946986184
10,MRP2.1,42,0.3004911656451805,0.24768941694813765,0.3604508708226798
10,MRP2.1,44,0.33155504718530554,0.2663271470881635,0.4044867274784242
10,MRP2.1,45,0.2966548939623232,0.23812221578461168,0.3602133829028829
10,MRP2.1,46,0.35714679703139096,0.2803123433642806,0.45028270983810137
10,MRP2.1,47,0.2904699492519538,0.22581905953504872,0.35586190732823303
10,MRP2.1,48,0.3605369299535295,0.312487453471869,0.4142351040397202
10,MRP2.1,49,0.27127707351311575,0.21385782681574436,0.32853579978339786
10,MRP2.1,50,0.30093762886915554,0.2343144270816906,0.37240283022265896
10,MRP2.1,51,0.31137724153645113,0.2540513509852247,0.36469170891526737
10,MRP2.1,53,0.29759532962762236,0.2485985701071117,0.34495996039683674
10,MRP2.1,54,0.29484139507795953,0.22843228692752454,0.36389242136588307
10,MRP2.1,55,0.343460944670766,0.2805130948375229,0.4147686140351167
10,MRP2.1,56,0.27458395233628213,0.20972571275303445,0.34010511293661233
11,MRP2.1,01,0.3206796039367229,0.25262805562118434,0.38536712724971267
11,MRP2.1,04,0.293565973076915,0.2364963987430098,0.348898015542543
11,MRP2.1,05,0.32707503092891393,0.26431779043143205,0.3917456574573819
11,MRP2.1,06,0.3480431789398895,0.3016455953568986,0.38775208385013793
11,MRP2.1,08,0.31997944731361233,0.26463093754495626,0.3788120898433531
11,MRP2.1,09,0.3408466654314202,0.27874961531345976,0.4091898187747058
11,MRP2.1,10,0.30939473963503683,0.25249241717469995,0.3689916472989716
11,MRP2.1,11,0.3166536768002022,0.24979881248849384,0.3767434592755507
11,MRP2.1,12,0.3477958530080961,0.2963315527634295,0.4006403073661734
11,MRP2.1,13,0.32781487193202236,0.279827832747994,0.3784889409228979
11,MRP2.1,16,0.30222629737795403,0.236738788035784,0.3601887499745939
11,MRP2.1,17,0.33619269270483115,0.27986703678349883,0.3976709005897138
11,MRP2.1,18,0.3078394143020256,0.24550353796122698,0.3746095770649245
11,MRP2.1,19,0.28539425975538896,0.2196901702872379,0.3478714670889542
11,MRP2.1,20,0.3371806624372291,0.27366928793774165,0.41392185831187844
11,MRP2.1,21,0.34155355950363225,0.27688302168834045,0.4170006997096595
11,MRP2.1,22,0.36680616004802297,0.30524134799180686,0.43749311515375533
11,MRP2.1,23,0.3186067548829828,0.24969595920853122,0.3893230326445081
11,MRP2.1,24,0.30592266576384397,0.24677571063600426,0.35824465491856294
11,MRP2.1,25,0.3326803942219471,0.27591638650466155,0.3961616634929008
11,MRP2.1,26,0.3923703350502511,0.33257246340002883,0.4648536750765886
11,MRP2.1,27,0.2899237554518724,0.22279378580385703,0.3525025894408173
11,MRP2.1,28,0.36043906043032736,0.29398080751674216,0.4349432270463683
11,MRP2.1,29,0.3674732779327704,0.3089111995046357,0.435489038995838
11,MRP2.1,30,0.29229153087448434,0.23385106332354894,0.35419815892671785
11,MRP2.1,31,0.30880667432204983,0.2441767898631623,0.37141037583431674
11,MRP2.1,32,0.3636339134543674,0.3070326877911111,0.4317495371159769
11,MRP2.1,33,0.29953655369726073,0.24527997634005985,0.3606477039694648
11,MRP2.1,34,0.32739131776241587,0.2676904174753391,0.38939972503841136
11,MRP2.1,35,0.35332572699607057,0.2918957364674038,0.4178024203678034
11,MRP2.1,36,0.3125279205231284,0.2562164618843588,0.3681367393908889
11,MRP2.1,37,0.30178013179527036,0.23868734000744915,0.3583162444535904
11,MRP2.1,38,0.3028253639276926,0.23791014317067213,0.3700328242340007
11,MRP2.1,39,0.31848601138976806,0.2559505459686065,0.37939660326367175
11,MRP2.1,40,0.3207734005350681,0.26018834683015557,0.3766876095731176
11,MRP2.1,41,0.29154101512701297,0.2317642700874981,0.35763414370666496
11,MRP2.1,42,0.3857656252185941,0.32657805616656765,0.4582487251296421
11,MRP2.1,44,0.3463817546552437,0.2802505883822919,0.42306814738157283
11,MRP2.1,45,0.34421810862365987,0.282508035771769,0.4150015064806129
11,MRP2.1,46,0.33536861331680784,0.26825894543915735,0.4128306072709804
11,MRP2.1,47,0.3457417333630716,0.28133238396947774,0.40913404764816746
11,MRP2.1,48,0.348899111330006,0.30050636796925306,0.40114319703579354
11,MRP2.1,49,0.29902122762187067,0.2391846771039166,0.35547528727315253
11,MRP2.1,50,0.33257602466786185,0.27257827567113163,0.39886580181524517
11,MRP2.1,51,0.2903389474744435,0.22994998875166922,0.3452601774885561
11,MRP2.1,53,0.3089972708783138,0.25905083170372534,0.3578823864508183
11,MRP2.1,54,0.3215596293851634,0.2577486065076747,0.39175501628592296
11,MRP2.1,55,0.31688565530367613,0.2601737359788168,0.3779011951173292
11,MRP2.1,56,0.327034874385481,0.2600942362620136,0.4051311956126073
12,MRP2.1,01,0.3558459967299697,0.28819621434036,0.431909788044041
12,MRP2.1,04,0.28408991786661425,0.23041175945577047,0.33595570498629507
12,MRP2.1,05,0.3027101813565199,0.23279673931789735,0.36955397690875547
12,MRP2.1,06,0.34843164443850294,0.3079720829629202,0.39061352762212403
12,MRP2.1,08,0.2714547581493117,0.21216307445782756,0.3281497859753352
12,MRP2.1,09,0.3498887411990557,0.28984364778456756,0.428152981594042
12,MRP2.1,10,0.31989890253421377,0.2640562889385993,0.3758579598740588
12,MRP2.1,11,0.33180512155907105,0.26433013416078416,0.3965113850722358
12,MRP2.1,12,0.3405859493129785,0.2941841986275606,0.3935922398813045
12,MRP2.1,13,0.3672265121666113,0.31362598534884994,0.43141767030068806
12,MRP2.1,16,0.34001039468118777,0.2801604281864784,0.4036219075840316
12,MRP2.1,17,0.3231214466173373,0.267721310594276,0.37885309233614095
12,MRP2.1,18,0.2981743283259102,0.23554099867121953,0.3608264585970644
12,MRP2.1,19,0.3112958352444553,0.24947216402084912,0.37507043309753874
12,MRP2.1,20,0.2983382827268317,0.2301796851672536,0.3681316418289762
12,MRP2.1,21,0.3247814322541033,0.26205395193780956,0.3889623087039631
12,MRP2.1,22,0.3540241200130946,0.28438854481940906,0.42858673014844645
12,MRP2.1,23,0.2985353931396023,0.23227015284867636,0.3660718832511367
12,MRP2.1,24,0.304051715810917,0.23799294169250906,0.3605436402046529
12,MRP2.1,25,0.3316284214315636,0.27689210241883816,0.3916465780626384
12,MRP2.1,26,0.32864208085015506,0.2713972796837674,0.3871953347721981
12,MRP2.1,27,0.3303190332943384,0.26625209812619843,0.3961152864949673
12,MRP2.1,28,0.3792841486952454,0.3154770530914481,0.4583562679269285
12,MRP2.1,29,0.288731616745466,0.21868401433697288,0.35589507174914425
12,MRP2.1,30,0.25801287297327796,0.19165839257550762,0.3170394222545477
12,MRP2.1,31,0.331163918215452,0.2752348264283328,0.3921648770631639
12,MRP2.1,32,0.33501662154641276,0.27481778453492384,0.40374545357173025
12,MRP2.1,33,0.3254503998487951,0.264447276779356,0.3945895407469136
12,MRP2.1,34,0.36413021090945014,0.30484344844065303,0.43299028632993813
12,MRP2.1,35,0.34248983760898,0.28650953765385617,0.40550853571143125
12,MRP2.1,36,0.393921359868244,0.32946044231186117,0.4671830554781078
12,MRP2.1,37,0.31443194609232844,0.2531372028851787,0.3723346806272701
12,MRP2.1,38,0.32929622192296515,0.2587167893275374,0.4151817714862367
12,MRP2.1,39,0.3313055945857729,0.2691547878528847,0.3945149683725821
12,MRP2.1,40,0.30562180979996234,0.24101601597915365,0.36389033222673123
12,MRP2.1,41,0.31083816839036454,0.2554104604808247,0.3696346250333771
12,MRP2.1,42,0.29881844661366613,0.24299309141258513,0.35529592072861127
12,MRP2.1,44,0.3603470562957963,0.2989417277147912,0.44035856311348587
12,MRP2.1,45,0.340235709844647,0.2820096766826272,0.4050337452185103
12,MRP2.1,46,0.28790902493480164,0.2204384885878579,0.35747962408575124
12,MRP2.1,47,0.3439317590054768,0.2824164708984048,0.41681862632886413
12,MRP2.1,48,0.3450216359620146,0.29727800107799063,0.3928388848789732
12,MRP2.1,49,0.2822593296308674,0.22648403149499607,0.33446236118441874
12,MRP2.1,50,0.3224821416413517,0.25747013790453205,0.3999767772556681
12,MRP2.1,51,0.3125857498982683,0.2657047316626723,0.3630358489528691
12,MRP2.1,53,0.30392475930732743,0.25266183213264115,0.35066527864684305
12,MRP2.1,54,0.29019782868504,0.2235821768870199,0.3507804525312573
12,MRP2.1,55,0.2848333182861293,0.22621348036168853,0.34441685312383513
12,MRP2.1,56,0.2951753677441267,0.2364991406047769,0.3648388696684957
13,MRP2.1,01,0.3312264601950317,0.2619653527995197,0.413611295102309
13,MRP2.1,04,0.35280250300730415,0.2957119459444201,0.41558247447409874
13,MRP2.1,05,0.270660149882142,0.20417192907534168,0.33952103834952535
13,MRP2.1,06,0.3316299844321879,0.2914755048120878,0.37425566066722304
13,MRP2.1,08,0.28934897810182447,0.2312295394359926,0.35554772666494694
13,MRP2.1,09,0.32435298360244763,0.25270207211840195,0.40406435429842325
13,MRP2.1,10,0.28303710262151083,0.21977981522838352,0.34573374231204784
13,MRP2.1,11,0.3103483535037532,0.25121183588189944,0.37730219476683324
13,MRP2.1,12,0.32348072751028695,0.2750740511197304,0.37557807571316193
13,MRP2.1,13,0.33551414140225305,0.28285512353184894,0.39683612693113784
13,MRP2.1,16,0.2652431799127978,0.20468733038925938,0.3255579952960443
13,MRP2.1,17,0.3706376201566528,0.30567163691048765,0.44053987849248816
13,MRP2.1,18,0.3264056482319821,0.25784962870876127,0.4076801331150587
13,MRP2.1,19,0.2543794319107415,0.1818051897434099,0.3250650997431349
13,MRP2.1,20,0.2377860059466479,0.17280037506074114,0.30421163767828285
13,MRP2.1,21,0.31038734745395075,0.24708303818566074,0.3791464211988085
13,MRP2.1,22,0.3276320038025113,0.25672889443996955,0.4003713390676324
13,MRP2.1,23,0.32375222407135607,0.2564955317589362,0.404424669812225
13,MRP2.1,24,0.2889916589849014,0.22631100102087617,0.3488255147014641
13,MRP2.1,25,0.3070286080902865,0.24594421841544,0.3699668199737862
13,MRP2.1,26,0.36517758542453216,0.3005206704904254,0.43722484665562344
13,MRP2.1,27,0.31669343217613377,0.254225153205488,0.3885198890100597
13,MRP2.1,28,0.3178796114408249,0.2506073115435793,0.3899079924782259
13,MRP2.1,29,0.2918938520458481,0.23082272888742703,0.35962843987991755
13,MRP2.1,30,0.28699468769351305,0.21878794813748345,0.3591752346556443
13,MRP2.1,31,0.31829721885230056,0.25224167791895397,0.3862299564058874
13,MRP2.1,32,0.33695102604166993,0.27309385500020045,0.4117895827476447
13,MRP2.1,33,0.25823447628988194,0.19945063002877197,0.31915621046560316
13,MRP2.1,34,0.3606397429810554,0.2986891798235098,0.43091028852707874
13,MRP2.1,35,0.2811054653759999,0.21407191705703865,0.3459562896508359
13,MRP2.1,36,0.31581988148400864,0.2581204969770628,0.37572936189257045
13,MRP2.1,37,0.2998146962245647,0.24059148432836774,0.3582826209747223
13,MRP2.1,38,0.33403932965278327,0.2522239663200613,0.4302859490522765
13,MRP2.1,39,0.31067132734465813,0.24688626000703248,0.3815855371866827
13,MRP2.1,40,0.29655536325175913,0.22931328932403347,0.368991004582883
13,MRP2.1,41,0.3262094439481495,0.2664087332294265,0.3882730258359029
13,MRP2.1,42,0.3160493781691267,0.25084018074149117,0.3863755330586592
13,MRP2.1,44,0.33223747088529815,0.266648410279595,0.4116762937377107
13,MRP2.1,45,0.26211737877262675,0.1975678867017854,0.32796290742046824
13,MRP2.1,46,0.2958980168887768,0.22502899342946098,0.3834902844516831
13,MRP2.1,47,0.275785572453474,0.2118626507523659,0.3491946103732339
13,MRP2.1,48,0.3232082903636716,0.2804799374952725,0.36673143938445424
13,MRP2.1,49,0.2866760055509166,0.224485945760377,0.3461538829268544
13,MRP2.1,50,0.27524880460158535,0.21071928597857165,0.34840245806542613
13,MRP2.1,51,0.2710151335447135,0.21955950335460994,0.32678072191678526
13,MRP2.1,53,0.34580752416858906,0.2912558834992118,0.39982071028897764
13,MRP2.1,54,0.2495302001440185,0.18312329575844258,0.323179320049247
13,MRP2.1,55,0.26378704173942097,0.20587851323510128,0.32850138700782205
13,MRP2.1,56,0.2653215266723335,0.1956100112213296,0.33735441594796917
14,MRP2.1,01,0.29610994259906076,0.23091890295539663,0.35849807798762406
14,MRP2.1,04,0.2801257566795971,0.2201730314614965,0.3346237418825179
14,MRP2.1,05,0.31676531261507423,0.2542223459193885,0.38369235840652527
14,MRP2.1,06,0.3614561984491687,0.31983486801678684,0.4046127048889175
14,MRP2.1,08,0.2937256963477417,0.24177181635549486,0.34440693360385777
14,MRP2.1,09,0.30410342731596196,0.2401048673045056,0.3698189234803748
14,MRP2.1,10,0.3082817720051117,0.24842886601165806,0.37096849648226615
14,MRP2.1,11,0.29151263212632095,0.2213283094141905,0.3564073624942748
14,MRP2.1,12,0.31091086681590147,0.2609316257133799,0.37072049251140754
14,MRP2.1,13,0.3319760398722969,0.27652097492677535,0.3903654022688961
14,MRP2.1,16,0.3296665304846127,0.2686996975915329,0.3995079160602662
14,MRP2.1,17,0.31177539075621524,0.2565152188347116,0.36624755105008283
14,MRP2.1,18,0.2859388779603361,0.22509962265827463,0.34746247495446553
14,MRP2.1,19,0.33499458840909574,0.27167308455476163,0.4089586437983665
14,MRP2.1,20,0.29580747895269205,0.2275525786420247,0.3575800800687462
14,MRP2.1,21,0.3292622583027941,0.2599855181133818,0.40952593768746387
14,MRP2.1,22,0.36724210832633714,0.29748666825667125,0.4483111297859362
14,MRP2.1,23,0.27688298000416106,0.21720359174940448,0.3460788275757509
14,MRP2.1,24,0.3112677982887337,0.25863789585484187,0.36747799571855283
14,MRP2.1,25,0.32666657994716564,0.2688648289144714,0.3872520652738066
14,MRP2.1,26,0.34165328412763923,0.28448118142520923,0.4028747768526336
14,MRP2.1,27,0.30642455964740795,0.24778890854913693,0.3741076258458551
14,MRP2.1,28,0.30650511448568574,0.23458473803808597,0.3746448658617312
14,MRP2.1,29,0.30010608604132155,0.23923361636952567,0.3620329423152518
14,MRP2.1,30,0.2776405839373637,0.21985411476695846,0.34066615313336307
14,MRP2.1,31,0.2812524893304735,0.21576789848206976,0.3456400732880448
14,MRP2.1,32,0.35464519840289627,0.2882831693997151,0.43027653172030267
14,MRP2.1,33,0.3259955156675402,0.256930707416891,0.40820131357370504
14,MRP2.1,34,0.36868325362963356,0.3050049276082853,0.4424824048804153
14,MRP2.1,35,0.308586969307802,0.2453805172148088,0.37090469603710036
14,MRP2.1,36,0.31726301382344685,0.26301281269408877,0.3788694015215599
14,MRP2.1,37,0.32948934827591475,0.27092759408706996,0.3964658627488594
14,MRP2.1,38,0.3065884228157093,0.23918534563930646,0.3802287907227698
14,MRP2.1,39,0.29544362392149265,0.23273052925535376,0.357660264583178
14,MRP2.1,40,0.32465362661759695,0.2609467788842971,0.3904691593207108
14,MRP2.1,41,0.29008763910082686,0.23506563507404488,0.34635777937635465
14,MRP2.1,42,0.35479900821880284,0.29754236813991086,0.4228966759653183
14,MRP2.1,44,0.34847126144434953,0.2786434528571299,0.42943657913426514
14,MRP2.1,45,0.32857915220770395,0.2647415167384708,0.4001396254361638
14,MRP2.1,46,0.2959396752352036,0.22864212169960346,0.3691601806441546
14,MRP2.1,47,0.34175283248886307,0.27913779801740196,0.4120701147422829
14,MRP2.1,48,0.3113814782872879,0.26556821187264007,0.35609305400110053
14,MRP2.1,49,0.24608236241561912,0.18555736019091376,0.29984602072071365
14,MRP2.1,50,0.35819227538571974,0.28939319578336764,0.43758042870943353
14,MRP2.1,51,0.30578640316467065,0.24635114798855134,0.36362943016445226
14,MRP2.1,53,0.3229397240391585,0.2726659374644418,0.3754059529171508
14,MRP2.1,54,0.2900403873104561,0.2238714456681765,0.3610760666892656
14,MRP2.1,55,0.3163090422785444,0.25061247650756824,0.3867094688953388
14,MRP2.1,56,0.2790731331586302,0.21020183499579492,0.3471108088106938
15,MRP2.1,01,0.30218601283221047,0.2384441083052546,0.3678842449663999
15,MRP2.1,04,0.2667061774611084,0.2112893606795594,0.32036815298777593
15,MRP2.1,05,0.3095905628611563,0.2403960976786953,0.3776986183442928
15,MRP2.1,06,0.34403832232735493,0.29795279376571043,0.38925943370316857
15,MRP2.1,08,0.28778683564874674,0.229559458792016,0.34464984392957015
15,MRP2.1,09,0.33516192250433025,0.2777102651915608,0.4011302781037103
15,MRP2.1,10,0.28939935513432297,0.22475407041939144,0.3553453529126545
15,MRP2.1,11,0.34223531218883474,0.27889049740302574,0.4074318135094997
15,MRP2.1,12,0.362348681688607,0.30860333182923,0.4224950012568306
15,MRP2.1,13,0.34451770259723624,0.2843668740900755,0.406167507110859
15,MRP2.1,16,0.30185365351728155,0.2468872304176034,0.3598055536620042
15,MRP2.1,17,0.3120576442675732,0.25660551026544953,0.3707519261287131
15,MRP2.1,18,0.3303516782630779,0.2717375110278402,0.40149828971619933
15,MRP2.1,19,0.3072548165592301,0.24673995575485735,0.374672066416852
15,MRP2.1,20,0.31515317566346723,0.25196489006945566,0.3812601469877727
15,MRP2.1,21,0.34023612753328414,0.27651606247009036,0.4105864283316616
15,MRP2.1,22,0.34292904434329075,0.2746837434642985,0.42384310333660985
15,MRP2.1,23,0.2850244009261074,0.22438044431553772,0.3526389504059979
15,MRP2.1,24,0.37253044173067745,0.31400173077730453,0.4421384174968027
15,MRP2.1,25,0.31254304513681846,0.2585438774889414,0.3700607340399099
15,MRP2.1,26,0.3533745126299732,0.2937484212404509,0.41909453695380416
15,MRP2.1,27,0.29959079605086963,0.234757778505792,0.36614867612825797
15,MRP2.1,28,0.34924607181525213,0.2809992675903088,0.4197877203911781
15,MRP2.1,29,0.3546104396457289,0.29389616523827294,0.42995097594663945
15,MRP2.1,30,0.29821603948773806,0.2338240582437375,0.36303351722739946
15,MRP2.1,31,0.2895467200265626,0.22197907977154868,0.3532196611927102
15,MRP2.1,32,0.3688142916932573,0.3080371669873785,0.4435683554525972
15,MRP2.1,33,0.26939218983012697,0.2099348926090078,0.3271576649105618
15,MRP2.1,34,0.3278829715181963,0.2703758420680304,0.3829876966272651
15,MRP2.1,35,0.3400733595213786,0.2799405347527767,0.3983392600516003
15,MRP2.1,36,0.35797154598349024,0.30428336376441883,0.41705634839102046
15,MRP2.1,37,0.300143668001663,0.23352916722382064,0.3617888005906144
15,MRP2.1,38,0.3087064089076204,0.2417943386211971,0.37974565591556736
15,MRP2.1,39,0.3213505252696983,0.2629451961715691,0.38525919855175206
15,MRP2.1,40,0.3528116370922154,0.2850509316287452,0.4322873554666593
15,MRP2.1,41,0.33106343901381063,0.2765667857483079,0.3944160850243511
15,MRP2.1,42,0.3256450341177324,0.27166731957456525,0.38476191601993037
15,MRP2.1,44,0.3498613555838765,0.2859441285304172,0.42643649128490063
15,MRP2.1,45,0.3401751354261477,0.28571140504094,0.39763681686444746
15,MRP2.1,46,0.29931600429376887,0.22912368962296945,0.3754495278790242
15,MRP2.1,47,0.3468833980116587,0.277346895189672,0.42516492625067176
15,MRP2.1,48,0.35856924714912475,0.31488472290805425,0.4086952433725015
15,MRP2.1,49,0.26851896185552604,0.207948252118729,0.32212408776851825
15,MRP2.1,50,0.3039852806287968,0.24063429627843405,0.36952089652140424
15,MRP2.1,51,0.27781847176936697,0.2189152900480419,0.3342966356516845
15,MRP2.1,53,0.2765104733113157,0.22370223402064748,0.3258492934714278
15,MRP2.1,54,0.34557814802160824,0.28148391381882903,0.4272682154822689
15,MRP2.1,55,0.2908358628363904,0.23053319732539274,0.3525805219677215
15,MRP2.1,56,0.28716609862582854,0.21382836218807894,0.36265958658569164
16,MRP2.1,01,0.3191111002158054,0.25335147611324765,0.38259686635679296
16,MRP2.1,04,0.30645632735474515,0.25349192188914227,0.35832085993739454
16,MRP2.1,05,0.3013235951733778,0.23698520555140604,0.37077737446197984
16,MRP2.1,06,0.3505168314407628,0.3095096682242229,0.39584943129652655
16,MRP2.1,08,0.2887251396564817,0.22999792653710704,0.34451497894799354
16,MRP2.1,09,0.3274432973920142,0.2703985397918632,0.3941581472145023
16,MRP2.1,10,0.3259942116599694,0.2719348811093565,0.38970912841091576
16,MRP2.1,11,0.29551068084405835,0.21519712318629047,0.3666190992624545
16,MRP2.1,12,0.34000609981995233,0.2952516376696494,0.38929773322314354
16,MRP2.1,13,0.3630359127330205,0.31065437812753216,0.4238903243296119
16,MRP2.1,16,0.2646301709156606,0.20039503031190753,0.3222196260521452
16,MRP2.1,17,0.3356062761891595,0.27878841629163487,0.3989864185713589
16,MRP2.1,18,0.3528976864305303,0.28890915341327145,0.44013237064733335
16,MRP2.1,19,0.29700388042091946,0.23531061570934053,0.36813869536128885
16,MRP2.1,20,0.2996333635749234,0.23266941638628905,0.367395541453382
16,MRP2.1,21,0.32457836702721743,0.26338538323564303,0.39855491692831235
16,MRP2.1,22,0.37661233892097934,0.3165642289842956,0.45599259706080375
16,MRP2.1,23,0.24416806102731564,0.18572238382412576,0.301363890777183
16,MRP2.1,24,0.34134471837123703,0.2796848945116293,0.40347553963964033
16,MRP2.1,25,0.32718578383469726,0.2760733770457079,0.3889249371727171
16,MRP2.1,26,0.33478843035747086,0.28445806156782055,0.39132522729788616
16,MRP2.1,27,0.32125039161798025,0.26689278372490494,0.38671451262757917
16,MRP2.1,28,0.32411784741357086,0.2528008701758723,0.3881354156846887
16,MRP2.1,29,0.3207887336275381,0.26306859885776224,0.3859632350974132
16,MRP2.1,30,0.2925368560425417,0.24119843903858948,0.35492835371476217
16,MRP2.1,31,0.30465351161232934,0.24099536692363815,0.3725801042262449
16,MRP2.1,32,0.32382317673695343,0.2615050169390139,0.3912438505368523
16,MRP2.1,33,0.2829953046879893,0.22148777406369594,0.3449136215450592
16,MRP2.1,34,0.33142487392769493,0.2688594237838802,0.3943836776219879
16,MRP2.1,35,0.3211677418673947,0.2653742061368552,0.3828545152864357
16,MRP2.1,36,0.36640840300679234,0.31138220672582717,0.4356386258558733
16,MRP2.1,37,0.31730841858457065,0.25374875630299276,0.3801546828058996
16,MRP2.1,38,0.3326169533251302,0.2720858842559809,0.4100202677335772
16,MRP2.1,39,0.2919551237388081,0.23262233222860546,0.3513944715459181
16,MRP2.1,40,0.3045270739853922,0.2353045584824624,0.36695821029510123
16,MRP2.1,41,0.3185462875714315,0.2659542232357342,0.38113764033300906
16,MRP2.1,42,0.306027290509113,0.24875183827695163,0.3597617879733691
16,MRP2.1,44,0.27787446076911737,0.21110675641822021,0.3392046029210791
16,MRP2.1,45,0.31771794982015256,0.26157710370112763,0.3797161052649025
16,MRP2.1,46,0.2770526121591199,0.21281037865755897,0.3449637694456519
16,MRP2.1,47,0.2978373259679038,0.23664867631318803,0.3598532215362106
16,MRP2.1,48,0.33529495211463783,0.2926916336333891,0.37937845389471575
16,MRP2.1,49,0.26664048088473147,0.20945665456062895,0.31544475997234983
16,MRP2.1,50,0.31638783110302443,0.25871756377164074,0.39161820520249196
16,MRP2.1,51,0.28565243840916127,0.22606738663887277,0.341896432673149
16,MRP2.1,53,0.29084944749693226,0.24098933355065472,0.33643238123240765
16,MRP2.1,54,0.31394332562975724,0.2548113421171536,0.3830841919827002
16,MRP2.1,55,0.31208950494633486,0.2537545696071825,0.379667636314807
16,MRP2.1,56,0.3062357799162941,0.24043079493543174,0.3917652174204855
17,MRP2.1,01,0.33129350982023964,0.26481265830798684,0.40022725336071513
17,MRP2.1,04,0.31984161630904023,0.2656833680593197,0.37552271089518263
17,MRP2.1,05,0.31411629863026047,0.25036323319340625,0.37574811478859543
17,MRP2.1,06,0.38337918012031547,0.34283345954298583,0.430778860323053
17,MRP2.1,08,0.3184205571231924,0.2550823425518118,0.3850836443277399
17,MRP2.1,09,0.3677925106815278,0.300570528302334,0.45653578481539714
17,MRP2.1,10,0.3479543348150275,0.2923528093096514,0.41432008829487404
17,MRP2.1,11,0.30676604528634843,0.23242088637824318,0.3713227298034689
17,MRP2.1,12,0.311295757787419,0.26305894936737967,0.36204789867832193
17,MRP2.1,13,0.3107163093911675,0.24967236165977508,0.36797206167864344
17,MRP2.1,16,0.3063939707096095,0.2478458817550595,0.36680372463889793
17,MRP2.1,17,0.3335502392575448,0.277687686051772,0.395860609634094
17,MRP2.1,18,0.29066306452619733,0.2278785635613172,0.3479376305764386
17,MRP2.1,19,0.2979028061658989,0.23534169067854482,0.3649868348679751
17,MRP2.1,20,0.28801989749523155,0.22473767331129568,0.3494169225106193
17,MRP2.1,21,0.3196745745109533,0.25694245792174336,0.38203798297029534
17,MRP2.1,22,0.36724265381633187,0.29748556029622253,0.4454327391039803
17,MRP2.1,23,0.33413277863887925,0.27339615611992457,0.40716492326237685
17,MRP2.1,24,0.32781018574497583,0.26295813756002956,0.38806402213957997
17,MRP2.1,25,0.3369323699397184,0.2859235605728763,0.3994908819005029
17,MRP2.1,26,0.38042118431980115,0.31914958446579433,0.4506435517060147
17,MRP2.1,27,0.30225364794697346,0.24436339272580584,0.36386130497164615
17,MRP2.1,28,0.3130554229833153,0.2385723399521753,0.3825811736210054
17,MRP2.1,29,0.3018365454676332,0.23505075717195228,0.3639020577030319
17,MRP2.1,30,0.3102635870721589,0.251593605014532,0.3775099023381855
17,MRP2.1,31,0.30305080493170733,0.2439032241452554,0.3637737783967434
17,MRP2.1,32,0.3552573785555643,0.2950533716861724,0.4251107172088592
17,MRP2.1,33,0.2764162391305456,0.21612364888070476,0.3371288596661507
17,MRP2.1,34,0.34146639985720234,0.27510999026854777,0.40279078698561194
17,MRP2.1,35,0.3018566965752402,0.2359140007119376,0.36193484549011534
17,MRP2.1,36,0.3486337277019695,0.29426093869106723,0.40707007637084547
17,MRP2.1,37,0.2844590383789614,0.2151870030402649,0.3464401610486637
17,MRP2.1,38,0.2973838426476517,0.2274524056003019,0.3698585884679541
17,MRP2.1,39,0.2944683688837472,0.23452070764564692,0.352599985684664
17,MRP2.1,40,0.3173761908817559,0.24782095593151382,0.39030771204741577
17,MRP2.1,41,0.32009740608691484,0.2663957205940054,0.37837561458856084
17,MRP2.1,42,0.360622876442971,0.3060498196773558,0.42386552879702055
17,MRP2.1,44,0.34052984174294276,0.27356708320473677,0.41810586398904254
17,MRP2.1,45,0.32373865374193167,0.26215555462948315,0.38777828283911253
17,MRP2.1,46,0.29208401689270325,0.22557014384317195,0.35889780083274586
17,MRP2.1,47,0.3698247325099252,0.30430969236029964,0.4484395485515126
17,MRP2.1,48,0.3395603739941993,0.2935422171382833,0.38713110147446966
17,MRP2.1,49,0.2987610656810283,0.2386493509884526,0.35310925978186786
17,MRP2.1,50,0.2842627550128409,0.21883568999555514,0.3475046426530299
17,MRP2.1,51,0.3273623560269458,0.2743319784558208,0.3880015132253536
17,MRP2.1,53,0.30585832564237353,0.25252049194460113,0.35566581835641664
17,MRP2.1,54,0.29784761688131506,0.22931500390731066,0.36881399120738095
17,MRP2.1,55,0.31535232747503394,0.25589249088799115,0.3878266291106947
17,MRP2.1,56,0.29129938946944756,0.2313336637243855,0.35165425885329055
18,MRP2.1,01,0.34667060396311283,0.29591754457819536,0.4026463159348885
18,MRP2.1,04,0.31409960472338083,0.26499301079129334,0.35907159649106835
18,MRP2.1,05,0.3122758929791233,0.2518612603733792,0.3640263996906335
18,MRP2.1,06,0.3522959567555195,0.31634871135028503,0.3892768296174061
18,MRP2.1,08,0.31527463251268834,0.26346620286016126,0.36486957674957265
18,MRP2.1,09,0.34248808472988096,0.2901956689664623,0.399268258642547
18,MRP2.1,10,0.3329499574653624,0.28759054737446527,0.38694892251118373
18,MRP2.1,11,0.34739273934780435,0.29122877526676316,0.399300574480622
18,MRP2.1,12,0.3337824272776123,0.2909767766813865,0.3795151897593516
18,MRP2.1,13,0.3519603116776863,0.30775664764310406,0.4016183354275541
18,MRP2.1,16,0.31710003545147813,0.2661106739465073,0.36723114565362336
18,MRP2.1,17,0.3553626005077573,0.30894582138699966,0.4150090084484566
18,MRP2.1,18,0.3204016543606233,0.2666974457153135,0.37400878239861207
18,MRP2.1,19,0.30902620637443307,0.25569333170729036,0.36185808827492244
18,MRP2.1,20,0.3289885035274125,0.27969543065241986,0.3858721993854706
18,MRP2.1,21,0.32996374848544247,0.2766173919343217,0.3887673003269037
18,MRP2.1,22,0.362625382238646,0.31203033888782566,0.4220271435501691
18,MRP2.1,23,0.27730982556961375,0.2162552022591754,0.32482879600086556
18,MRP2.1,24,0.3385380657289566,0.2881095340568091,0.38486628484281343
18,MRP2.1,25,0.32122090912232715,0.2728044038567619,0.36718712239654827
18,MRP2.1,26,0.3344293186143041,0.29134773575497275,0.3838006490996188
18,MRP2.1,27,0.31137403060878643,0.2622839829981743,0.3609223933719666
18,MRP2.1,28,0.3541195466635891,0.29797875077680197,0.40596916884915635
18,MRP2.1,29,0.32305633799102035,0.27160848603368815,0.3751123974571551
18,MRP2.1,30,0.303062307490048,0.25152164009335554,0.3542498056002863
18,MRP2.1,31,0.3237668698556492,0.27128201909955335,0.3783132627365715
18,MRP2.1,32,0.3440203927137242,0.2958790245660709,0.4012823773975801
18,MRP2.1,33,0.34277418382022556,0.29454346666339054,0.40846515406542816
18,MRP2.1,34,0.34954583506661957,0.30113529522935734,0.40763735497013154
18,MRP2.1,35,0.35162534450339994,0.30413420371992866,0.4052318572893964
18,MRP2.1,36,0.32798657412037624,0.2785749924795109,0.3738683072060221
18,MRP2.1,37,0.35260807181971016,0.30396856387573484,0.4059576631874672
18,MRP2.1,38,0.31199113766264697,0.2535803042919973,0.36955326371431185
18,MRP2.1,39,0.33712257282794905,0.28772877178846473,0.39759501869630465
18,MRP2.1,40,0.324534074052274,0.26950550525504974,0.37533034496939954
18,MRP2.1,41,0.3096362037822614,0.2545227432091471,0.3622896271555004
18,MRP2.1,42,0.3235863495585756,0.27569806414179376,0.37286080075726363
18,MRP2.1,44,0.317622981666206,0.26154582645739194,0.37355368385988014
18,MRP2.1,45,0.32885014832880544,0.28321659626140266,0.37777237896629356
18,MRP2.1,46,0.3499394522284084,0.2899935929491904,0.435209747861029
18,MRP2.1,47,0.3418892414966288,0.29362681434183174,0.4008085697436771
18,MRP2.1,48,0.38913311252200516,0.34701600691574386,0.44153392128153485
18,MRP2.1,49,0.2881334620382783,0.23094451471498365,0.340597276979494
18,MRP2.1,50,0.30958327103889904,0.2593606001780855,0.3698372279347985
18,MRP2.1,51,0.3095105973629476,0.25447018708845653,0.35245199127308846
18,MRP2.1,53,0.3366723723685205,0.294328332790204,0.38664524012863977
18,MRP2.1,54,0.30812842177887523,0.25434818523584785,0.3664717881910127
18,MRP2.1,55,0.3185092733137277,0.27063102560181357,0.3740832337450281
18,MRP2.1,56,0.3050878228465149,0.24959141878404595,0.361516626654731
19,MRP2.1,01,0.31118221284892394,0.2438022326857631,0.382414322764845
19,MRP2.1,04,0.2968982905372329,0.2429392950223743,0.3502823213639502
19,MRP2.1,05,0.30211971760655304,0.23552447295120904,0.37273579516112226
19,MRP2.1,06,0.3309235353205896,0.2920280712900909,0.3707763740822611
19,MRP2.1,08,0.33495276934341456,0.2821762756092959,0.3936057160804817
19,MRP2.1,09,0.3791099663349091,0.30810179360360024,0.4613735222108423
19,MRP2.1,10,0.31700447167613394,0.2588019117068808,0.3848393616713896
19,MRP2.1,11,0.3434340980151136,0.2778369555395113,0.41739508259811525
19,MRP2.1,12,0.32306159600359147,0.27721961633093156,0.373496124109862
19,MRP2.1,13,0.3583081718943577,0.3017022288977696,0.42373149135985255
19,MRP2.1,16,0.2783368469417716,0.219584099851171,0.3373872335013331
19,MRP2.1,17,0.32070666324177116,0.2699105475708258,0.3740576066886559
19,MRP2.1,18,0.3300903609166177,0.2655177305301964,0.40754044784271914
19,MRP2.1,19,0.2711839289755725,0.21175024065854864,0.33441781378582247
19,MRP2.1,20,0.2644058997462449,0.20044721650270705,0.3269430223328427
19,MRP2.1,21,0.32938238981439444,0.26839927041467976,0.3997089613650543
19,MRP2.1,22,0.3333817114762423,0.2693132200864729,0.4038602442534245
19,MRP2.1,23,0.2720878685599529,0.2122729239381524,0.3350289604559276
19,MRP2.1,24,0.31263992582776873,0.2524359627329053,0.3669265160482171
19,MRP2.1,25,0.29500198176374476,0.23770966827485443,0.3519001772533494
19,MRP2.1,26,0.3647659092223565,0.3031157941116867,0.4404126827938519
19,MRP2.1,27,0.35239483745249595,0.282473466215735,0.42733800889908635
19,MRP2.1,28,0.36010981765848704,0.2952685013730724,0.43321020736582133
19,MRP2.1,29,0.3265075243297906,0.25800784072552824,0.40410247539090655
19,MRP2.1,30,0.23733146420380644,0.17538368891479925,0.2962850095723438
19,MRP2.1,31,0.2595657575515247,0.20090333186202328,0.3179638262078961
19,MRP2.1,32,0.33895506374006407,0.2782575611576485,0.4188161962215261
19,MRP2.1,33,0.2711078703516819,0.21242400047557047,0.33334572394490797
19,MRP2.1,34,0.3674860804919493,0.30978795018207655,0.4387834356706729
19,MRP2.1,35,0.2919712539145523,0.23211146296794624,0.35091311981763074
19,MRP2.1,36,0.2965534736445939,0.23964803073452334,0.35287064621705766
19,MRP2.1,37,0.3369516049808498,0.28273218477363715,0.4010718030584798
19,MRP2.1,38,0.2892041385423542,0.2192998959512956,0.3651518835685365
19,MRP2.1,39,0.30977568934635114,0.24996972808550144,0.3699644561009915
19,MRP2.1,40,0.331032837812144,0.27080319746651565,0.39720681621239284
19,MRP2.1,41,0.30188748122851655,0.24696233211091803,0.36390592646555026
19,MRP2.1,42,0.32546782805786906,0.2727387292249357,0.38634203341461326
19,MRP2.1,44,0.29294874422668865,0.2274828568404786,0.371589754517031
19,MRP2.1,45,0.3188926530209651,0.2555158412352373,0.38328376272072373
19,MRP2.1,46,0.28780921509543644,0.22259603633353395,0.35775855999082834
19,MRP2.1,47,0.32415754769792626,0.2556755822666372,0.3945723496151601
19,MRP2.1,48,0.3367986386172003,0.2884879386859267,0.3877778240011474
19,MRP2.1,49,0.2605405963516762,0.20368184355265342,0.3209110488268097
19,MRP2.1,50,0.3074590412827197,0.240266191003172,0.3868393986906052
19,MRP2.1,51,0.3061248639079274,0.2569925696407814,0.3547094896283866
19,MRP2.1,53,0.2834267194052965,0.23143953850605256,0.3329191279821972
19,MRP2.1,54,0.28114032933174793,0.22194429148197775,0.34346585204595836
19,MRP2.1,55,0.3126611700915483,0.2554289949648254,0.3787858623450093
19,MRP2.1,56,0.3052905134757998,0.23507873231731882,0.381655290808586
20,MRP2.1,01,0.280023890079115,0.2112673293497051,0.354579398895312
20,MRP2.1,04,0.32040374143890193,0.26544514005865283,0.38291932621231595
20,MRP2.1,05,0.30797100163015023,0.2371041030717139,0.38174509295325515
20,MRP2.1,06,0.3468725265912396,0.3065102462736442,0.3915898576519592
20,MRP2.1,08,0.2580801944655626,0.19923588198307926,0.31669602260871543
20,MRP2.1,09,0.3333480455274362,0.2662107598869078,0.40526975831807366
20,MRP2.1,10,0.34613333680421954,0.2818299280506844,0.42119049863319613
20,MRP2.1,11,0.278790156277839,0.20496805790370412,0.3502677975129723
20,MRP2.1,12,0.3607442996846824,0.30172713996601147,0.4254981746669372
20,MRP2.1,13,0.3125441021467563,0.25152545042651014,0.3739585571766317
20,MRP2.1,16,0.2851670052851895,0.22395438977457216,0.34776422972292953
20,MRP2.1,17,0.31979992712615896,0.2545827759247045,0.3886317389996046
20,MRP2.1,18,0.3189134617125152,0.2554062427948999,0.3908102856970664
20,MRP2.1,19,0.3034357399373916,0.24060295540139406,0.37278236829102657
20,MRP2.1,20,0.2902760429750362,0.22893828384905507,0.3599946366879093
20,MRP2.1,21,0.32842422092211176,0.2611090674441415,0.4045976238753199
20,MRP2.1,22,0.3524677999411558,0.2796036122617331,0.4297553328366749
20,MRP2.1,23,0.2746975634017903,0.20786697597486478,0.3427329897765484
20,MRP2.1,24,0.274985127214943,0.21667575927241645,0.3346017628646616
20,MRP2.1,25,0.29044461185701925,0.22618123653217012,0.3520650962644952
20,MRP2.1,26,0.3579925553905324,0.29738222441315504,0.42571931436071553
20,MRP2.1,27,0.3180147921376976,0.25654623185995185,0.38945773280947144
20,MRP2.1,28,0.31449739758709694,0.2467206270918736,0.3860946469645586
20,MRP2.1,29,0.33321914554918564,0.2651891788377744,0.4062872725548086
20,MRP2.1,30,0.30480649557517697,0.23733861191989408,0.3809520575859125
20,MRP2.1,31,0.30915810116283376,0.24237493342419636,0.38492776491697767
20,MRP2.1,32,0.2978677340710015,0.22964635713137274,0.36574101576470197
20,MRP2.1,33,0.3264910925027973,0.26154402540796795,0.3990146344512766
20,MRP2.1,34,0.3319007386496869,0.2657490064872805,0.39724946259247174
20,MRP2.1,35,0.36382938127203723,0.29473729612996274,0.4378479805204965
20,MRP2.1,36,0.33787255807564925,0.2800899257998379,0.40195496197161057
20,MRP2.1,37,0.33542805533634046,0.27279792184658275,0.40964588001542823
20,MRP2.1,38,0.31133051964586944,0.2401287966926595,0.3937842885218902
20,MRP2.1,39,0.3338771298573333,0.2661177919323471,0.41473117498310286
20,MRP2.1,40,0.29818934069603475,0.23441713764551242,0.36597680509277075
20,MRP2.1,41,0.30323542638451173,0.24547730306916205,0.36900886169208386
20,MRP2.1,42,0.3617278266110663,0.29911161604262104,0.4316238704681531
20,MRP2.1,44,0.3134232704969148,0.24967811045100713,0.3859776202930208
20,MRP2.1,45,0.3366471434545759,0.2745907133687385,0.4063744504632733
20,MRP2.1,46,0.30053147734949914,0.23055034676199287,0.3740963920267826
20,MRP2.1,47,0.2795095733703816,0.21549951081298477,0.34359066392005394
20,MRP2.1,48,0.34614575773605466,0.3002782218998671,0.39755249949794735
20,MRP2.1,49,0.22286664889500393,0.16091984406418203,0.28509043027340214
20,MRP2.1,50,0.2915346127019985,0.2235658636239567,0.3668875040631201
20,MRP2.1,51,0.26648876470755517,0.20899402828299762,0.3240349477318487
20,MRP2.1,53,0.3412362650314668,0.2834330110524301,0.3999083918924441
20,MRP2.1,54,0.3048749361214555,0.23250942083805984,0.3863419716903969
20,MRP2.1,55,0.27734400349122773,0.2120612731223162,0.34554724368201134
20,MRP2.1,56,0.3305283291037249,0.2548903788280779,0.41206059876545853
21,MRP2.1,01,0.3154455368419325,0.2552250742622927,0.3785796681541021
21,MRP2.1,04,0.3159772375219688,0.2642900680812707,0.3695669877620387
21,MRP2.1,05,0.315210917916506,0.25534906169947674,0.37689183119928377
21,MRP2.1,06,0.3770053170184708,0.3323165487375128,0.4240496697286718
21,MRP2.1,08,0.30647223795881584,0.25051921134228633,0.36048818170312386
21,MRP2.1,09,0.33157819464203725,0.27244284989463685,0.40076157948767366
21,MRP2.1,10,0.3283867870353521,0.26986751460406244,0.3886793631700011
21,MRP2.1,11,0.3166894261227035,0.24587563193104536,0.3785826941147312
21,MRP2.1,12,0.35102103882912966,0.3044864420083847,0.4059566044049183
21,MRP2.1,13,0.36757657466643884,0.31262761930041627,0.42650620009195983
21,MRP2.1,16,0.2917070361807439,0.22901237741817215,0.3493670493677
21,MRP2.1,17,0.3313942537797459,0.2763309271381411,0.3882721491190514
21,MRP2.1,18,0.293669932443315,0.22799500108022192,0.3523514328879024
21,MRP2.1,19,0.2987733611868575,0.23641411294969392,0.3652890658791644
21,MRP2.1,20,0.278929695221236,0.2135521735016927,0.34161700835162107
21,MRP2.1,21,0.344998192037926,0.28369773767655393,0.4187198196104131
21,MRP2.1,22,0.37237051010208794,0.3126025737660697,0.44683348197564093
21,MRP2.1,23,0.3141622642087532,0.253575135306838,0.38769296637394424
21,MRP2.1,24,0.3364170265919417,0.2788231377959765,0.3960284470153817
21,MRP2.1,25,0.31842081374233794,0.2680243420418981,0.36974829993402586
21,MRP2.1,26,0.343970536784894,0.29317397564221276,0.4021785632087797
21,MRP2.1,27,0.31024371952585195,0.24918828397367418,0.3687566630898559
21,MRP2.1,28,0.3368446375423566,0.2763445673223772,0.40367456188598994
21,MRP2.1,29,0.334011759654437,0.27063555735506467,0.40010959527490225
21,MRP2.1,30,0.2566582535959484,0.19200917817791596,0.3182192896619946
21,MRP2.1,31,0.3153494959849964,0.25232620676456513,0.37946034910388327
21,MRP2.1,32,0.34966313774532676,0.29517099929094204,0.41874787025542887
21,MRP2.1,33,0.2811554407703109,0.2189127259523406,0.34328374771953074
21,MRP2.1,34,0.3230375231878799,0.26608778956984247,0.38356078284570405
21,MRP2.1,35,0.3563775201852144,0.2979709941473138,0.42286988544642506
21,MRP2.1,36,0.3271709338589292,0.272482492924198,0.38283840500403127
21,MRP2.1,37,0.2997663965444516,0.24111737694949198,0.35720487997318384
21,MRP2.1,38,0.2909269775149061,0.21993978043183463,0.36006542208458925
21,MRP2.1,39,0.3206686595722702,0.26307723488599455,0.38215068163410476
21,MRP2.1,40,0.31944983897992146,0.25305744153989596,0.3816002055494411
21,MRP2.1,41,0.296706742537407,0.241956759823691,0.3533589359539859
21,MRP2.1,42,0.29286994049925946,0.23770723286742668,0.34449854726043416
21,MRP2.1,44,0.3149999528910059,0.2529578972884515,0.3804598136283081
21,MRP2.1,45,0.3068525044904781,0.24574050281606868,0.36644905578974657
21,MRP2.1,46,0.30114010482666864,0.22879223065865167,0.37392898201567554
21,MRP2.1,47,0.3400265281407498,0.2857192520545884,0.4014649126820769
21,MRP2.1,48,0.34192025902937356,0.29190590190153654,0.38896394131745726
21,MRP2.1,49,0.27070620102102316,0.21425879923762625,0.32405693340229813
21,MRP2.1,50,0.31662029239129613,0.2563973976131395,0.38402228054303145
21,MRP2.1,51,0.2848751774174139,0.2289613470629305,0.33686327733841687
21,MRP2.1,53,0.32477365120826224,0.27269021074043237,0.3768936659135666
21,MRP2.1,54,0.3009572157636087,0.2368890446311691,0.369248015966076
21,MRP2.1,55,0.2958934159496478,0.23420276261387893,0.36598809283038153
21,MRP2.1,56,0.27451614266718,0.20341719701185212,0.3451420559798185
22,MRP2.1,01,0.3379863444281088,0.2925700568653857,0.38432635523911884
22,MRP2.1,04,0.30686425234314324,0.265720032931077,0.3441582670131203
22,MRP2.1,05,0.313723272569568,0.2640906336311547,0.3615125989135656
22,MRP2.1,06,0.33302054649814405,0.30251285799247357,0.372509603401678
22,MRP2.1,08,0.3108764352984124,0.2694891452955708,0.35673516329492744
22,MRP2.1,09,0.3329119540898823,0.2955085469185905,0.3882377737330525
22,MRP2.1,10,0.3222128275699409,0.2844698924778944,0.3679434024931575
22,MRP2.1,11,0.3375591055672101,0.28902216794254876,0.3823368032229753
22,MRP2.1,12,0.3160789154373069,0.2797192743513078,0.35373430555488483
22,MRP2.1,13,0.32300514523619916,0.27735740282889815,0.3581027352411694
22,MRP2.1,16,0.2972121492197807,0.2512497411977627,0.3388820892126953
22,MRP2.1,17,0.34489874859336095,0.30479857438601743,0.4001532004333971
22,MRP2.1,18,0.31822897687302243,0.2737017741729555,0.3681106886053477
22,MRP2.1,19,0.30371080298624314,0.2486498132208512,0.34902085093500007
22,MRP2.1,20,0.30724780713425776,0.2608673258585388,0.3531283720346835
22,MRP2.1,21,0.32610245359948253,0.2832562801118529,0.37582513355666025
22,MRP2.1,22,0.33767367504566814,0.294742371507743,0.38469039122369003
22,MRP2.1,23,0.30603019086424266,0.26018712838167274,0.3635789497336605
22,MRP2.1,24,0.3427448520617758,0.30506041210354834,0.39153969049830956
22,MRP2.1,25,0.310799901498842,0.27332950874334133,0.3527674832409228
22,MRP2.1,26,0.33801007974362657,0.29605353112682253,0.3911621147056086
22,MRP2.1,27,0.3241800809879473,0.2839042236313548,0.3845314916896921
22,MRP2.1,28,0.3405097985079469,0.29581571104358473,0.38895193823576146
22,MRP2.1,29,0.32013733900443064,0.27552236618271086,0.36815962399835184
22,MRP2.1,30,0.29454727339752224,0.24383345481899227,0.3403087590348059
22,MRP2.1,31,0.30420723029654034,0.2585318498184124,0.342546720919811
22,MRP2.1,32,0.31647945566251484,0.278226205905374,0.3579266295002477
22,MRP2.1,33,0.2976709946050535,0.25248837192261403,0.3421810186187665
22,MRP2.1,34,0.3183451583335768,0.2768597245572848,0.36046469371412027
22,MRP2.1,35,0.32489633209124175,0.284204063793586,0.36854150203852526
22,MRP2.1,36,0.3344519388140354,0.29516483081914563,0.38823407678370153
22,MRP2.1,37,0.3289170057052642,0.2860907655008224,0.37362240342681086
22,MRP2.1,38,0.30719892034822793,0.2578319647919648,0.3585735804714723
22,MRP2.1,39,0.3092394122186633,0.2626170994830606,0.3563727107348461
22,MRP2.1,40,0.32823693717085983,0.2780446231166428,0.37549994583673746
22,MRP2.1,41,0.30488895955012807,0.2615508441081576,0.35069100793663543
22,MRP2.1,42,0.32153960389955577,0.28334974629568105,0.36899637426225385
22,MRP2.1,44,0.31053306368041655,0.26935403977712846,0.3558431805048961
22,MRP2.1,45,0.3100414354033999,0.26336063677473537,0.35153031672709933
22,MRP2.1,46,0.3219164630973126,0.27434111811103645,0.3852004549469615
22,MRP2.1,47,0.30144181597642755,0.2483969984766121,0.34105617423966766
22,MRP2.1,48,0.3363551685062018,0.30199455316418156,0.3726663387101707
22,MRP2.1,49,0.2976581709436184,0.24295082030161505,0.3365061109058488
22,MRP2.1,50,0.3031958180132152,0.2583467006987509,0.35515421220188764
22,MRP2.1,51,0.31235706971267546,0.26608563938954866,0.3531110317857879
22,MRP2.1,53,0.31523174150329397,0.2772961122694912,0.35438251587196645
22,MRP2.1,54,0.3029018935316321,0.2514851091805393,0.3561582802271841
22,MRP2.1,55,0.29373244673223464,0.24165527170185214,0.33464013125634284
22,MRP2.1,56,0.2898896914882995,0.24036671141196111,0.3319298510218024
23,MRP2.1,01,0.3167009613316947,0.2604070351894478,0.3761526889180174
23,MRP2.1,04,0.29926233844169425,0.24606212475255915,0.3481123779157795
23,MRP2.1,05,0.2816831295612118,0.21749045795558158,0.34474615167303935
23,MRP2.1,06,0.3452599448520837,0.3044914699473834,0.38374217551481105
23,MRP2.1,08,0.32093214350629384,0.26888276625144836,0.38113893083490913
23,MRP2.1,09,0.33208067756990345,0.27613069234684107,0.395871873751194
23,MRP2.1,10,0.3218078373311134,0.26692700974663625,0.38011003694040274
23,MRP2.1,11,0.2941732758492562,0.21967699765065674,0.3558078031868959
23,MRP2.1,12,0.33186565562408127,0.28784905507895436,0.38078252679668706
23,MRP2.1,13,0.32614995872318253,0.2744032568503055,0.3809757557239012
23,MRP2.1,16,0.27375568770577985,0.2155044758291035,0.3243316799777344
23,MRP2.1,17,0.32421834410816336,0.27316120962668977,0.37648475245959684
23,MRP2.1,18,0.31837690840368266,0.2583281294801909,0.37994802496307206
23,MRP2.1,19,0.2934305370228068,0.23519470125974284,0.3550875543380602
23,MRP2.1,20,0.2960173269067289,0.23167998540722187,0.36459860824612933
23,MRP2.1,21,0.3454009960060263,0.28369880420714993,0.4155077838418234
23,MRP2.1,22,0.3718134081110021,0.30805582855489944,0.45022512377677254
23,MRP2.1,23,0.3086674717993787,0.24681164588635968,0.37993686040178687
23,MRP2.1,24,0.3379153860124879,0.28581411795146966,0.39458396025662085
23,MRP2.1,25,0.35671636374193016,0.30354410046912034,0.422648793832221
23,MRP2.1,26,0.33250451238326156,0.2818987610901041,0.3896838818564866
23,MRP2.1,27,0.3064049985758079,0.2528629228830463,0.36881211236963446
23,MRP2.1,28,0.33996215073024066,0.28341134869390644,0.40562900047480044
23,MRP2.1,29,0.32447644948134235,0.2660599784215077,0.38861960755644154
23,MRP2.1,30,0.28124067238255984,0.22009282601256247,0.34323939173938783
23,MRP2.1,31,0.30326497466544583,0.2392170245661017,0.3665085416090176
23,MRP2.1,32,0.3230024976568851,0.2679696446782914,0.38441992257900787
23,MRP2.1,33,0.3342777644947619,0.2762936326260097,0.4048428391016798
23,MRP2.1,34,0.3476596591614591,0.2876353406406965,0.41333128817134185
23,MRP2.1,35,0.36017757927490446,0.3090335832092485,0.41871920138063423
23,MRP2.1,36,0.34962295322613857,0.2980515099295346,0.40495331120314426
23,MRP2.1,37,0.2937547775943457,0.23299438648214413,0.34917462097278584
23,MRP2.1,38,0.3247389861454263,0.26555081291697336,0.39378981985817224
23,MRP2.1,39,0.35930414107131714,0.30137044083454434,0.43257562513369757
23,MRP2.1,40,0.3309572020299669,0.2656692919851085,0.3957834113657066
23,MRP2.1,41,0.28416754673775996,0.2308333902500845,0.33953884830629344
23,MRP2.1,42,0.3254790734863005,0.2768592327697383,0.38125967102556824
23,MRP2.1,44,0.3325168210699704,0.2688613874365607,0.4121215238458569
23,MRP2.1,45,0.31686408833654267,0.2589087257040518,0.37563309508481574
23,MRP2.1,46,0.31762191120450317,0.25133201671174565,0.3921707464865417
23,MRP2.1,47,0.3271059976810788,0.26883590537829843,0.38809675460984683
23,MRP2.1,48,0.3386915104254754,0.29663851896089216,0.3834006781585535
23,MRP2.1,49,0.27940753853023015,0.21679743023197987,0.33654044058095184
23,MRP2.1,50,0.33237313060006435,0.26891017485573054,0.40849310643035813
23,MRP2.1,51,0.3264992303004033,0.2771907604254766,0.3789382509495416
23,MRP2.1,53,0.29471396945599054,0.24765757755255877,0.33933544894765394
23,MRP2.1,54,0.3147909715327065,0.2490172361452351,0.3867407058808201
23,MRP2.1,55,0.28201877535919695,0.22081439688793877,0.34031905798436934
23,MRP2.1,56,0.2748125455914494,0.2086445627863121,0.3394090414985018
24,MRP2.1,01,0.31732781255968545,0.25882042473497363,0.379342470156093
24,MRP2.1,04,0.26755179335183576,0.21532961845137819,0.3148879796514193
24,MRP2.1,05,0.29041168051113597,0.22439049091397914,0.35607264135311917
24,MRP2.1,06,0.3563679170072807,0.3146414026355537,0.4033903561474079
24,MRP2.1,08,0.26039624088893604,0.20121236795386105,0.3167227494696363
24,MRP2.1,09,0.2942273720332713,0.23495038642009713,0.3520680401721526
24,MRP2.1,10,0.29334312671527024,0.2375934457157587,0.34641411208630485
24,MRP2.1,11,0.3196817673262055,0.25320045010604886,0.3826703200973433
24,MRP2.1,12,0.3278283314637467,0.2800092642205762,0.37520958927979653
24,MRP2.1,13,0.3370412373236019,0.27663487150496197,0.397001399025772
24,MRP2.1,16,0.31260287282513144,0.25706782820582313,0.379106893422472
24,MRP2.1,17,0.35064860605501225,0.2962396322186609,0.419814287143902
24,MRP2.1,18,0.3295969250414248,0.2721465077004493,0.398710299410945
24,MRP2.1,19,0.31102875841943245,0.25117731954736366,0.37888841326196315
24,MRP2.1,20,0.31429375997001535,0.2516007491889167,0.3813258583768613
24,MRP2.1,21,0.3174229563444229,0.25842200362158785,0.38283720841218516
24,MRP2.1,22,0.3260621684027587,0.26109614400479403,0.38875113887742624
24,MRP2.1,23,0.276980680883233,0.2162600550511993,0.34409550775742714
24,MRP2.1,24,0.3283738424650429,0.27647747979193715,0.38612233201522794
24,MRP2.1,25,0.33202431855637593,0.2808404972581053,0.3941873078842071
24,MRP2.1,26,0.345569585297901,0.2931962076900556,0.4072676324007749
24,MRP2.1,27,0.27456117961663445,0.21268010759403877,0.3324729035485642
24,MRP2.1,28,0.34860115030530486,0.28645389120108145,0.4189745362109042
24,MRP2.1,29,0.3306660128662527,0.270373863814441,0.39644895798056856
24,MRP2.1,30,0.26699380398236977,0.2103266850339334,0.32796562765005305
24,MRP2.1,31,0.28449129808471524,0.23171522777325537,0.3418809941998427
24,MRP2.1,32,0.33894785676954325,0.2827893344286586,0.4128983590668572
24,MRP2.1,33,0.3036984658883173,0.2473788202304066,0.3643880360382841
24,MRP2.1,34,0.33047714600365086,0.27532067781213476,0.3916633920200838
24,MRP2.1,35,0.3408041421385323,0.2855295022011721,0.40287009283974334
24,MRP2.1,36,0.32121557347849067,0.266816167751139,0.3775164749824379
24,MRP2.1,37,0.32250454740548457,0.2615734529198447,0.38214482439611064
24,MRP2.1,38,0.3150274824155208,0.24699284534259255,0.3890847598480952
24,MRP2.1,39,0.33004027615329534,0.2750613053262408,0.3988419451291701
24,MRP2.1,40,0.2983324716693244,0.2376502755613874,0.3575101749867832
24,MRP2.1,41,0.27240987087606033,0.2183685531513866,0.3283936524298161
24,MRP2.1,42,0.3030148375240603,0.24854966343499005,0.3584545120995915
24,MRP2.1,44,0.3052093623742174,0.2421632448059024,0.37278558969872133
24,MRP2.1,45,0.2926577931981229,0.23249410233672488,0.34963772796096804
24,MRP2.1,46,0.2772678359641542,0.21850696023292457,0.343649108806787
24,MRP2.1,47,0.32123664318906514,0.2619625412887641,0.38506318659759364
24,MRP2.1,48,0.3447688129997925,0.2989640771645968,0.39360808373211276
24,MRP2.1,49,0.24898051148781628,0.19218077570262926,0.30675625086774105
24,MRP2.1,50,0.250796269276199,0.19377081052520717,0.3102263011553305
24,MRP2.1,51,0.28405630945127114,0.22623491502855272,0.3333591163342545
24,MRP2.1,53,0.3324637527198464,0.2864561765842337,0.3875337063725498
24,MRP2.1,54,0.31450206623572874,0.2533760596671106,0.3899386392450524
24,MRP2.1,55,0.2990744784090958,0.2414879492747267,0.3617142220360274
24,MRP2.1,56,0.2689628056584989,0.20574688106248742,0.3321494111678738
25,MRP2.1,01,0.3133151783343761,0.24450047095166264,0.38102945715432995
25,MRP2.1,04,0.3554772433936543,0.298577570736171,0.42349715312790503
25,MRP2.1,05,0.2898026906178912,0.22693314898124622,0.3524827747594217
25,MRP2.1,06,0.35247149330039035,0.3134703428392134,0.39288415630850476
25,MRP2.1,08,0.2941881835710656,0.24099363017649403,0.35046646226382233
25,MRP2.1,09,0.3177190472270569,0.2530334259869697,0.38316293184476663
25,MRP2.1,10,0.319614671711797,0.26206410339003694,0.3739559632246332
25,MRP2.1,11,0.33206475182727924,0.2667831354909218,0.39971672349247667
25,MRP2.1,12,0.3635523385516619,0.31971575462012053,0.4207518597019671
25,MRP2.1,13,0.3408773098843828,0.28470772058582416,0.3995964775441607
25,MRP2.1,16,0.32286312207641815,0.26411821833336757,0.3871028753405005
25,MRP2.1,17,0.3182742935193684,0.2550876157701208,0.3819694634244125
25,MRP2.1,18,0.26419096363301997,0.20344694052587464,0.322146142817054
25,MRP2.1,19,0.30866957143668283,0.2443447356507039,0.37427537082881157
25,MRP2.1,20,0.32955396507485585,0.2609103497098627,0.4041893765505873
25,MRP2.1,21,0.31307771455279815,0.24781152205099474,0.3815332427194809
25,MRP2.1,22,0.3390593326387404,0.27505819538821097,0.41119238982401085
25,MRP2.1,23,0.2907382077742047,0.2292790327157622,0.35417607083297953
25,MRP2.1,24,0.345575891865749,0.29209026402830973,0.39934030215432176
25,MRP2.1,25,0.2900450595623481,0.23539254309452298,0.3516130547078444
25,MRP2.1,26,0.35997219140660675,0.3019629070323242,0.42244320011011965
25,MRP2.1,27,0.319970474682693,0.26532279232619,0.38428527769521587
25,MRP2.1,28,0.3711945472470584,0.30258325503202543,0.4466912808210472
25,MRP2.1,29,0.31730083411834736,0.25332736547283624,0.3798251808091388
25,MRP2.1,30,0.24796725839459385,0.184495327397799,0.309047118657912
25,MRP2.1,31,0.2916842575356938,0.22789705434013924,0.3549406934702865
25,MRP2.1,32,0.3483803692201483,0.28801918847077307,0.4245079177157461
25,MRP2.1,33,0.27078559410878633,0.21082392034872355,0.32872290607116095
25,MRP2.1,34,0.34307700446781986,0.28687244607835227,0.40159584768636053
25,MRP2.1,35,0.3513260401559556,0.29370434548030594,0.4209127698905227
25,MRP2.1,36,0.3334142549796428,0.27289162981937254,0.3930841809912544
25,MRP2.1,37,0.32669744543125634,0.25978479076345506,0.3906118444664566
25,MRP2.1,38,0.29571898793508244,0.22664144887632925,0.37053965713615317
25,MRP2.1,39,0.33685625145198506,0.2737222858027133,0.40498066080316325
25,MRP2.1,40,0.298139726762726,0.22880231719403163,0.3601206027000957
25,MRP2.1,41,0.3215057245623757,0.26476300699042926,0.3835866718232021
25,MRP2.1,42,0.33990437645258254,0.28494115254336894,0.4034555492580871
25,MRP2.1,44,0.3474038752586861,0.28345040193927773,0.42120547383626705
25,MRP2.1,45,0.2935596145540326,0.2361026674683377,0.3453310753184951
25,MRP2.1,46,0.2914497752767542,0.21911791133440342,0.3633806949061747
25,MRP2.1,47,0.30812310591983444,0.24143976294859876,0.3780837534556281
25,MRP2.1,48,0.3370498465910204,0.29117882154945024,0.38767409708933787
25,MRP2.1,49,0.26322521655035835,0.20700741209007953,0.32031340315629925
25,MRP2.1,50,0.3218908400901179,0.25544903405121366,0.39741355097238024
25,MRP2.1,51,0.3261072599743505,0.27477439325226694,0.37617546223526127
25,MRP2.1,53,0.2731904999135829,0.2214469067853408,0.3224077938585754
25,MRP2.1,54,0.29155966756404345,0.2303681853802294,0.35417506733175785
25,MRP2.1,55,0.2834131998027547,0.21719456444193858,0.3456776097416615
25,MRP2.1,56,0.2854164231138177,0.2109262974387668,0.3562025259881697
26,MRP2.1,01,0.3265769064110328,0.26471699928685,0.38454616260540225
26,MRP2.1,04,0.2992335723442215,0.2495337316809608,0.34635810617038165
26,MRP2.1,05,0.2972356795143563,0.23399130499256596,0.35396622608147377
26,MRP2.1,06,0.3653084638107602,0.3269719810912048,0.4062983931323826
26,MRP2.1,08,0.3304769272290345,0.2791057068436592,0.3914840601510139
26,MRP2.1,09,0.3566782551849431,0.3054483186575614,0.4252739753607197
26,MRP2.1,10,0.3185866029557756,0.263204660952201,0.3709306925907951
26,MRP2.1,11,0.31288788633137954,0.24142840446646546,0.3666767300789756
26,MRP2.1,12,0.336188974307206,0.29514994672900363,0.3859335373417891
26,MRP2.1,13,0.3322370483910997,0.2798806476780695,0.3808846532918391
26,MRP2.1,16,0.3105612204079146,0.26222748107654775,0.3608577782421005
26,MRP2.1,17,0.3482968986469498,0.29886983084365737,0.40849455546100444
26,MRP2.1,18,0.3091220066778169,0.24603711362202368,0.36796917025453346
26,MRP2.1,19,0.29853696395306006,0.2421638828645676,0.35579350086647593
26,MRP2.1,20,0.3053555862323669,0.24571143688281016,0.36098695373474526
26,MRP2.1,21,0.31736156697957213,0.2643888271305128,0.3693899513369086
26,MRP2.1,22,0.36684300363311734,0.31318989942597936,0.44062012959907754
26,MRP2.1,23,0.301739171829103,0.24582655873681358,0.36943342784460753
26,MRP2.1,24,0.3102885798853687,0.2534361161994533,0.3591511541072875
26,MRP2.1,25,0.3297977904927821,0.28454587399113046,0.3847585332909901
26,MRP2.1,26,0.3296928042836273,0.28015397327238933,0.3908613136921832
26,MRP2.1,27,0.3211035563579564,0.2708858315660269,0.38183537604536644
26,MRP2.1,28,0.3358916603345523,0.2752847002454392,0.3935795925203177
26,MRP2.1,29,0.30642257681672824,0.24831206550271748,0.36362825581198327
26,MRP2.1,30,0.2836538122373524,0.2262170790374804,0.3336995456989801
26,MRP2.1,31,0.3216921438234437,0.26955784599621596,0.3853012585297015
26,MRP2.1,32,0.3207766717785203,0.2683002013415196,0.37122241497103703
26,MRP2.1,33,0.3088414963525317,0.2570557610481212,0.36984681112715584
26,MRP2.1,34,0.335521759967882,0.2810382393136431,0.3891052386680393
26,MRP2.1,35,0.3304435720392749,0.277608821848627,0.3852624262054799
26,MRP2.1,36,0.334521069100283,0.2858867090171332,0.38462320645794135
26,MRP2.1,37,0.3177291379903855,0.2627375030613361,0.3690455328257724
26,MRP2.1,38,0.2936216245997412,0.2304628304168001,0.35121478348397767
26,MRP2.1,39,0.3251168954814947,0.27665519371227365,0.3800531780844376
26,MRP2.1,40,0.3384136132420957,0.2862617029837485,0.3944943036803798
26,MRP2.1,41,0.3155555890833725,0.27108494033485436,0.36295641083720215
26,MRP2.1,42,0.2909895958974214,0.23619576788044744,0.33556397281597505
26,MRP2.1,44,0.31872922966892125,0.26092119181283746,0.38147867199426494
26,MRP2.1,45,0.34303442670843237,0.2916654692018754,0.40876447921578474
26,MRP2.1,46,0.3281022081031682,0.2672381327206896,0.40300316882086423
26,MRP2.1,47,0.3396368978263538,0.2919501355068247,0.40089468176966714
26,MRP2.1,48,0.3520182286263967,0.30947292826076966,0.3946288811910854
26,MRP2.1,49,0.2906111547857703,0.2301758922649396,0.34162920272061537
26,MRP2.1,50,0.29149882672202143,0.23995005666794744,0.3435416976815381
26,MRP2.1,51,0.3017090538486343,0.2471522497279709,0.3494225307513465
26,MRP2.1,53,0.34064565041672196,0.298494171266872,0.3940595516720862
26,MRP2.1,54,0.28453396582691154,0.21930353174152242,0.3407331036122059
26,MRP2.1,55,0.3277328231230824,0.28008381209915567,0.39287284381590026
26,MRP2.1,56,0.2863008327373301,0.22297242073242052,0.3388645535528227
27,MRP2.1,01,0.3203831790093575,0.25955148390521965,0.3683310910608753
27,MRP2.1,04,0.31810026933817787,0.27600453010468345,0.3653087721103184
27,MRP2.1,05,0.3331833562154554,0.2782456470877127,0.396701449239298
27,MRP2.1,06,0.35283101690537244,0.3207433760778082,0.39182581708601305
27,MRP2.1,08,0.31082557952222956,0.2569990229524086,0.35572267617450165
27,MRP2.1,09,0.3429761494271726,0.2958780845084707,0.3962472285300065
27,MRP2.1,10,0.3243474408986619,0.2776992262533558,0.3774357795362937
27,MRP2.1,11,0.35530346269390434,0.30631698563882837,0.4201917064193759
27,MRP2.1,12,0.33352749559349865,0.29320278018835905,0.3803902041733641
27,MRP2.1,13,0.3378953783778502,0.2914522372351381,0.38343979900826425
27,MRP2.1,16,0.31462100616213007,0.2666461357447955,0.3598466383974825
27,MRP2.1,17,0.356808994575454,0.3100463301783264,0.42665270226303675
27,MRP2.1,18,0.3317072113198745,0.2867160702085315,0.39216714062070007
27,MRP2.1,19,0.3160527350311114,0.26487356201601536,0.3682420618809289
27,MRP2.1,20,0.30734939931544947,0.24706220692319605,0.35483959654284397
27,MRP2.1,21,0.34044441457226976,0.29100323736161754,0.3968246563447091
27,MRP2.1,22,0.34421247068031274,0.2964044770897554,0.40243503685408694
27,MRP2.1,23,0.2951687643894286,0.2433448932639239,0.3436791074680798
27,MRP2.1,24,0.3294456960813698,0.28013120365695954,0.37705465782848924
27,MRP2.1,25,0.32555656617314316,0.27619722905522565,0.37503151587134476
27,MRP2.1,26,0.3360768237021528,0.2886432643527328,0.3866216267684682
27,MRP2.1,27,0.3185186280009227,0.2729334534913651,0.36532879148587366
27,MRP2.1,28,0.36088539026093985,0.31241872829831985,0.4264711442111473
27,MRP2.1,29,0.31977219235146137,0.26618944853129567,0.36907901678483757
27,MRP2.1,30,0.32770277250604535,0.281434674864643,0.38790399172857926
27,MRP2.1,31,0.3241072220113839,0.26998007070703195,0.3776661128634831
27,MRP2.1,32,0.33428917858041957,0.2860641171751845,0.3888206466581448
27,MRP2.1,33,0.32059791812614535,0.26749819826684545,0.3746643228620031
27,MRP2.1,34,0.3374118503975783,0.29130579229005693,0.3890390348109647
27,MRP2.1,35,0.31154525140605327,0.25120481101697745,0.35834551410333987
27,MRP2.1,36,0.35852419001802877,0.3133821070303182,0.4176701367637969
27,MRP2.1,37,0.3315251998955152,0.28007373652786693,0.37695297737810546
27,MRP2.1,38,0.35447722080674415,0.3048248016519284,0.43096601234727094
27,MRP2.1,39,0.32018063067219105,0.2706609989156149,0.370300905766219
27,MRP2.1,40,0.3378237321704108,0.28675037106552564,0.38772724447371265
27,MRP2.1,41,0.3417153172919526,0.2966502871921979,0.4015303216406893
27,MRP2.1,42,0.3289612209937599,0.2842381347628064,0.3801036236377617
27,MRP2.1,44,0.3304845050508208,0.27867832378495144,0.38919829204451023
27,MRP2.1,45,0.3265609000861236,0.28114145332734874,0.3795408667768518
27,MRP2.1,46,0.3066958717743,0.24522886446402636,0.3573198339777253
27,MRP2.1,47,0.3301773187199983,0.2797424727529247,0.3813764058000906
27,MRP2.1,48,0.35354637072631173,0.315415538442278,0.3971221340647909
27,MRP2.1,49,0.28973346322551563,0.22501339883596247,0.34205704555282723
27,MRP2.1,50,0.3148093095870023,0.2661093793379175,0.37118031416036196
27,MRP2.1,51,0.3114058327746047,0.2547784980050292,0.35493080991172105
27,MRP2.1,53,0.3358263976236566,0.296277926135718,0.38227793248319974
27,MRP2.1,54,0.30588970759342965,0.24636202309358407,0.3592651855065851
27,MRP2.1,55,0.31225273820464144,0.25117390923783445,0.3642255145978628
27,MRP2.1,56,0.3024576676095061,0.24077404286506804,0.35303702446011526
28,MRP2.1,01,0.3488784676574697,0.27976438205171666,0.42651415502175044
28,MRP2.1,04,0.2790882268887537,0.22194015244888482,0.33728360028267296
28,MRP2.1,05,0.3235027781835347,0.25910742704288536,0.39762975235077797
28,MRP2.1,06,0.38205151560185663,0.3380283966715888,0.4323511275452178
28,MRP2.1,08,0.29382974411925433,0.24001250698757473,0.3520415721535007
28,MRP2.1,09,0.3560668908520964,0.2892974396360332,0.4368504815407667
28,MRP2.1,10,0.32394740461512855,0.2635961697286705,0.38701750588953815
28,MRP2.1,11,0.309567269866977,0.24375575740858568,0.3728630484207596
28,MRP2.1,12,0.3536547717279259,0.29944797654143135,0.4092330638646137
28,MRP2.1,13,0.33672999504974316,0.28423034211303233,0.3924724857518591
28,MRP2.1,16,0.3033933703372175,0.2429301880581448,0.3670963948197629
28,MRP2.1,17,0.37433036023841326,0.3130778594019414,0.4423581078852253
28,MRP2.1,18,0.34371873089489696,0.27531835961759066,0.424855081069783
28,MRP2.1,19,0.29791201135423573,0.23380942020618717,0.37030545766210277
28,MRP2.1,20,0.26931167661974376,0.19807859197154762,0.3342579039109084
28,MRP2.1,21,0.3314289471455962,0.26195641496239574,0.4114359465172573
28,MRP2.1,22,0.3759088242783412,0.3115082787586811,0.4496355101348136
28,MRP2.1,23,0.30163336155866227,0.2317190238796451,0.3722594070490178
28,MRP2.1,24,0.3057963021173101,0.25157921222276775,0.3631355797355326
28,MRP2.1,25,0.30658488635267617,0.24471113833248936,0.37080864371112154
28,MRP2.1,26,0.37825229380098874,0.31159053936988385,0.44639857021620266
28,MRP2.1,27,0.36490665152604296,0.30265715502295004,0.4375842825828214
28,MRP2.1,28,0.3565657521520074,0.288806381308244,0.4332741848546761
28,MRP2.1,29,0.28903749657777733,0.2265683908162359,0.3515796880469427
28,MRP2.1,30,0.27080788024943075,0.20763766271711853,0.3394386802814136
28,MRP2.1,31,0.29475169130457507,0.22566157040921447,0.3670954535034842
28,MRP2.1,32,0.37432158252678205,0.30757829885535654,0.45299714873387403
28,MRP2.1,33,0.29119087245233105,0.22939333145770516,0.3627371558705726
28,MRP2.1,34,0.37093227515272836,0.3085245485925601,0.44651705985172296
28,MRP2.1,35,0.3156296187809446,0.25324411791696716,0.38118936884211263
28,MRP2.1,36,0.31545651842553735,0.2565766728985177,0.3748616198225193
28,MRP2.1,37,0.3358811990758259,0.27752394384784307,0.3934094317649531
28,MRP2.1,38,0.31335691076376765,0.24509453263388523,0.389987667041116
28,MRP2.1,39,0.312940821840194,0.2535439213074357,0.38025312006445355
28,MRP2.1,40,0.3340682998952108,0.268981357248805,0.40281900679481675
28,MRP2.1,41,0.3141351502858255,0.25591232918721457,0.38103796997779704
28,MRP2.1,42,0.32376230651408616,0.26799747012004627,0.3873953983254524
28,MRP2.1,44,0.33806636677214336,0.2725037632757386,0.4138346528130295
28,MRP2.1,45,0.357125017078236,0.2935981017193577,0.43193275700837946
28,MRP2.1,46,0.2964772829265465,0.2175343339484397,0.37557215948554595
28,MRP2.1,47,0.3284352427674247,0.266250599842401,0.39627837904482915
28,MRP2.1,48,0.3209098861422531,0.26967430657685415,0.3666303988677706
28,MRP2.1,49,0.28234646607094716,0.21970878306769756,0.34030156844991927
28,MRP2.1,50,0.3397596317758417,0.2657261848958623,0.42421067249731137
28,MRP2.1,51,0.27929109370691485,0.22544271735202176,0.3410823485643764
28,MRP2.1,53,0.3261845743578122,0.2768683778398326,0.37907418289685785
28,MRP2.1,54,0.35519698953516254,0.2799865574704326,0.440701584320359
28,MRP2.1,55,0.26764741040985346,0.2038919290664397,0.3335424545369465
28,MRP2.1,56,0.3743425255793608,0.29060110343577256,0.47454996056855214
29,MRP2.1,01,0.3299589860580705,0.26727493270365055,0.39299084318258287
29,MRP2.1,04,0.2870051201174989,0.23396243323332255,0.33655100175954367
29,MRP2.1,05,0.30099514554852586,0.2316458097141862,0.3647184181531022
29,MRP2.1,06,0.3709525627296927,0.32650300792382964,0.4194213433690052
29,MRP2.1,08,0.2910181542038187,0.2369304544845104,0.346072205818026
29,MRP2.1,09,0.3545370386790158,0.29807195009124693,0.4230416579774779
29,MRP2.1,10,0.31204963024312987,0.25778651925637913,0.3735859992963367
29,MRP2.1,11,0.30250779721243226,0.23186908148460575,0.3647534388815669
29,MRP2.1,12,0.32586882548466717,0.2771978059002938,0.3754752839090498
29,MRP2.1,13,0.33386353556495524,0.2813395179417222,0.3875680734930519
29,MRP2.1,16,0.30257062866946255,0.2458014851063907,0.3583468379068816
29,MRP2.1,17,0.31533693680532343,0.25892854384781977,0.37268322480759036
29,MRP2.1,18,0.30605411816174166,0.2435232520734083,0.3711234158768461
29,MRP2.1,19,0.30869397375633356,0.24974276842780793,0.375209431830194
29,MRP2.1,20,0.2994867138503106,0.23899198313275316,0.3563287795750778
29,MRP2.1,21,0.3197466265422885,0.25903767226627966,0.3854345695775457
29,MRP2.1,22,0.33077108764847785,0.27371452031686777,0.39842394404580095
29,MRP2.1,23,0.2900961977617918,0.23429557550678348,0.3476636984885335
29,MRP2.1,24,0.3214264522515714,0.2671048330036851,0.37222888760648437
29,MRP2.1,25,0.31999962347728766,0.26720429926067013,0.38171966404326746
29,MRP2.1,26,0.35268847457886177,0.3013358264502228,0.41615050982167906
29,MRP2.1,27,0.30492848515638343,0.24928683360230466,0.3651995252465429
29,MRP2.1,28,0.3599465976493431,0.2958239771800679,0.4383592127831489
29,MRP2.1,29,0.3107282579635312,0.2491182186053111,0.3700234365855541
29,MRP2.1,30,0.27318873460098625,0.2136806838445168,0.33150521453601
29,MRP2.1,31,0.29485688225581397,0.23307159327822405,0.3560332142309597
29,MRP2.1,32,0.34748113999081465,0.2844970175035183,0.42484894644803123
29,MRP2.1,33,0.31997277197288104,0.26489391982168103,0.38230339317692535
29,MRP2.1,34,0.3570421370928611,0.30322079066993285,0.42459747562182376
29,MRP2.1,35,0.32051783968126574,0.26265434651577224,0.3807495475040213
29,MRP2.1,36,0.30709295557711247,0.2528096636272698,0.3615390195520853
29,MRP2.1,37,0.2941787675397704,0.23331302106417728,0.3485510242457102
29,MRP2.1,38,0.28024151372578177,0.21504324356879814,0.34220183042335167
29,MRP2.1,39,0.310890337202377,0.25278850775582173,0.37143909169359157
29,MRP2.1,40,0.30898759475870696,0.24956960118608926,0.36733295661462045
29,MRP2.1,41,0.28893438123696125,0.2325607901730417,0.35164172442523034
29,MRP2.1,42,0.33707555803730954,0.2778291184252405,0.40176277396022736
29,MRP2.1,44,0.3303736569097696,0.27141344793853317,0.4035653004631438
29,MRP2.1,45,0.34285622680903527,0.2878356346840909,0.40626315472205865
29,MRP2.1,46,0.2990110952107179,0.2317017435694269,0.36787424434027405
29,MRP2.1,47,0.32813174235546605,0.2686577248402743,0.3913569964587134
29,MRP2.1,48,0.31195974554312983,0.2647460703524569,0.3560051339230723
29,MRP2.1,49,0.25155155285460257,0.19415209389643037,0.31100066504745083
29,MRP2.1,50,0.3131122956532632,0.25461787052595836,0.382332548929865
29,MRP2.1,51,0.30513493818994214,0.25296122180965636,0.3540736889943836
29,MRP2.1,53,0.29928158483181616,0.25118573304471925,0.35053791797283146
29,MRP2.1,54,0.2837024019305264,0.21943083727346632,0.3501303062796586
29,MRP2.1,55,0.31994267799197246,0.2630893241411854,0.38575668325639023
29,MRP2.1,56,0.2935212867956845,0.23602509169080604,0.35844795186862305
30,MRP2.1,01,0.3103585834317732,0.2516068663525027,0.35847840263409214
30,MRP2.1,04,0.3155766027872669,0.2726254136969649,0.3576467980431359
30,MRP2.1,05,0.32007011724333445,0.27344081544304155,0.3716275818712683
30,MRP2.1,06,0.36047382976879205,0.32574742461652806,0.4066251586275476
30,MRP2.1,08,0.3070318319064163,0.258149122558756,0.3490709730195166
30,MRP2.1,09,0.3376129759250649,0.2880517400585336,0.3985440471045071
30,MRP2.1,10,0.31091546236693923,0.2650422859028741,0.3514635473890664
30,MRP2.1,11,0.3385994557296742,0.29103172082491885,0.38607515084662775
30,MRP2.1,12,0.33485147104123214,0.2959139485869595,0.37984293456176094
30,MRP2.1,13,0.31999441756202557,0.27360155319793616,0.359986402054335
30,MRP2.1,16,0.3041964733809179,0.25596097707416327,0.34910159886142617
30,MRP2.1,17,0.3156428077866674,0.2644086932040779,0.3632466381960524
30,MRP2.1,18,0.3258108744177384,0.2807755047146696,0.3735762785412064
30,MRP2.1,19,0.31018228925758934,0.25673612064526435,0.36077162118220296
30,MRP2.1,20,0.32869288998062773,0.27887030012010244,0.38731840265461553
30,MRP2.1,21,0.33488734051113905,0.2867388152487229,0.3888545817601229
30,MRP2.1,22,0.3360954258698014,0.2876187594616756,0.3888229684488087
30,MRP2.1,23,0.3081019078217255,0.2568219165807167,0.3643207923162394
30,MRP2.1,24,0.3331392455235966,0.29238886616901455,0.37881978372047187
30,MRP2.1,25,0.33716119585079957,0.2921877487436903,0.39111557434079675
30,MRP2.1,26,0.3302320322226434,0.2901535264777716,0.37709439687082286
30,MRP2.1,27,0.30919111407920935,0.2635570846429778,0.3527711533090052
30,MRP2.1,28,0.32829970030523903,0.27535910678718484,0.37878891120287894
30,MRP2.1,29,0.3176917923951777,0.27251592457333673,0.36369198745848924
30,MRP2.1,30,0.28829489797863017,0.2286847179126245,0.3368830522771356
30,MRP2.1,31,0.32090404776579223,0.2747434352099603,0.3821144483698454
30,MRP2.1,32,0.32395719907509174,0.2769274942196815,0.36875358451060974
30,MRP2.1,33,0.3010475888003533,0.24859287059060098,0.34661080763630503
30,MRP2.1,34,0.32941485082953514,0.2802943330530557,0.37826551050890916
30,MRP2.1,35,0.34203456018239686,0.29568857068597026,0.3895690747818246
30,MRP2.1,36,0.3314497621249118,0.28832903414290656,0.3798492286594152
30,MRP2.1,37,0.32907403674741464,0.2831105361505142,0.3753198944860526
30,MRP2.1,38,0.3106735041814162,0.25820103927260296,0.3608699349063472
30,MRP2.1,39,0.34306252272852045,0.29611965040052296,0.408199250179714
30,MRP2.1,40,0.3304983737091585,0.27794617937530924,0.37948806999357043
30,MRP2.1,41,0.30000153893850084,0.25283597611039216,0.34585023282726945
30,MRP2.1,42,0.3275408396965295,0.2844788170040617,0.3777662181891006
30,MRP2.1,44,0.3343444081956715,0.2888232219398329,0.39064971803285836
30,MRP2.1,45,0.33279657039634775,0.28822740594588836,0.384180591032048
30,MRP2.1,46,0.330166046523484,0.2754103479040537,0.3955434001047629
30,MRP2.1,47,0.33246446797773643,0.2887324210560256,0.38627134707489647
30,MRP2.1,48,0.3316799249825925,0.29272997035322634,0.3680835527878535
30,MRP2.1,49,0.289302628693404,0.22965132958329645,0.33934366710529534
30,MRP2.1,50,0.3241041259978526,0.2775759940824712,0.38669288138304353
30,MRP2.1,51,0.313217383253223,0.26965118204041555,0.3560873689540512
30,MRP2.1,53,0.32520904790816724,0.2831844711558095,0.36792094325653696
30,MRP2.1,54,0.31395344916990314,0.26030312375529874,0.37392011971892686
30,MRP2.1,55,0.3428304637345347,0.29624191809253797,0.4136648680264131
30,MRP2.1,56,0.29438734158798296,0.23482728217196971,0.3492297904469003
31,MRP2.1,01,0.3466395864193743,0.2794887698622926,0.4181900178206001
31,MRP2.1,04,0.28446534372891324,0.23467237117883447,0.3391543844209268
31,MRP2.1,05,0.295809078419671,0.22220932257386108,0.37059027207625556
31,MRP2.1,06,0.3805843108434318,0.3406403154222771,0.423948246747372
31,MRP2.1,08,0.3071225106901435,0.2525336474890268,0.36899440736143607
31,MRP2.1,09,0.3194205830331739,0.2587224156472554,0.38267597797111663
31,MRP2.1,10,0.3523515243504552,0.2936553520967306,0.41678436212101777
31,MRP2.1,11,0.3704052074185408,0.307198748441861,0.4327798294750487
31,MRP2.1,12,0.34474759490986734,0.2987584873603465,0.3959637487346172
31,MRP2.1,13,0.3519380061402078,0.29506219010778595,0.411681162187678
31,MRP2.1,16,0.2919778144761348,0.23056202803875797,0.3594310810501536
31,MRP2.1,17,0.35371269525317756,0.29848852216117633,0.4232246540075786
31,MRP2.1,18,0.34380574681486425,0.2795974094426287,0.4195891512209179
31,MRP2.1,19,0.33209792406553984,0.2673252251119919,0.40661440675967736
31,MRP2.1,20,0.3264870964313892,0.2596519506570123,0.40282566163866795
31,MRP2.1,21,0.3216251771629146,0.24969786161103624,0.39949056823552165
31,MRP2.1,22,0.3341384569537281,0.26785658656535516,0.3990516969637351
31,MRP2.1,23,0.293297090620707,0.22421831116603524,0.36654287878912095
31,MRP2.1,24,0.3056831295461769,0.25257686154583914,0.358285401454889
31,MRP2.1,25,0.33595387203442423,0.2758058754655627,0.3977938548802522
31,MRP2.1,26,0.3910300256395155,0.3301110610366721,0.4608923961848128
31,MRP2.1,27,0.2899690491374278,0.2350702340878535,0.3518921449570143
31,MRP2.1,28,0.3531543963487242,0.29198008386558233,0.4218464006484265
31,MRP2.1,29,0.3059989287535858,0.24352931751223128,0.37282282346767753
31,MRP2.1,30,0.32519713956291946,0.2570306213017143,0.39862122030728314
31,MRP2.1,31,0.29146241374818105,0.22630896899516662,0.3559313270281592
31,MRP2.1,32,0.378917723589665,0.3165592841197362,0.45484929351884856
31,MRP2.1,33,0.3576577339369049,0.29067917326777165,0.430575382603
31,MRP2.1,34,0.3745091916528286,0.3122533965164852,0.44132289204298825
31,MRP2.1,35,0.3376783472569779,0.28281277427886287,0.3998152787630026
31,MRP2.1,36,0.33512706188829383,0.28040064936446074,0.3945431915815503
31,MRP2.1,37,0.35150136880001204,0.2897665165631694,0.41455207278533995
31,MRP2.1,38,0.33695676730434904,0.26049530692142253,0.4146450985153382
31,MRP2.1,39,0.3319402712792403,0.2632388203972567,0.40521131552080836
31,MRP2.1,40,0.29612899403353254,0.23655947995663323,0.3567665540695646
31,MRP2.1,41,0.3184139519601779,0.2610362693305173,0.3814577996292166
31,MRP2.1,42,0.36884623771965636,0.3100453542178485,0.4347374347609492
31,MRP2.1,44,0.3591918308111463,0.2911262625175571,0.439941856153216
31,MRP2.1,45,0.314751882692264,0.25322422362545527,0.37514552354535935
31,MRP2.1,46,0.2794638889324661,0.2053453764262768,0.3587849795440353
31,MRP2.1,47,0.33257768352811096,0.26943230501499343,0.40646139688452637
31,MRP2.1,48,0.37610945321167577,0.3256808633215862,0.42366527157849343
31,MRP2.1,49,0.23783796110198388,0.1748740562504225,0.29675861860130553
31,MRP2.1,50,0.31275394035328996,0.24970810003683566,0.3783125699528196
31,MRP2.1,51,0.2983917152157932,0.24476003680286137,0.3554097491199486
31,MRP2.1,53,0.3046849534635366,0.250969002129897,0.3522714345430152
31,MRP2.1,54,0.26425846125811875,0.194019976966902,0.3362011403430553
31,MRP2.1,55,0.3196383748289637,0.2512971852635717,0.38990165289240747
31,MRP2.1,56,0.2907020917758201,0.22355824332745872,0.3633221997368332
32,MRP2.1,01,0.31512883480419346,0.251060263031395,0.37623084455904876
32,MRP2.1,04,0.2755851435073808,0.21677837497861724,0.3250599213338814
32,MRP2.1,05,0.3018299900565482,0.23376867387892497,0.36552190767140325
32,MRP2.1,06,0.34187722199453935,0.3033679513069186,0.38434932452154097
32,MRP2.1,08,0.30206470970688637,0.2483157361410638,0.35400347074820177
32,MRP2.1,09,0.33894279005338745,0.2778780827334032,0.4070601141823072
32,MRP2.1,10,0.28993627178364023,0.23022048255290528,0.34612617219052055
32,MRP2.1,11,0.30630562636436404,0.2337616166879618,0.3674427643307281
32,MRP2.1,12,0.3309485583313505,0.2852313010581359,0.3792611302597147
32,MRP2.1,13,0.3619822477929069,0.3061384550221765,0.4309284195907694
32,MRP2.1,16,0.28694367950103417,0.23132066534645415,0.34014460837536864
32,MRP2.1,17,0.3383598411469898,0.2839284643579247,0.403027517942956
32,MRP2.1,18,0.3061770125623293,0.24348200610884904,0.37144013054584774
32,MRP2.1,19,0.3078358027335001,0.24868217926387307,0.37116007679161384
32,MRP2.1,20,0.2965367753489189,0.23943837437722765,0.3566444499898174
32,MRP2.1,21,0.3306112788085143,0.27033027277023675,0.396198480160702
32,MRP2.1,22,0.3750652928315046,0.31024351739310446,0.4712541195491878
32,MRP2.1,23,0.3019831703630407,0.24520449733353603,0.3656386063599705
32,MRP2.1,24,0.3284121454078375,0.277764377028801,0.3853138900525235
32,MRP2.1,25,0.3342941361733241,0.278681165686583,0.3909856502738581
32,MRP2.1,26,0.3679212678178988,0.30925875093620525,0.4347673324643979
32,MRP2.1,27,0.31898197821069746,0.26234871143187666,0.3853492375970442
32,MRP2.1,28,0.32527273786477773,0.2573986571166193,0.39284767036194657
32,MRP2.1,29,0.2755691836097967,0.20928924367940702,0.33249759073757207
32,MRP2.1,30,0.29657444346752976,0.2376097791633728,0.3582873882368676
32,MRP2.1,31,0.2856827011282893,0.22209115079123423,0.350270139386666
32,MRP2.1,32,0.3401689483212844,0.2860734171237355,0.4166383434283884
32,MRP2.1,33,0.2955653681003391,0.23898331595510316,0.3532091373461199
32,MRP2.1,34,0.34372161300120346,0.2920003611273105,0.4058388276629559
32,MRP2.1,35,0.2891256403396618,0.22606815134841882,0.3451552657223974
32,MRP2.1,36,0.31006733457874364,0.25467783551582057,0.3622517461226494
32,MRP2.1,37,0.3217751128390341,0.2672416860713929,0.38352615604552737
32,MRP2.1,38,0.3034779485388574,0.23903893633014545,0.3693414882416784
32,MRP2.1,39,0.32153523788895566,0.2623140212324982,0.38149464162210645
32,MRP2.1,40,0.3155462899261834,0.25705126736588135,0.37681363959199543
32,MRP2.1,41,0.2891317356628251,0.2344908041861768,0.341938020858441
32,MRP2.1,42,0.333728306608239,0.28060285241866245,0.3924280287246881
32,MRP2.1,44,0.3473310149458676,0.28994520068134644,0.4290714806542128
32,MRP2.1,45,0.31398791166730355,0.259523522570718,0.37697571215190945
32,MRP2.1,46,0.3190368828444375,0.2541733407960652,0.3937116315108044
32,MRP2.1,47,0.32827537619139646,0.2719822501137053,0.3880034902926899
32,MRP2.1,48,0.32752403392802726,0.27708564036413946,0.37616335064533724
32,MRP2.1,49,0.2904193699355993,0.234286455103998,0.34533942027253506
32,MRP2.1,50,0.32132746501977877,0.2655071503896233,0.3858087960934994
32,MRP2.1,51,0.29993741030636356,0.2433953483936441,0.3494096973567725
32,MRP2.1,53,0.30645735373608096,0.25470904086291135,0.3559573250623914
32,MRP2.1,54,0.3313739171658606,0.27583418993910913,0.4053970063472368
32,MRP2.1,55,0.32656373095612634,0.26759370506457647,0.3915140327761359
32,MRP2.1,56,0.296798708504158,0.235207345541345,0.3641753485997351
33,MRP2.1,01,0.33124528713664025,0.26262144648989655,0.41807143658429163
33,MRP2.1,04,0.2572778911756166,0.19564873447197137,0.31669199869542536
33,MRP2.1,05,0.29886719613125917,0.2304094321441377,0.3703412946848822
33,MRP2.1,06,0.3792628517818499,0.335961116411674,0.4233504653721763
33,MRP2.1,08,0.31334342822854133,0.24927232161993548,0.3808883078743615
33,MRP2.1,09,0.29309138352201736,0.2214811949655832,0.36244984047370726
33,MRP2.1,10,0.32927649047769714,0.26208561002686354,0.40482161396715266
33,MRP2.1,11,0.3350568576683122,0.2728446411014656,0.40385917987810444
33,MRP2.1,12,0.3500722144439794,0.30026244049830236,0.4035078330889183
33,MRP2.1,13,0.3272671146744488,0.2653862920089181,0.38700046362905194
33,MRP2.1,16,0.3034811100802543,0.24381684903388562,0.3680605879168236
33,MRP2.1,17,0.33308056983565815,0.2716763038313397,0.39993686362501585
33,MRP2.1,18,0.3212810533370276,0.25340774024727963,0.3959008850319629
33,MRP2.1,19,0.25813344417535783,0.19567498730470353,0.3218429971700951
33,MRP2.1,20,0.3055040796822338,0.23623436241981685,0.38402980749913
33,MRP2.1,21,0.35727576126237093,0.2900920259368933,0.43981999207916095
33,MRP2.1,22,0.3699818715311671,0.2939255044931062,0.4510296799133488
33,MRP2.1,23,0.29949192874705155,0.22873214588231358,0.37605639464854446
33,MRP2.1,24,0.2916487579464253,0.23490860824471282,0.3467728356232262
33,MRP2.1,25,0.3391987331867065,0.2827434742918751,0.39821790646170263
33,MRP2.1,26,0.3918346129810408,0.32852664643252233,0.4623378077113173
33,MRP2.1,27,0.2872752657119509,0.22096959071987032,0.3545591212013412
33,MRP2.1,28,0.31024692859822106,0.23699589443926905,0.3842292378737929
33,MRP2.1,29,0.29796838105771867,0.2322245154134708,0.3589749968209753
33,MRP2.1,30,0.2503220726457581,0.18014748361083904,0.3157492644921548
33,MRP2.1,31,0.24963677512550417,0.18309989826699324,0.31671652157872
33,MRP2.1,32,0.35209695286855214,0.28656555965031444,0.43115649404310663
33,MRP2.1,33,0.2858084492524936,0.22229554238035762,0.3518962041128973
33,MRP2.1,34,0.3216026334125964,0.25489041204498153,0.39113755098980907
33,MRP2.1,35,0.27966629439122226,0.2217386314541772,0.3405864655303715
33,MRP2.1,36,0.3861113971535612,0.32255290067907927,0.4585516677342911
33,MRP2.1,37,0.3336315764499474,0.27301539694248783,0.4035683345680264
33,MRP2.1,38,0.2924735476826356,0.216631056638841,0.37181279682754004
33,MRP2.1,39,0.3315882268068411,0.2636525321390853,0.4075284828328232
33,MRP2.1,40,0.2925723089719827,0.22307033067865922,0.3682016585811445
33,MRP2.1,41,0.29725653417736325,0.2399652215041917,0.3665827218097718
33,MRP2.1,42,0.3249861394246741,0.2654846686091981,0.3877998595604328
33,MRP2.1,44,0.28320049123459645,0.21652551581742846,0.3611335690788735
33,MRP2.1,45,0.3001816032909126,0.23455506001634358,0.37123941687261597
33,MRP2.1,46,0.32257449020418083,0.24518468179474717,0.4088230583558698
33,MRP2.1,47,0.3095905467216126,0.2390261270611462,0.3878905830925392
33,MRP2.1,48,0.3086445584076544,0.261304455715325,0.35726693454877073
33,MRP2.1,49,0.24457920623921886,0.18159026736143893,0.30784414536104215
33,MRP2.1,50,0.3174290943073962,0.25076010116475733,0.3948611423215427
33,MRP2.1,51,0.2711383445920256,0.21337041533436082,0.32700289442130837
33,MRP2.1,53,0.30732723665263656,0.2547763310256613,0.3612160375106481
33,MRP2.1,54,0.28218783673888015,0.21033707812054814,0.3545776329874674
33,MRP2.1,55,0.3112705459391703,0.24439227863821897,0.3890405387175019
33,MRP2.1,56,0.3245413626212168,0.25270924728664634,0.40211658190730737
34,MRP2.1,01,0.29088796923030763,0.2237934536527117,0.3618090461654873
34,MRP2.1,04,0.2893951693838084,0.23561629503829662,0.34551861742045625
34,MRP2.1,05,0.2977380925587451,0.23128583601021752,0.364008522572182
34,MRP2.1,06,0.35290892715416405,0.31168840558816285,0.4008990432202806
34,MRP2.1,08,0.2822420447622963,0.22378983879711573,0.33842749430826435
34,MRP2.1,09,0.3243115349924024,0.2579903632414431,0.3940953913469646
34,MRP2.1,10,0.2933478289421962,0.23535844895577854,0.3557155945221987
34,MRP2.1,11,0.2867686898984675,0.21994276864370785,0.347327728423402
34,MRP2.1,12,0.3521140858380545,0.3014083939837976,0.40987246109317665
34,MRP2.1,13,0.3250024000520612,0.269247809864358,0.38375930089852406
34,MRP2.1,16,0.3205832440972286,0.25957841015828786,0.38616031230503994
34,MRP2.1,17,0.32463378850385266,0.267068261270791,0.384290861886158
34,MRP2.1,18,0.3260343946100037,0.26577596022437544,0.39900809097792655
34,MRP2.1,19,0.25828710901249485,0.19350733361707337,0.3196606520421498
34,MRP2.1,20,0.2634290727502343,0.1942538197058151,0.3257804307503256
34,MRP2.1,21,0.3232970229333935,0.2567567925405479,0.3956324192740498
34,MRP2.1,22,0.36752997595142484,0.304006563552074,0.4448298397509297
34,MRP2.1,23,0.32610219748824104,0.2582691211736769,0.408419132870178
34,MRP2.1,24,0.3126108831653292,0.25410486591870046,0.3718081259425414
34,MRP2.1,25,0.37046130100505603,0.30735354117403924,0.44483538589842647
34,MRP2.1,26,0.3497813343273946,0.29006794908839634,0.4189805622138268
34,MRP2.1,27,0.2577005940255559,0.19558155996891716,0.3166757684737048
34,MRP2.1,28,0.3015420202088419,0.22384793851535256,0.37444435589515607
34,MRP2.1,29,0.3049461916382988,0.23994146237583722,0.3748876565941777
34,MRP2.1,30,0.2931030717310602,0.22300586175758372,0.3635192543774526
34,MRP2.1,31,0.2891162246195158,0.21670772702331373,0.36133366349608703
34,MRP2.1,32,0.33167939542533176,0.27183632830212995,0.40504839334711773
34,MRP2.1,33,0.27804181432953856,0.21832789555928164,0.33811267206843704
34,MRP2.1,34,0.34664683608685526,0.28288846038966764,0.4131569953717549
34,MRP2.1,35,0.31387560215754556,0.2456004644248565,0.37678314187248
34,MRP2.1,36,0.35283416262580336,0.2940561461047728,0.4160737046778705
34,MRP2.1,37,0.2963050475065932,0.2380774067906105,0.3533404086538413
34,MRP2.1,38,0.28783032735586345,0.21774709373501283,0.3609722992691085
34,MRP2.1,39,0.3116057051399713,0.2513172035523338,0.37709062877922267
34,MRP2.1,40,0.29527617764721054,0.22751593878451515,0.3620918923163306
34,MRP2.1,41,0.27844282417718214,0.220399740689811,0.33888659610467137
34,MRP2.1,42,0.30219406342664057,0.24384534660573806,0.36100555655125194
34,MRP2.1,44,0.30389156448754906,0.2410885643838838,0.3744303415936147
34,MRP2.1,45,0.29343044392150996,0.22270208394203098,0.3578704302461175
34,MRP2.1,46,0.3277590396066331,0.25824216368525055,0.4168988208747082
34,MRP2.1,47,0.3392252277227025,0.2785647443805509,0.4035600445394759
34,MRP2.1,48,0.34464406634976164,0.29761466405654513,0.39106744255129516
34,MRP2.1,49,0.2800210244236633,0.22217938809608404,0.3385511195146832
34,MRP2.1,50,0.29840365041229333,0.2380151750924237,0.36419752703483327
34,MRP2.1,51,0.33580218595287104,0.28417726602084287,0.39522979583479023
34,MRP2.1,53,0.3407369511348854,0.29261360272007764,0.3955593576640648
34,MRP2.1,54,0.30316281990045735,0.23669698791159313,0.37610421156414886
34,MRP2.1,55,0.35516157154301614,0.288175975454019,0.4356594832999281
34,MRP2.1,56,0.26658246206757685,0.19788844747974715,0.3350107647871875
35,MRP2.1,01,0.32716141719303105,0.27673423600904773,0.3752907917413977
35,MRP2.1,04,0.3096580107514962,0.26248692422379577,0.3586750862690926
35,MRP2.1,05,0.3085520845884361,0.25164427667643763,0.3598796779214098
35,MRP2.1,06,0.3540615516199045,0.320489134012004,0.3923845084159546
35,MRP2.1,08,0.29602984303177743,0.24305474972371668,0.3424725872491081
35,MRP2.1,09,0.3284545269234146,0.28310620156239946,0.38342829955257185
35,MRP2.1,10,0.3053190386822519,0.25220793558660914,0.35346438587245516
35,MRP2.1,11,0.35010292560612866,0.29928297648326796,0.39611140783548376
35,MRP2.1,12,0.32472421370466076,0.28273227423053165,0.3656102765167215
35,MRP2.1,13,0.3371842908742027,0.28752908548759154,0.38266562514592156
35,MRP2.1,16,0.3150375320130907,0.26820768419661717,0.37078154345762365
35,MRP2.1,17,0.3107425219265984,0.26272036465370485,0.3551434888877393
35,MRP2.1,18,0.29139213157539295,0.2378912857438042,0.33667750162465365
35,MRP2.1,19,0.3020206816391084,0.2521326002250606,0.3522908269074398
35,MRP2.1,20,0.3252584756219191,0.2772634095828087,0.38896797341999584
35,MRP2.1,21,0.33160097406676636,0.2807718907388431,0.38893976072405806
35,MRP2.1,22,0.3483531951228711,0.30073893817949554,0.40331453820848556
35,MRP2.1,23,0.31798751022258726,0.2674058521802157,0.3828333378805358
35,MRP2.1,24,0.34638774756391993,0.2983695470330339,0.39816221164990984
35,MRP2.1,25,0.3243562835289694,0.2801338367540261,0.37705480921045215
35,MRP2.1,26,0.36076889880017915,0.30847189723132423,0.4250285998489187
35,MRP2.1,27,0.30781440196845455,0.2606887211733687,0.35802195876452086
35,MRP2.1,28,0.32517726741821423,0.2683194826372287,0.38166175824983906
35,MRP2.1,29,0.3148422774178944,0.26717425742311296,0.36879235292210544
35,MRP2.1,30,0.28340910910320305,0.22768164721288753,0.3355335411687749
35,MRP2.1,31,0.28330288397848463,0.22362107197140313,0.3331318779939103
35,MRP2.1,32,0.31839393593408494,0.2678353361572309,0.367786114016365
35,MRP2.1,33,0.30471339804233466,0.2516805921297292,0.3663674245401162
35,MRP2.1,34,0.34262438339510254,0.29648147580192336,0.40097020935243877
35,MRP2.1,35,0.3312598305022157,0.28361245694959736,0.3791483317108114
35,MRP2.1,36,0.31789960531423217,0.2711334190779284,0.36263581711718623
35,MRP2.1,37,0.3112041076767497,0.25873870118113496,0.35566610598304166
35,MRP2.1,38,0.3157800985833003,0.26471917357525926,0.376766916555981
35,MRP2.1,39,0.32223801797650503,0.27583820464262704,0.3752672600222894
35,MRP2.1,40,0.31489161360427154,0.25905458600967773,0.3692972483242117
35,MRP2.1,41,0.31805822766071157,0.2761562474672907,0.3674385527002148
35,MRP2.1,42,0.3139437122109104,0.2699827193618342,0.36362989946957885
35,MRP2.1,44,0.3076836264158516,0.2528380257149434,0.3651007910385257
35,MRP2.1,45,0.3203140944107008,0.2738034910357801,0.36960624046706553
35,MRP2.1,46,0.30671672871737177,0.25126817724119777,0.3625061498250845
35,MRP2.1,47,0.33602219171659164,0.2864834818354447,0.39614664333551797
35,MRP2.1,48,0.3396265191239163,0.30074516303290305,0.37831187225128
35,MRP2.1,49,0.2862671016308776,0.23043170365378876,0.3327769736241238
35,MRP2.1,50,0.3004211125477342,0.250873547019104,0.353697777452681
35,MRP2.1,51,0.31012979191365314,0.2589347337241131,0.3525716209387626
35,MRP2.1,53,0.3212567840929891,0.2804118890714777,0.37315613663596847
35,MRP2.1,54,0.3094286296811185,0.2600118900397358,0.3664526283399544
35,MRP2.1,55,0.3056543202934239,0.2586769353086509,0.35961280044564936
35,MRP2.1,56,0.29667337588807347,0.242483268821008,0.3489256834980764
36,MRP2.1,01,0.3405646182650004,0.27024375437106585,0.41850263294027823
36,MRP2.1,04,0.31614006499914066,0.2608991351555673,0.3744799952007995
36,MRP2.1,05,0.33724006677619683,0.26914520086038235,0.4180980859729944
36,MRP2.1,06,0.38873464973067556,0.34307640214790053,0.4351560948651083
36,MRP2.1,08,0.2841887139256671,0.22795435761664445,0.34358227734233376
36,MRP2.1,09,0.3358526897433559,0.26970188377883275,0.40547944892275073
36,MRP2.1,10,0.26916578542118325,0.2075557249195223,0.33125046407331166
36,MRP2.1,11,0.2693889008514393,0.19971479313030904,0.33684586914883313
36,MRP2.1,12,0.33439830042869456,0.28459128224802,0.3874319202116633
36,MRP2.1,13,0.37026673768440443,0.3109585542060666,0.43723514245741746
36,MRP2.1,16,0.275488617820937,0.2103849740938522,0.34152708854027847
36,MRP2.1,17,0.3381186383847635,0.27563423617453314,0.4085028027380553
36,MRP2.1,18,0.34469621868337136,0.2791872569187379,0.4173035770476281
36,MRP2.1,19,0.2820184783567277,0.21696428574043786,0.3538866230456521
36,MRP2.1,20,0.28377622348790826,0.21327691486597594,0.36084988137303153
36,MRP2.1,21,0.3238591975796975,0.25626596679383296,0.39917512963723234
36,MRP2.1,22,0.36679290037471796,0.2952702877885589,0.44769213881969017
36,MRP2.1,23,0.2720668515582926,0.20373065693827314,0.3420961893964864
36,MRP2.1,24,0.3249243124717221,0.266104869029887,0.38700334731908875
36,MRP2.1,25,0.3361873134056697,0.2744325029304383,0.4037736143167482
36,MRP2.1,26,0.3623705445136267,0.3037663562723849,0.4309602804217334
36,MRP2.1,27,0.3216986134493178,0.25568629627651124,0.4004471956008559
36,MRP2.1,28,0.35162292229837716,0.27709425387688874,0.4337959158968056
36,MRP2.1,29,0.2881128994002598,0.21991886604576963,0.3559623271754989
36,MRP2.1,30,0.26806736633685446,0.20339090706705112,0.33679911597050494
36,MRP2.1,31,0.293436505249853,0.2242307189585888,0.36567899728290393
36,MRP2.1,32,0.3474330797918494,0.2813429408037033,0.42550448194923485
36,MRP2.1,33,0.2706865355235447,0.20629908478446346,0.33341837334400665
36,MRP2.1,34,0.33239336322677976,0.27417385204225775,0.3959197425909324
36,MRP2.1,35,0.37696606385868464,0.307500717734386,0.4561952222067212
36,MRP2.1,36,0.3026119366080572,0.2417660711004019,0.36261218256418476
36,MRP2.1,37,0.31830077519713246,0.25848065186197233,0.3838640720755525
36,MRP2.1,38,0.30952389025887433,0.23626288207262908,0.38486736814980277
36,MRP2.1,39,0.3859254368336538,0.31061640446504357,0.4626392240587004
36,MRP2.1,40,0.30513449567403006,0.2400316402397158,0.37316008643243415
36,MRP2.1,41,0.2877078164986329,0.22810710840210519,0.3476985149567276
36,MRP2.1,42,0.31690107826184144,0.25955172938315396,0.38314992522784713
36,MRP2.1,44,0.3227782118554628,0.2481369404535466,0.40811803658349965
36,MRP2.1,45,0.28528282267636657,0.2237993237417805,0.3470050172581631
36,MRP2.1,46,0.26575373611979847,0.18995657821343978,0.3453045170385556
36,MRP2.1,47,0.3301449684005354,0.2614007432538942,0.40516889152524593
36,MRP2.1,48,0.33084421554911114,0.28062609328244625,0.3803366563253297
36,MRP2.1,49,0.2295037957573996,0.17285835321843437,0.29262660587977135
36,MRP2.1,50,0.2726788668236804,0.2060057847624389,0.3456664975758028
36,MRP2.1,51,0.3116095443294262,0.25637215589585616,0.37114241438638423
36,MRP2.1,53,0.3140582860713595,0.26306260020976446,0.37453459600518063
36,MRP2.1,54,0.27212665705915967,0.19899738957431368,0.34685305068671896
36,MRP2.1,55,0.2898119538680894,0.22416209824533534,0.3588914869317585
36,MRP2.1,56,0.32477905627291753,0.25143629344726576,0.4120203815475621
37,MRP2.1,01,0.334949397297213,0.2638030825516423,0.39975529953177713
37,MRP2.1,04,0.33477702058240494,0.2798172838692567,0.39370439536264834
37,MRP2.1,05,0.369323210712526,0.3024378778245081,0.45009019051179616
37,MRP2.1,06,0.3961101285659003,0.3504221609101291,0.44489085250345245
37,MRP2.1,08,0.3289056165536781,0.2716822205763179,0.3883557454073864
37,MRP2.1,09,0.352291931085005,0.2905367252097094,0.4163384079237937
37,MRP2.1,10,0.3652590683882901,0.3057785433642301,0.43313493319527624
37,MRP2.1,11,0.3221257550456899,0.24129470335019218,0.38695554247799163
37,MRP2.1,12,0.336299323898924,0.2887594609258555,0.38730563240247173
37,MRP2.1,13,0.3490219631287082,0.294252893082531,0.4077336951410455
37,MRP2.1,16,0.31924255271832586,0.2611190240881801,0.38008222163923105
37,MRP2.1,17,0.32904664747660306,0.2705001326472561,0.38508705876357696
37,MRP2.1,18,0.3093070003092906,0.24548845961877647,0.3692415190635668
37,MRP2.1,19,0.34138965777656605,0.27926526080559094,0.4117532796574284
37,MRP2.1,20,0.30983343536771335,0.24366780903410384,0.3791200043311481
37,MRP2.1,21,0.34333030313436225,0.28183053994154234,0.4094014804664223
37,MRP2.1,22,0.38523492319892894,0.31997687421173415,0.473653395033288
37,MRP2.1,23,0.2933783907924923,0.23532205426536304,0.3571670498334482
37,MRP2.1,24,0.35006714775855224,0.2931891817426321,0.40928078017078
37,MRP2.1,25,0.29775628345839816,0.24057488800150809,0.3526569549142584
37,MRP2.1,26,0.34796365383547323,0.2946364824060242,0.40874918650641445
37,MRP2.1,27,0.301950872978447,0.24125087897024972,0.36091899171766273
37,MRP2.1,28,0.3641921280733406,0.2992157057754711,0.4354180973376523
37,MRP2.1,29,0.3039299256889634,0.23632480669312822,0.3671624288302564
37,MRP2.1,30,0.3195498599260595,0.26399201072010786,0.38882591684666207
37,MRP2.1,31,0.2995936889483187,0.24117497186428186,0.3586203478868504
37,MRP2.1,32,0.33990710499818944,0.2763584722693732,0.4052661250717176
37,MRP2.1,33,0.3196115888986879,0.2634620152656793,0.37990072619390647
37,MRP2.1,34,0.3756144733555713,0.31433614672966437,0.4482713298244828
37,MRP2.1,35,0.3026319113355396,0.22907458813844989,0.3638903319774774
37,MRP2.1,36,0.3365966855221896,0.2815792277650053,0.39534997395723176
37,MRP2.1,37,0.3598225456662058,0.30050770302499913,0.4334432521701335
37,MRP2.1,38,0.33134590898157745,0.2626998647308304,0.4017727378505688
37,MRP2.1,39,0.33882191401884293,0.28021812133862717,0.4054594857865004
37,MRP2.1,40,0.321957766983341,0.2565575594303833,0.3884908490764242
37,MRP2.1,41,0.3361347589146112,0.28326290476578786,0.39591736511567566
37,MRP2.1,42,0.35865563820972407,0.3027112865846652,0.42621836959547177
37,MRP2.1,44,0.37462420089318377,0.31209625561752496,0.4556511834669336
37,MRP2.1,45,0.3391205566945291,0.279763763929763,0.41083281731464755
37,MRP2.1,46,0.30580653438741506,0.23784574198692954,0.3814357246171754
37,MRP2.1,47,0.35457173962283645,0.2967633211064596,0.4236138695022874
37,MRP2.1,48,0.34959584951707345,0.30107217667283487,0.396003656795228
37,MRP2.1,49,0.2767412525286759,0.2140581125739272,0.3346831071471862
37,MRP2.1,50,0.3059898660823146,0.23726211903730562,0.37231480769824843
37,MRP2.1,51,0.32282036890854887,0.26596451297784013,0.3751704895769609
37,MRP2.1,53,0.3071385274275341,0.2561285095065399,0.3590457924582932
37,MRP2.1,54,0.27654286085085095,0.2074763259477776,0.33934652191751713
37,MRP2.1,55,0.322051228648784,0.26238127992913707,0.3893883478593237
37,MRP2.1,56,0.3152462650013606,0.248999195853871,0.3892384413302906
38,MRP2.1,01,0.3443928154895514,0.299982779113649,0.4053647464584301
38,MRP2.1,04,0.3195557767379934,0.2800812304108428,0.3605633226310002
38,MRP2.1,05,0.32145533352020306,0.268273828199216,0.36951375165327544
38,MRP2.1,06,0.35704465731620444,0.32578747599121477,0.3951793998164217
38,MRP2.1,08,0.32584814705070764,0.2869709007958503,0.3681193108440731
38,MRP2.1,09,0.3341962625023454,0.2899348241232366,0.3828646219100689
38,MRP2.1,10,0.32535594532931406,0.2850891755825577,0.37174499913030273
38,MRP2.1,11,0.3350132030521184,0.27580452903224106,0.3780614330327406
38,MRP2.1,12,0.33025468021216525,0.2935654511439972,0.3657019425261719
38,MRP2.1,13,0.3401236996575515,0.29769463340675306,0.38008113650017095
38,MRP2.1,16,0.306295756061184,0.2603001643279281,0.3490920173516199
38,MRP2.1,17,0.33965657159728413,0.29946365281383003,0.38775288669754066
38,MRP2.1,18,0.32677266084251844,0.2838192204774402,0.3780986709451714
38,MRP2.1,19,0.31275959645683793,0.26520420993590743,0.3666965167538119
38,MRP2.1,20,0.3108587567462985,0.2598010818749249,0.3562035453635804
38,MRP2.1,21,0.3402456730161077,0.2992684877697481,0.39772557408088205
38,MRP2.1,22,0.3538615699779043,0.3096691016057629,0.41083969442000845
38,MRP2.1,23,0.28808303300495386,0.23340353901436578,0.33402764071574403
38,MRP2.1,24,0.336089537594219,0.29158372419133266,0.3765663101500819
38,MRP2.1,25,0.31496740329852796,0.2681406920941347,0.3588227113218625
38,MRP2.1,26,0.3346776070853532,0.30040886624556346,0.3845751686687765
38,MRP2.1,27,0.33024120258663636,0.2907238951257035,0.38779489178048526
38,MRP2.1,28,0.3440489087472845,0.29175739632184117,0.3931463518322267
38,MRP2.1,29,0.318776104265983,0.2700221245793396,0.3674713160288522
38,MRP2.1,30,0.30956720121252546,0.26773722123971155,0.35627439014142004
38,MRP2.1,31,0.3230345316876838,0.2815834343358239,0.3736056446021413
38,MRP2.1,32,0.33509127630528146,0.2938291808869387,0.3822983915384361
38,MRP2.1,33,0.31644517537715056,0.27298880062509473,0.3750236326011766
38,MRP2.1,34,0.3454605595514483,0.30652700300915253,0.39505573400476995
38,MRP2.1,35,0.34079406315029026,0.296561674261866,0.3911383746477454
38,MRP2.1,36,0.3347100732697401,0.2944232099818198,0.3782360096118289
38,MRP2.1,37,0.3418624366049265,0.2960896013137354,0.39657023670693664
38,MRP2.1,38,0.33272388056902025,0.2898057424871248,0.3969997773045584
38,MRP2.1,39,0.32215715001011713,0.2726567328368454,0.3692398592824972
38,MRP2.1,40,0.3195101629897295,0.26248952278431376,0.3651465383113762
38,MRP2.1,41,0.33222697790628514,0.2905723990874719,0.3904972146828701
38,MRP2.1,42,0.3164684676974061,0.27262816325267364,0.35546263006324824
38,MRP2.1,44,0.3292981048826317,0.2882073390136238,0.3804530390363273
38,MRP2.1,45,0.32112521697865754,0.2789135156978855,0.36411495833346785
38,MRP2.1,46,0.3137055292083529,0.2588593742457977,0.3721277287308404
38,MRP2.1,47,0.33581746669501805,0.29471003592721345,0.3866090534180133
38,MRP2.1,48,0.3468659644323608,0.3104765701708684,0.3818185432947885
38,MRP2.1,49,0.29688905118391345,0.23935999962311713,0.339279307327267
38,MRP2.1,50,0.30840825135675004,0.2639427665427275,0.35800929327747827
38,MRP2.1,51,0.3108310778672395,0.2591009076964165,0.3489432994737513
38,MRP2.1,53,0.32633074090392516,0.2883719672097885,0.36707758870477025
38,MRP2.1,54,0.3057507539577288,0.2527820083819704,0.3529577458159842
38,MRP2.1,55,0.3192615059034973,0.2765245969067031,0.36728892954259046
38,MRP2.1,56,0.30565892210496026,0.2537491002377385,0.35753433683683966
39,MRP2.1,01,0.3474703321827724,0.30080015747212396,0.3983251625478208
39,MRP2.1,04,0.29980718608102963,0.25157146396855506,0.3417491335016287
39,MRP2.1,05,0.3432072556978343,0.2911816333799336,0.40537945921093255
39,MRP2.1,06,0.35228498612941184,0.3161672390485073,0.3973275437961982
39,MRP2.1,08,0.3133381075193884,0.2666841735754263,0.3610295998216606
39,MRP2.1,09,0.31618151611365264,0.26644436950544637,0.365854748384431
39,MRP2.1,10,0.3283446420153143,0.28390307242130913,0.3831065748488022
39,MRP2.1,11,0.3473651689728478,0.289293356400247,0.3962445937771651
39,MRP2.1,12,0.3362759399708615,0.29717467439585077,0.3839386367599614
39,MRP2.1,13,0.35006858704844107,0.29961278852590895,0.40135748664721266
39,MRP2.1,16,0.29136231241970156,0.23491914460722152,0.3377181512800397
39,MRP2.1,17,0.33065648810267206,0.28442939619174895,0.38286769576473906
39,MRP2.1,18,0.3345216305582225,0.28341275484563955,0.39351385092138896
39,MRP2.1,19,0.2973329739152624,0.242160773787473,0.35316808314394044
39,MRP2.1,20,0.33026100795349134,0.27844960391903534,0.3925095707095496
39,MRP2.1,21,0.3240974669551611,0.26894682777778217,0.37586809939042226
39,MRP2.1,22,0.36861260594286105,0.31658562321899947,0.43357326097529847
39,MRP2.1,23,0.31288912611787295,0.26456690765670543,0.3724549839896979
39,MRP2.1,24,0.3286175621972987,0.27614195013225334,0.3723738191421723
39,MRP2.1,25,0.30718600474540836,0.26284915902369144,0.3524906941942021
39,MRP2.1,26,0.3738901371029909,0.3202299922629128,0.4407283726499554
39,MRP2.1,27,0.29252710969916756,0.2444509014511083,0.33455733462551657
39,MRP2.1,28,0.34819032009757295,0.28667137680789434,0.4002466926832738
39,MRP2.1,29,0.3120660810039021,0.2583292227049456,0.362389644054274
39,MRP2.1,30,0.3001745204140188,0.25091315203314113,0.3523185655108612
39,MRP2.1,31,0.3044690852588694,0.2503914866409696,0.3531230058492567
39,MRP2.1,32,0.3320209215257411,0.2854988768762059,0.38533844279769736
39,MRP2.1,33,0.3001340984376397,0.2533469263699243,0.3516159071082228
39,MRP2.1,34,0.32214740382120594,0.2729756617000861,0.3685717678741761
39,MRP2.1,35,0.3388702607415743,0.2909152680390693,0.3955542844809728
39,MRP2.1,36,0.32480638510176796,0.27891702432391696,0.36942458753606183
39,MRP2.1,37,0.3356892173704677,0.28398142202383203,0.38619666690638776
39,MRP2.1,38,0.3222673293613039,0.26824203875025526,0.38189302315379337
39,MRP2.1,39,0.3095899288498234,0.25141034182786837,0.36030858346894373
39,MRP2.1,40,0.3423410987954832,0.29569798623572824,0.3945378899419908
39,MRP2.1,41,0.3185306791779133,0.27402737668818294,0.3758410452319619
39,MRP2.1,42,0.3198294284056916,0.275200694045353,0.3659910161698734
39,MRP2.1,44,0.33075434395991904,0.28036479236288675,0.3917423073365302
39,MRP2.1,45,0.3336643624865873,0.2800106882476551,0.39133511989978687
39,MRP2.1,46,0.29816259830229724,0.24106177378330784,0.35425927721324363
39,MRP2.1,47,0.3196734392975281,0.26539991653859185,0.36977745765610903
39,MRP2.1,48,0.33715084251416283,0.2927819019780832,0.37468888167336845
39,MRP2.1,49,0.29895219814429747,0.24492526590090252,0.3482381418612492
39,MRP2.1,50,0.3145257187921729,0.2633393688315503,0.3734025840835192
39,MRP2.1,51,0.3080893123332118,0.26065696105323544,0.3496836428083302
39,MRP2.1,53,0.3130284820912075,0.2691745463429553,0.3594337737166811
39,MRP2.1,54,0.2901918213210826,0.2328172400879415,0.3404119287983865
39,MRP2.1,55,0.31193968776149456,0.26289833028126397,0.35958354242176227
39,MRP2.1,56,0.29311255200767117,0.23405294567239082,0.3463311893336119
40,MRP2.1,01,0.312319050851544,0.24608504812551069,0.3754988994399745
40,MRP2.1,04,0.2792791230991897,0.2258243871970093,0.33123337067874775
40,MRP2.1,05,0.3103377203444007,0.24250672374028726,0.37892539347305637
40,MRP2.1,06,0.3656434083332591,0.3213236978404868,0.41114602466343325
40,MRP2.1,08,0.2813717526480238,0.21058540718146604,0.341636093514462
40,MRP2.1,09,0.33015077247924146,0.2695586018528209,0.3955843470350219
40,MRP2.1,10,0.37847481488334905,0.30724678426916535,0.46571106938454254
40,MRP2.1,11,0.3267144665252631,0.2619398125059308,0.3885321466332668
40,MRP2.1,12,0.3723494986643234,0.31772993499704444,0.43446361041626247
40,MRP2.1,13,0.33176839482428294,0.2759609743180145,0.38601740799036044
40,MRP2.1,16,0.2701829199626782,0.20981390563523183,0.33105023349217955
40,MRP2.1,17,0.3050149659300025,0.2462718755136529,0.368821949995128
40,MRP2.1,18,0.2980813563840963,0.2347545374407833,0.3620807527537623
40,MRP2.1,19,0.2778943147377884,0.21524458808296612,0.3424084117266402
40,MRP2.1,20,0.28204126328177226,0.22054339974063625,0.3418234414340467
40,MRP2.1,21,0.3135976003922045,0.2500053793885681,0.38050512138971826
40,MRP2.1,22,0.3851552663422248,0.3147159842064952,0.4700785472708602
40,MRP2.1,23,0.304184939654171,0.24062967842138708,0.3738195574785101
40,MRP2.1,24,0.34403847348837413,0.29214361843663555,0.40188262499582134
40,MRP2.1,25,0.31360738428003593,0.2570374750286661,0.37571657107993367
40,MRP2.1,26,0.36115049552853334,0.30291375218264693,0.42734338797584254
40,MRP2.1,27,0.29095279615190484,0.23554566136955749,0.34893261193392083
40,MRP2.1,28,0.3718607638636774,0.3002209067784047,0.4506466832262946
40,MRP2.1,29,0.30660387455026605,0.2478844900115004,0.367222481637679
40,MRP2.1,30,0.2769719957438251,0.21836015583078106,0.33570842502178183
40,MRP2.1,31,0.30155184510078337,0.23585629291613347,0.3680579489745304
40,MRP2.1,32,0.3374245465927923,0.27124838239314436,0.41094383951092134
40,MRP2.1,33,0.31252139607144147,0.24619260322358164,0.38450927493784676
40,MRP2.1,34,0.35021838849487585,0.2888477958855235,0.4174971781232897
40,MRP2.1,35,0.308320356111819,0.24609319579597347,0.367756788564076
40,MRP2.1,36,0.31884840102268375,0.26251820466456266,0.37676012868452885
40,MRP2.1,37,0.34609051031563987,0.28851030488574925,0.40742215444457625
40,MRP2.1,38,0.32158766161177804,0.256386182213303,0.40752991502896646
40,MRP2.1,39,0.3137322130991109,0.25166464146835826,0.3781165165916543
40,MRP2.1,40,0.32872715338058445,0.2636763671018944,0.39898958781902305
40,MRP2.1,41,0.32954911315428076,0.26927860582074437,0.39481792819962125
40,MRP2.1,42,0.3220452138545593,0.27000827176915365,0.3818406610851416
40,MRP2.1,44,0.31094628548718833,0.2519419427126822,0.3773076858261114
40,MRP2.1,45,0.301464244439717,0.23533693335357714,0.36777809202737255
40,MRP2.1,46,0.28482752147546775,0.21643342351861464,0.3593257059679087
40,MRP2.1,47,0.2998363521428297,0.23434729439041435,0.3586445604657266
40,MRP2.1,48,0.3432572798302211,0.29722255937823094,0.39562860204560024
40,MRP2.1,49,0.2399828707001635,0.17989725579840204,0.30040646600735943
40,MRP2.1,50,0.27450114477212406,0.21317931909085486,0.33908358124220367
40,MRP2.1,51,0.31902562796401657,0.261978240780527,0.37577844998518134
40,MRP2.1,53,0.3297528252283847,0.2722819818809759,0.3903256296784708
40,MRP2.1,54,0.27633010693312077,0.2171093764841538,0.3436882003533047
40,MRP2.1,55,0.32492027536647405,0.2618611310959093,0.39774910145720865
40,MRP2.1,56,0.2951296723945636,0.23048457032585157,0.3685973587415932
41,MRP2.1,01,0.3378122340793039,0.26928681866598103,0.41012737910092406
41,MRP2.1,04,0.28014147887174246,0.2177338734333815,0.34477761008743546
41,MRP2.1,05,0.3435677646944543,0.2681774436423497,0.41896892175173006
41,MRP2.1,06,0.3614187633704795,0.3207170269726912,0.4043179472804319
41,MRP2.1,08,0.34643009458863716,0.28744444513512585,0.413605320800676
41,MRP2.1,09,0.3554125120240285,0.28166417497991714,0.437144869213926
41,MRP2.1,10,0.3807263228668166,0.3150871571551665,0.45527156822797876
41,MRP2.1,11,0.3150917157555138,0.2555864199166649,0.3776288086364357
41,MRP2.1,12,0.36862204157447326,0.3178875533289805,0.4235309715196332
41,MRP2.1,13,0.3900736412464629,0.3295620233389306,0.46062245195830925
41,MRP2.1,16,0.3070756514043412,0.24428674194007305,0.37397395700904595
41,MRP2.1,17,0.3319547262576649,0.268080835767132,0.39592745689606074
41,MRP2.1,18,0.2932734775411964,0.22357374340427955,0.36412465892390944
41,MRP2.1,19,0.30155863735794136,0.23515308024840256,0.36899387049643917
41,MRP2.1,20,0.28484399015245104,0.21207313441042858,0.35424811061456823
41,MRP2.1,21,0.34348253012382846,0.27386842834371333,0.4200306379180475
41,MRP2.1,22,0.4100988223365415,0.33638653944016655,0.49766446777519496
41,MRP2.1,23,0.28878810113366205,0.21539532624346563,0.3628144247359581
41,MRP2.1,24,0.3376821423379125,0.2801357057046019,0.3972161630773286
41,MRP2.1,25,0.3796223230981418,0.31662784106927877,0.44976297472830606
41,MRP2.1,26,0.4167501652587681,0.3484913601822485,0.4926651217406706
41,MRP2.1,27,0.3094937937876016,0.24410148448846974,0.37509621997912934
41,MRP2.1,28,0.3669110752258346,0.29375683037430356,0.45133432528942613
41,MRP2.1,29,0.2906492796489827,0.22117262115784686,0.35926472272965765
41,MRP2.1,30,0.28767503671042904,0.21782003621169935,0.35795472066022127
41,MRP2.1,31,0.29506659630482146,0.22437492746316587,0.3639500196585887
41,MRP2.1,32,0.38145241529158874,0.3163340782332688,0.46071769172270155
41,MRP2.1,33,0.35164825356726426,0.2847252014202189,0.4257585955755771
41,MRP2.1,34,0.34907772144535437,0.2863576105191211,0.4153513029716346
41,MRP2.1,35,0.36888326397840165,0.2990363207511076,0.4355874356814709
41,MRP2.1,36,0.3629255985588507,0.30525658951248413,0.4317692459593023
41,MRP2.1,37,0.33460576433764494,0.26754526433199083,0.40287866750733003
41,MRP2.1,38,0.3265497390034336,0.2505984750993191,0.4090799462521712
41,MRP2.1,39,0.3256149971636924,0.2561841574562549,0.3995058685344593
41,MRP2.1,40,0.29898490950851514,0.2249489885360187,0.37369021402061225
41,MRP2.1,41,0.31358510349095514,0.25066552152558275,0.3771808538204901
41,MRP2.1,42,0.32653897978245566,0.25792165982887083,0.3922602887172738
41,MRP2.1,44,0.38809829485985964,0.3122208690549294,0.4791070411327085
41,MRP2.1,45,0.3240740019857575,0.26264513617261875,0.3884672930262147
41,MRP2.1,46,0.29598772586905425,0.22237307018620228,0.3799220253887803
41,MRP2.1,47,0.32190193675304024,0.2528651330650918,0.39296838775323
41,MRP2.1,48,0.3668739860801537,0.3172740432443867,0.41984550040265856
41,MRP2.1,49,0.2811496318293842,0.2238709191267202,0.3391062339157583
41,MRP2.1,50,0.3707146666941712,0.2994641342795568,0.4571698663792676
41,MRP2.1,51,0.340476677903049,0.27881198179619204,0.4022964387512051
41,MRP2.1,53,0.3347629362742887,0.28066554010364236,0.3884300525893266
41,MRP2.1,54,0.32088574079064996,0.2514526961533075,0.39453631304747516
41,MRP2.1,55,0.30588714764287295,0.23614424060998476,0.379521625806328
41,MRP2.1,56,0.28920668756641754,0.21061471189312825,0.361894046722033
42,MRP2.1,01,0.2947670420479964,0.22942274104319274,0.35925395490430845
42,MRP2.1,04,0.2919419400065816,0.24240417740862455,0.3394074081061322
42,MRP2.1,05,0.2696343886586773,0.19277698609854316,0.3314118323943653
42,MRP2.1,06,0.3504134135244089,0.310277348480201,0.39119517271141824
42,MRP2.1,08,0.3352930938254693,0.282502174806421,0.394981810245714
42,MRP2.1,09,0.320070289096051,0.2580361543198605,0.3856812735096263
42,MRP2.1,10,0.3335400169342131,0.2789951444028541,0.39495855507447686
42,MRP2.1,11,0.33849846693501434,0.28474642359136143,0.394746317716403
42,MRP2.1,12,0.3189724953609312,0.27399106495667797,0.36476708152689297
42,MRP2.1,13,0.3105949619992737,0.2568111045997617,0.363053481045863
42,MRP2.1,16,0.2722340879623385,0.21087205799607012,0.3288376985535446
42,MRP2.1,17,0.3184695480316667,0.26436567291840746,0.37674071540850973
42,MRP2.1,18,0.2943985520282782,0.23012630730153397,0.34973635428425465
42,MRP2.1,19,0.28474271759956526,0.22188686236423505,0.3494704706339246
42,MRP2.1,20,0.28570482712718986,0.22236742721973737,0.3443399766704054
42,MRP2.1,21,0.33363888087159793,0.27560100803010495,0.3981406433243469
42,MRP2.1,22,0.33294593697426733,0.26871167843925703,0.4021530543688959
42,MRP2.1,23,0.285505724355333,0.22794391509803916,0.3471206679633411
42,MRP2.1,24,0.3028428232605523,0.24481673402406348,0.3530481418877711
42,MRP2.1,25,0.31906749312715543,0.26774538118663427,0.3754633948343757
42,MRP2.1,26,0.3603546081508345,0.30021228732072,0.43641018683335353
42,MRP2.1,27,0.3366045307911022,0.2769347203146649,0.4076046250910377
42,MRP2.1,28,0.3434082814037791,0.2808651096554332,0.41411149485080606
42,MRP2.1,29,0.3031445196570733,0.24246483184641843,0.35967572106961176
42,MRP2.1,30,0.30531698828966813,0.24553058637530586,0.36689624172626967
42,MRP2.1,31,0.30892183814764274,0.2511656927242815,0.3702813669791547
42,MRP2.1,32,0.3451872294851297,0.29062980640845437,0.42281041600407115
42,MRP2.1,33,0.3311611272246367,0.27081038825618936,0.40169995472446685
42,MRP2.1,34,0.3436238854461367,0.29151039761900555,0.40954511128848586
42,MRP2.1,35,0.3272829358202331,0.2738502556882903,0.3863817133224528
42,MRP2.1,36,0.32439559484495684,0.2701236562524113,0.3798980576040825
42,MRP2.1,37,0.3355399624774676,0.2812197297574348,0.40394336635138045
42,MRP2.1,38,0.3070205982053642,0.2386462679907003,0.379268775472559
42,MRP2.1,39,0.300665603513606,0.24238378274072844,0.3584257018332657
42,MRP2.1,40,0.3327825074353639,0.2734588448662007,0.3977601191777903
42,MRP2.1,41,0.29911745882619645,0.24740619545304637,0.3544788174093337
42,MRP2.1,42,0.3281826083404267,0.2778598830923344,0.39087344172788246
42,MRP2.1,44,0.31775991778744545,0.26340593184887445,0.38426672203043477
42,MRP2.1,45,0.29959308826850456,0.24034358189602462,0.3524577414334374
42,MRP2.1,46,0.31234713859727564,0.24393862479096257,0.38645289127551963
42,MRP2.1,47,0.2922924262359535,0.2298156029702436,0.35315182082885016
42,MRP2.1,48,0.32587168128707616,0.28000901218595464,0.369610865735836
42,MRP2.1,49,0.28849126651457124,0.23347310839371688,0.34346453034182
42,MRP2.1,50,0.30247472979155143,0.24499293256080934,0.36683646020871824
42,MRP2.1,51,0.3233592509272183,0.2735903480326081,0.3744972838616659
42,MRP2.1,53,0.3051491912177995,0.25417114288287135,0.35296597591500933
42,MRP2.1,54,0.3038322287479935,0.23787471459662676,0.37176745119673305
42,MRP2.1,55,0.3099566906875744,0.25262401153885056,0.36953195974693315
42,MRP2.1,56,0.2681591300043766,0.19715838421441528,0.3258695531401574
43,MRP2.1,01,0.3315890331023287,0.2691809915020744,0.40621404336759104
43,MRP2.1,04,0.30915982787508595,0.2574229620502256,0.3654138115208728
43,MRP2.1,05,0.31526169400864384,0.2464417758085061,0.3857025589801625
43,MRP2.1,06,0.3669542546625864,0.3270016227864641,0.4141145920165848
43,MRP2.1,08,0.3196214234742155,0.2680410249752102,0.37615262695209145
43,MRP2.1,09,0.39204172422282885,0.3170961325563046,0.4856418353281204
43,MRP2.1,10,0.2989921367907716,0.2349024187791936,0.3641905865413768
43,MRP2.1,11,0.3305424056281662,0.26565530945442,0.40189215022501407
43,MRP2.1,12,0.3241284112322225,0.27503235297537704,0.37647638610986106
43,MRP2.1,13,0.3030063831574058,0.24132447900292142,0.36255194713715966
43,MRP2.1,16,0.29418298691715894,0.23121164454150686,0.35661756877896666
43,MRP2.1,17,0.35672142031344345,0.2964305909226058,0.4304762335318911
43,MRP2.1,18,0.30045839471139574,0.23735621703041315,0.363668999791551
43,MRP2.1,19,0.29390451937295536,0.2306833752678161,0.3609865900078128
43,MRP2.1,20,0.3084029426578745,0.2464358884781456,0.3749480054214429
43,MRP2.1,21,0.3502773249734447,0.2855584115312623,0.41659219627688754
43,MRP2.1,22,0.3636473998864726,0.3003718750596214,0.44132103544356277
43,MRP2.1,23,0.28363381810473476,0.21732024730078375,0.35193105976537276
43,MRP2.1,24,0.32805320213934175,0.2761248050889505,0.3868583891364587
43,MRP2.1,25,0.35243782753027825,0.2959375241268721,0.41506008483725537
43,MRP2.1,26,0.36209699466569745,0.3070320408059673,0.4334187022465364
43,MRP2.1,27,0.30306310343441184,0.24143487173574307,0.36810156307878766
43,MRP2.1,28,0.33115473067232687,0.26702113002329864,0.3999209105122952
43,MRP2.1,29,0.30279485696307445,0.23754579540106993,0.3745249813181146
43,MRP2.1,30,0.2675549657086273,0.20540127496941332,0.3309744756102119
43,MRP2.1,31,0.24368217876110884,0.16403796410769436,0.3119162973983142
43,MRP2.1,32,0.3369260897850065,0.27353727669886335,0.4074454467418805
43,MRP2.1,33,0.2926236883353749,0.23407058812590342,0.35634078839346806
43,MRP2.1,34,0.34660080260078036,0.2799484651808741,0.41404708673873947
43,MRP2.1,35,0.339779620701966,0.27905324082532135,0.40408245346775634
43,MRP2.1,36,0.34289913619328105,0.28525347986507144,0.4038368354986334
43,MRP2.1,37,0.34857618758225056,0.28771065963367337,0.41564885008181046
43,MRP2.1,38,0.30882855128319187,0.2391515420701559,0.38274314396822084
43,MRP2.1,39,0.30563330092972846,0.24321903339362955,0.37295121021985206
43,MRP2.1,40,0.3033661099893613,0.24449099404344207,0.36555127635653034
43,MRP2.1,41,0.30188024712722095,0.24770993241230768,0.36303164616378597
43,MRP2.1,42,0.28990174014963754,0.23241932153054848,0.3512262184527467
43,MRP2.1,44,0.2982336250048157,0.2266234281680799,0.37261085130099936
43,MRP2.1,45,0.3463340767544908,0.28867832709485103,0.4161793133799125
43,MRP2.1,46,0.3002195102789898,0.232665130241231,0.37786342449388566
43,MRP2.1,47,0.3301859482632021,0.2709364491800786,0.39409231411837503
43,MRP2.1,48,0.3069852251075764,0.2613568323635485,0.3523374804524895
43,MRP2.1,49,0.32845715517532253,0.26796213520610096,0.39157993213870423
43,MRP2.1,50,0.34722915159412626,0.28078718573830447,0.4262388256205477
43,MRP2.1,51,0.26329150813457086,0.20465210385064694,0.3217736978259981
43,MRP2.1,53,0.3045284347697371,0.25286953757650127,0.35559134117959085
43,MRP2.1,54,0.3094418885835248,0.24550538823226467,0.38119141770416654
43,MRP2.1,55,0.2734929202121923,0.20932277245400038,0.3347657655183547
43,MRP2.1,56,0.31955404318370745,0.25142242223358413,0.3955659817213672
44,MRP2.1,01,0.3399520759531364,0.280388027936079,0.40594510070794587
44,MRP2.1,04,0.30838016570579724,0.25623346039352546,0.3611669395210945
44,MRP2.1,05,0.36512880151570687,0.295326381461456,0.4469557108995245
44,MRP2.1,06,0.3574513466414271,0.31567633323759414,0.40324913617429703
44,MRP2.1,08,0.3216793292683442,0.2646383712958513,0.3825201329248274
44,MRP2.1,09,0.3295768014242325,0.274770173244791,0.39142731882595583
44,MRP2.1,10,0.2980583702041048,0.23462071418262234,0.35134284700169527
44,MRP2.1,11,0.2972759488528978,0.2228105448408862,0.3617721937932615
44,MRP2.1,12,0.34550458367735304,0.30026088893253033,0.39798426256932706
44,MRP2.1,13,0.3253829964642633,0.2719058256283755,0.3769131662227779
44,MRP2.1,16,0.29484396161962945,0.23650697512616714,0.35499476648433664
44,MRP2.1,17,0.32503112594689687,0.26925687934859505,0.3810155795025184
44,MRP2.1,18,0.31433071024936615,0.25656504869457586,0.381344430976517
44,MRP2.1,19,0.3158003506884927,0.25827733892220583,0.3753393541118416
44,MRP2.1,20,0.3063225051611864,0.24989505493027359,0.3618072385959548
44,MRP2.1,21,0.35445395642016825,0.2940634474384957,0.4298993280489373
44,MRP2.1,22,0.3512069925256527,0.294108654362817,0.4171510076393209
44,MRP2.1,23,0.29673706694933955,0.24264572954622968,0.35872370290909433
44,MRP2.1,24,0.3467870166915482,0.29607648787795415,0.40065093889902087
44,MRP2.1,25,0.3274280162442476,0.2777467527476349,0.38807962445084715
44,MRP2.1,26,0.3733547377694252,0.314930597204378,0.4453979638836323
44,MRP2.1,27,0.3190279017833476,0.26171427180157875,0.3874471360530013
44,MRP2.1,28,0.3467474795014075,0.2782666670207524,0.41558512815349613
44,MRP2.1,29,0.29657322968976046,0.23271681510701295,0.3541021558647614
44,MRP2.1,30,0.2834325735271062,0.22434344319548666,0.34336112552730425
44,MRP2.1,31,0.2780132566400119,0.20147702963774455,0.334474255809808
44,MRP2.1,32,0.3224215962079904,0.2594770418544487,0.3800910257042251
44,MRP2.1,33,0.310801354676154,0.2553700503741061,0.37196941428098923
44,MRP2.1,34,0.3476369614438335,0.2908690892078403,0.40965670916202507
44,MRP2.1,35,0.3592989055649472,0.3013158977360753,0.4295011723161894
44,MRP2.1,36,0.3279097359463648,0.2731078014958104,0.3842944385641499
44,MRP2.1,37,0.3355840913586599,0.27860911717425396,0.39354442568570425
44,MRP2.1,38,0.34706406026050624,0.28492349986084925,0.4278629792577255
44,MRP2.1,39,0.34281859143028415,0.2877093376758806,0.40852733077318254
44,MRP2.1,40,0.3318565382854785,0.27300078135616496,0.3886360356015547
44,MRP2.1,41,0.3105703499957383,0.2579053727785258,0.3654043830473255
44,MRP2.1,42,0.3543675519762022,0.29787436097770864,0.42012355638597887
44,MRP2.1,44,0.31000607435032695,0.2407966399316291,0.3774474161991584
44,MRP2.1,45,0.311056661597254,0.25152577370748613,0.3678692481339238
44,MRP2.1,46,0.3259533302085814,0.2628150407006761,0.39262176976634916
44,MRP2.1,47,0.3493384135918585,0.28970741549530576,0.41708211328954586
44,MRP2.1,48,0.33755545709128465,0.28927960553167503,0.38276176699266423
44,MRP2.1,49,0.3009065129895335,0.24364946591381825,0.3572862231691977
44,MRP2.1,50,0.3035992465273482,0.24230469092534215,0.36880444720539074
44,MRP2.1,51,0.29046872133620033,0.2333582518586965,0.34074156173072256
44,MRP2.1,53,0.3512800756284109,0.30339561572377527,0.4050400214755612
44,MRP2.1,54,0.3075696977548054,0.2413967383347536,0.3748939921463176
44,MRP2.1,55,0.2867982119247932,0.22882826760829425,0.34512681106713555
44,MRP2.1,56,0.28214549190959626,0.21038426431368776,0.34299903741950477
45,MRP2.1,01,0.27995816641973154,0.21975589911726245,0.33992644604586947
45,MRP2.1,04,0.33441807036288,0.28190521607229074,0.3933562819148654
45,MRP2.1,05,0.2992919674667739,0.23796090951844615,0.36874634400575956
45,MRP2.1,06,0.35687296863249834,0.3176348234308096,0.3997178349043635
45,MRP2.1,08,0.29773935102137206,0.24741731275669945,0.3479325313374118
45,MRP2.1,09,0.3167924723478396,0.25634915719334833,0.3783838449612094
45,MRP2.1,10,0.3004479997996961,0.24750004054884794,0.36207920327485266
45,MRP2.1,11,0.30199308148334825,0.2398950672952576,0.35792356359388905
45,MRP2.1,12,0.3522267276463601,0.3044701624861012,0.40362234536719677
45,MRP2.1,13,0.3076272852643232,0.2520755954685269,0.36097478842873065
45,MRP2.1,16,0.30986919391243095,0.25359450518121013,0.37246958375982764
45,MRP2.1,17,0.34502773006890525,0.2810970257097952,0.4160521072323284
45,MRP2.1,18,0.2876419315118498,0.22715482894498232,0.3550405869971326
45,MRP2.1,19,0.23368287411927732,0.16658780709795842,0.30040248950920573
45,MRP2.1,20,0.29629169111243087,0.22862717512946798,0.36407671246390655
45,MRP2.1,21,0.3259641880265371,0.2586040101925687,0.39782273239951516
45,MRP2.1,22,0.3476460180557087,0.2820786464404873,0.4313296543225855
45,MRP2.1,23,0.29895991366137775,0.23526461715056113,0.36699439463960487
45,MRP2.1,24,0.304494022713029,0.2502941136173008,0.3611790885197727
45,MRP2.1,25,0.2876969684654104,0.2331436111793521,0.34393992219723185
45,MRP2.1,26,0.32080625743595265,0.26470465308136326,0.3795496755162283
45,MRP2.1,27,0.29765980029950906,0.23779543675550024,0.35912586023755777
45,MRP2.1,28,0.33013110984983224,0.2717346081797329,0.3990638968454216
45,MRP2.1,29,0.3252624880213608,0.26009218275704576,0.39368266657747836
45,MRP2.1,30,0.26077564906489514,0.1963897863418059,0.32438908147239326
45,MRP2.1,31,0.27281840249187983,0.21588415475917241,0.3364703357436479
45,MRP2.1,32,0.36725273889563664,0.3078720801802339,0.43663525764085476
45,MRP2.1,33,0.2824421401817049,0.2205843459149751,0.3494731286947108
45,MRP2.1,34,0.34377213661059663,0.28795090881342583,0.4058848632951365
45,MRP2.1,35,0.3241427808700002,0.26665636222327704,0.38499093616402613
45,MRP2.1,36,0.33139881859751874,0.2758929470512444,0.3906017276170725
45,MRP2.1,37,0.3152464708098694,0.25311212133688615,0.3763807364910384
45,MRP2.1,38,0.30708912834627805,0.23843545888778658,0.381844933766975
45,MRP2.1,39,0.3192421016179851,0.258033194010384,0.38543675898576346
45,MRP2.1,40,0.3115576952414312,0.24810540238345194,0.3742226084441368
45,MRP2.1,41,0.29989354328482193,0.24583383765821126,0.3571712917849182
45,MRP2.1,42,0.31944326982534316,0.26330244093339833,0.38208601601075826
45,MRP2.1,44,0.3134367993712066,0.24762829080469578,0.3864333638607861
45,MRP2.1,45,0.3023881407969798,0.24615158410714835,0.3608087497916826
45,MRP2.1,46,0.31626636894451116,0.24432170124028332,0.3969958258266399
45,MRP2.1,47,0.34123637984644545,0.28237332893005507,0.4107456943070033
45,MRP2.1,48,0.34509429192849356,0.30163723568171513,0.3933916590213271
45,MRP2.1,49,0.23243591489553433,0.1767828602736929,0.28793275091513315
45,MRP2.1,50,0.31480954490637036,0.24861004878585657,0.3858484856502264
45,MRP2.1,51,0.3080605312087214,0.2622859108727934,0.36433932868444957
45,MRP2.1,53,0.30662341611329413,0.2557330319576606,0.36656462158468756
45,MRP2.1,54,0.256482452225065,0.18804214659363788,0.31881704441808634
45,MRP2.1,55,0.26523828756177603,0.2001540111435849,0.3283371139295653
45,MRP2.1,56,0.27699051915716594,0.2017143339183965,0.35258043200587713
46,MRP2.1,01,0.33258276456037544,0.2714300388538619,0.39651560193901847
46,MRP2.1,04,0.3244608710428295,0.27383489486455836,0.37793984240068357
46,MRP2.1,05,0.3367612060088796,0.27311547349639426,0.40082422825726294
46,MRP2.1,06,0.3581525064376168,0.31441938362595845,0.4039476107594532
46,MRP2.1,08,0.325041628905901,0.2727789682505939,0.3825691655879175
46,MRP2.1,09,0.35623511310933226,0.29847422718318717,0.42862856600224525
46,MRP2.1,10,0.3427702283725133,0.29081706393777296,0.41191923249655
46,MRP2.1,11,0.30307291045418744,0.2289887192400857,0.36606191847184805
46,MRP2.1,12,0.34275085577295616,0.2985295731700939,0.39682837702027485
46,MRP2.1,13,0.30297700228867025,0.2410154344988786,0.35582002659421985
46,MRP2.1,16,0.2967283348600574,0.2327687476019157,0.3561375712071173
46,MRP2.1,17,0.3015001870237742,0.24012494053185077,0.3621732135836133
46,MRP2.1,18,0.3348533985982894,0.282474269048574,0.3933763911818889
46,MRP2.1,19,0.28466435107751825,0.2183194158196872,0.34135047779575406
46,MRP2.1,20,0.3018057623575794,0.2380458896095338,0.3624192029952157
46,MRP2.1,21,0.358828865249064,0.29987218238171187,0.4284753845825468
46,MRP2.1,22,0.35791627342263355,0.2967195461862145,0.42979021201034767
46,MRP2.1,23,0.2962066101050073,0.2305150942796985,0.3685287378947884
46,MRP2.1,24,0.3250851365971941,0.2670854224893216,0.3766804238332389
46,MRP2.1,25,0.3398354132614087,0.2891467437551735,0.39802083740446204
46,MRP2.1,26,0.3274176198397889,0.27731263279584856,0.3858120604977131
46,MRP2.1,27,0.3287460101440163,0.276408569397614,0.389508443203843
46,MRP2.1,28,0.3398446648690046,0.27818612088493355,0.39999672302498507
46,MRP2.1,29,0.336108965460735,0.27848801973413684,0.39891646657443763
46,MRP2.1,30,0.30293548890373695,0.24284482459597953,0.3593508925995921
46,MRP2.1,31,0.3371041537849289,0.28336573508066704,0.4009393430523536
46,MRP2.1,32,0.3600323270471876,0.30126013165864507,0.4307141052249856
46,MRP2.1,33,0.30678654482414935,0.2513680216621517,0.3674237967959561
46,MRP2.1,34,0.3479470188001719,0.29247379651892125,0.40848143191944586
46,MRP2.1,35,0.31291835046858985,0.25690590831694304,0.36332472669459903
46,MRP2.1,36,0.3144090036963306,0.2565128763061096,0.3679212518741892
46,MRP2.1,37,0.3544762841899603,0.29863479915006813,0.41689795013208175
46,MRP2.1,38,0.33503716708551906,0.26744629468945125,0.40934927940357074
46,MRP2.1,39,0.32546877419414855,0.27066472783542417,0.38512132135955623
46,MRP2.1,40,0.3594948422722064,0.2986085682694105,0.4428856851606881
46,MRP2.1,41,0.3216893133228133,0.2704624009783981,0.3770658621260087
46,MRP2.1,42,0.3135602103433837,0.25916327545859197,0.3661386360818994
46,MRP2.1,44,0.33781022814716904,0.2807484302511006,0.41145767902966873
46,MRP2.1,45,0.31329683359591093,0.25788592658331483,0.37051652131213325
46,MRP2.1,46,0.3318950563999912,0.2617859267785633,0.41299051748449145
46,MRP2.1,47,0.3259720251148133,0.266493083432843,0.38362301022826617
46,MRP2.1,48,0.3250859598091873,0.2790472138743482,0.3701547236261439
46,MRP2.1,49,0.3185428758827314,0.2638592301313834,0.37066208973366555
46,MRP2.1,50,0.3379551322245742,0.2812098694149917,0.4152618915947921
46,MRP2.1,51,0.3101451631584576,0.2540958008163264,0.3636970532270007
46,MRP2.1,53,0.3382059806976142,0.2879340630874266,0.39264143341752566
46,MRP2.1,54,0.2844740903652968,0.22236581956939894,0.34374934446328775
46,MRP2.1,55,0.35683998773030323,0.2998117364588756,0.43155169610944094
46,MRP2.1,56,0.31763236092004193,0.25776033282185057,0.3820345225398385
47,MRP2.1,01,0.30430325456975954,0.24190423729386157,0.36713876247327526
47,MRP2.1,04,0.2885555171114185,0.23682103693375403,0.3388769811230609
47,MRP2.1,05,0.30230189574554756,0.24034021728516905,0.3659966273141449
47,MRP2.1,06,0.3709406649548453,0.32461913511521917,0.4197298126208745
47,MRP2.1,08,0.31455621546131496,0.2587654820437021,0.3729229409267013
47,MRP2.1,09,0.3128707200621611,0.25233981234297936,0.374822258204742
47,MRP2.1,10,0.33442889102536866,0.27650591154430193,0.40214831380598487
47,MRP2.1,11,0.32663369029510503,0.2640685913141977,0.39024061004388205
47,MRP2.1,12,0.3536724148275462,0.30112061625248304,0.41605147790083835
47,MRP2.1,13,0.3304885712970381,0.27961110273909545,0.3879002261400486
47,MRP2.1,16,0.3149267388769836,0.25569409163284895,0.37928064041460496
47,MRP2.1,17,0.3199652346797358,0.2642159173233184,0.37546287467359984
47,MRP2.1,18,0.322369760415305,0.2571217156441167,0.3947414882529297
47,MRP2.1,19,0.27821906265186286,0.2200225762036105,0.3394413325538153
47,MRP2.1,20,0.2666257882053421,0.20225384669574933,0.3250251722217743
47,MRP2.1,21,0.290329263098122,0.23274065712705788,0.3542598785242288
47,MRP2.1,22,0.32004953695335453,0.25709403371596745,0.388766784473245
47,MRP2.1,23,0.2893800385598497,0.23178120034469898,0.354563822083225
47,MRP2.1,24,0.2989100842199565,0.24213265330732758,0.35216251707047325
47,MRP2.1,25,0.3290797347386137,0.27639892532781685,0.3892306517194197
47,MRP2.1,26,0.3396137090574676,0.28717029483468104,0.39609270817219033
47,MRP2.1,27,0.3225473671482176,0.26194277918267944,0.385939577523328
47,MRP2.1,28,0.3400355997663233,0.27553655636686913,0.41238879657461913
47,MRP2.1,29,0.2918477753672369,0.22869489785380495,0.3567266286168872
47,MRP2.1,30,0.29533705908340824,0.23819694189678273,0.35639224562384286
47,MRP2.1,31,0.2888852885589984,0.2234221802358046,0.352703875688895
47,MRP2.1,32,0.31213710875445577,0.25530126724102786,0.3719465937145236
47,MRP2.1,33,0.27355113351564864,0.21182456336724734,0.3343891941816167
47,MRP2.1,34,0.3097819331056975,0.25324235326948574,0.3713004447162026
47,MRP2.1,35,0.3478247202387078,0.29012650749416474,0.4129789854115342
47,MRP2.1,36,0.3305093529770315,0.2754580938980189,0.3928381560638651
47,MRP2.1,37,0.30149800003836974,0.24707167721622642,0.3526126455070648
47,MRP2.1,38,0.2958249765848676,0.23266353765044698,0.3596381012249548
47,MRP2.1,39,0.29958479885855777,0.24176162930608702,0.3592540175998762
47,MRP2.1,40,0.3250261873461443,0.2634649500485237,0.3918140195052065
47,MRP2.1,41,0.32091173220056723,0.2641248982264804,0.3843791498545453
47,MRP2.1,42,0.3510601431169791,0.2939802661324646,0.4202963834451279
47,MRP2.1,44,0.276409463031595,0.21155785851230838,0.33684440517782555
47,MRP2.1,45,0.3318951306501709,0.27365965415598137,0.3958820860242074
47,MRP2.1,46,0.26668715444929153,0.2014341920607855,0.3347808269174413
47,MRP2.1,47,0.3021970013981397,0.2460328112526728,0.3625270733075756
47,MRP2.1,48,0.32952121586220173,0.27622780505193706,0.3766427121091447
47,MRP2.1,49,0.2781161387105538,0.22015381959759692,0.3347833109630128
47,MRP2.1,50,0.274191539152865,0.21374551505063102,0.3304978331617046
47,MRP2.1,51,0.2820595357703291,0.22227571929035347,0.3363043632920707
47,MRP2.1,53,0.3057660823402135,0.25657903836635076,0.35693170844832944
47,MRP2.1,54,0.2534796346701792,0.18603338667513764,0.317568028942677
47,MRP2.1,55,0.2710554098294646,0.2035487173621121,0.3324461631880424
47,MRP2.1,56,0.274604683950144,0.20432355999245738,0.33717387205581284
48,MRP2.1,01,0.2897677480943936,0.21462868427966592,0.36342651331102493
48,MRP2.1,04,0.3114821462793469,0.2554798000608911,0.37247805225066277
48,MRP2.1,05,0.3169282816687629,0.24703295945906154,0.386510572074501
48,MRP2.1,06,0.35591425282716804,0.31038773118569774,0.4011620005798317
48,MRP2.1,08,0.3255481369998243,0.2629913177506587,0.3977128110482271
48,MRP2.1,09,0.3503418130674866,0.2801253633294217,0.4281833243029742
48,MRP2.1,10,0.3210539441836082,0.2573632871975419,0.3859279514398564
48,MRP2.1,11,0.27450325747156656,0.19157380715160816,0.35200446084787057
48,MRP2.1,12,0.32639679373070823,0.2754069804835128,0.38061524471027647
48,MRP2.1,13,0.3134852083801129,0.25110063282155143,0.3759497687289982
48,MRP2.1,16,0.3382435479929268,0.2755777654921111,0.40968505152393375
48,MRP2.1,17,0.3294954287959409,0.2604072485028422,0.4055913173801866
48,MRP2.1,18,0.3589771685442089,0.282940161725586,0.44049030107027987
48,MRP2.1,19,0.30110950369442735,0.22922076437421432,0.3783732257956667
48,MRP2.1,20,0.25679826070026807,0.18743296324550268,0.3247433469312287
48,MRP2.1,21,0.37756857486426365,0.31080088040146236,0.4547994163993897
48,MRP2.1,22,0.3803803400073617,0.3102071410221402,0.4703063581273244
48,MRP2.1,23,0.27435700375358235,0.21141169656422532,0.34140654815951477
48,MRP2.1,24,0.3520112992991128,0.2901593999240433,0.4155497572232269
48,MRP2.1,25,0.40224187173102355,0.3324906906160572,0.48060892755146667
48,MRP2.1,26,0.3236786426301316,0.2679269004099172,0.3913844271749692
48,MRP2.1,27,0.29291269312973867,0.23729108664250786,0.35145536576514447
48,MRP2.1,28,0.38218850079753947,0.3070058582680317,0.4718058849937518
48,MRP2.1,29,0.32519897367835354,0.2576329970302504,0.40545429107657066
48,MRP2.1,30,0.2646377636321659,0.19237409537577635,0.3349780785466281
48,MRP2.1,31,0.3002025513799653,0.2349975282213421,0.37208294662786434
48,MRP2.1,32,0.3245551443667836,0.2657673458986628,0.39593472901328447
48,MRP2.1,33,0.29225217404527287,0.22572049436105462,0.36913630863146113
48,MRP2.1,34,0.3544758008229053,0.292465422130937,0.4264779705019679
48,MRP2.1,35,0.31774001783344485,0.25249831597824834,0.39271309487996037
48,MRP2.1,36,0.32998780307433856,0.2706418479391242,0.39957778077476547
48,MRP2.1,37,0.3304562193921494,0.26474923428052954,0.40012163372015747
48,MRP2.1,38,0.2716002210910028,0.20218835873398108,0.34699947020181343
48,MRP2.1,39,0.3008341902354177,0.23447502013177704,0.36610281687348684
48,MRP2.1,40,0.27502429041983995,0.20034837452152598,0.34316366579945945
48,MRP2.1,41,0.27131348216083395,0.21589252169551953,0.3287446433680568
48,MRP2.1,42,0.3155495048302764,0.2536213450273797,0.38015413462985365
48,MRP2.1,44,0.3222819394924714,0.24811819146051414,0.40286255805401483
48,MRP2.1,45,0.30917186768899513,0.2440421017582661,0.3744712743953207
48,MRP2.1,46,0.2928792975916914,0.2165717198489641,0.3734819292308014
48,MRP2.1,47,0.33580477000888054,0.2672412439637291,0.410282248564895
48,MRP2.1,48,0.36188377833332513,0.31028426319957125,0.4148981560488754
48,MRP2.1,49,0.23751752908235896,0.18177677070196765,0.2992768082500933
48,MRP2.1,50,0.32394276286743046,0.25247685971879824,0.40592218874041885
48,MRP2.1,51,0.28195416662428296,0.22596299729115266,0.33509370021864754
48,MRP2.1,53,0.3391992655812307,0.28538591941460667,0.40180619992161054
48,MRP2.1,54,0.2703855163295174,0.2054325026585924,0.33972635798760287
48,MRP2.1,55,0.29426913117651077,0.22881603082221713,0.36419670667636783
48,MRP2.1,56,0.2724105668273852,0.20361121148689734,0.3519558643154724
49,MRP2.1,01,0.2914431675234118,0.22957145995506595,0.3610205912502527
49,MRP2.1,04,0.31943920261825437,0.25805565057829244,0.38085279057145216
49,MRP2.1,05,0.29734477223749384,0.22360275037291283,0.3736414805883503
49,MRP2.1,06,0.34635554872033303,0.3026256808377457,0.394426225034108
49,MRP2.1,08,0.27990490680106506,0.22694025955400304,0.33587019210556723
49,MRP2.1,09,0.33971808882705085,0.2685684182415221,0.42000481675971413
49,MRP2.1,10,0.317660848160873,0.2558867231397162,0.3881217901011013
49,MRP2.1,11,0.26817702144340605,0.19625739832034542,0.33914531022761374
49,MRP2.1,12,0.36572010946746836,0.3092977195221864,0.4307965276862598
49,MRP2.1,13,0.30585697715555316,0.24438178391366433,0.366769540165565
49,MRP2.1,16,0.2993521747083729,0.23855835989265733,0.35914669114008413
49,MRP2.1,17,0.2847281175723344,0.2198340218437375,0.3451661294286997
49,MRP2.1,18,0.2783351190994713,0.2102032380818272,0.34328108826013454
49,MRP2.1,19,0.32802845598694746,0.26462003824887353,0.40615651578133866
49,MRP2.1,20,0.2619937956580256,0.19304526335267833,0.3334072174869111
49,MRP2.1,21,0.32811475527993067,0.2575278890182081,0.40123723106658554
49,MRP2.1,22,0.389200129156622,0.3152858110492973,0.48017145431487895
49,MRP2.1,23,0.2712491295585506,0.20610236913907498,0.34874433062792626
49,MRP2.1,24,0.33511735285977734,0.27352178901712343,0.4029984361697281
49,MRP2.1,25,0.3496655020040339,0.28642992180365556,0.41891254144556195
49,MRP2.1,26,0.3274332563544939,0.26651896610751225,0.39294413193607625
49,MRP2.1,27,0.27611522413776995,0.21866956836762544,0.33632221109606475
49,MRP2.1,28,0.31386347595209124,0.23973410809317572,0.3980633541168907
49,MRP2.1,29,0.2803668557456404,0.2121226169345268,0.34899673671028564
49,MRP2.1,30,0.26427133602544606,0.20359788230045595,0.32727439304868133
49,MRP2.1,31,0.33380372309038187,0.26210342833618383,0.41555301552722657
49,MRP2.1,32,0.38413197671164306,0.3106979000175625,0.46681003438772645
49,MRP2.1,33,0.3012220278859945,0.23613553152174024,0.36618142932342523
49,MRP2.1,34,0.35354235449149196,0.2912059780076778,0.42252109790470055
49,MRP2.1,35,0.34904751110369053,0.2807729616494085,0.4170100627688368
49,MRP2.1,36,0.3472134189689252,0.28587002071891854,0.41626384960068963
49,MRP2.1,37,0.2656459545278705,0.18948238615978835,0.33159414857534275
49,MRP2.1,38,0.269138375426303,0.19168755389562275,0.3475566361631663
49,MRP2.1,39,0.2766254973187347,0.20884053276010855,0.3443253932460705
49,MRP2.1,40,0.2750436761772786,0.20391067931325832,0.34365632226555815
49,MRP2.1,41,0.3347580765642041,0.27114691160841375,0.4087987915171751
49,MRP2.1,42,0.32686826396726193,0.2671763404647655,0.3938465305717622
49,MRP2.1,44,0.3091714795058721,0.2398935154553313,0.3856262786255229
49,MRP2.1,45,0.2969669786817896,0.23209642126389718,0.3680413255590544
49,MRP2.1,46,0.3235645057680111,0.25117475752797896,0.4012755801506855
49,MRP2.1,47,0.3166425467915634,0.25173818685331023,0.3861634266752466
49,MRP2.1,48,0.35252779420309144,0.3038436537177351,0.40493174696586554
49,MRP2.1,49,0.30456827792768276,0.23912055563062173,0.3638958039207402
49,MRP2.1,50,0.3162391068531672,0.2469967650665927,0.38418045204519946
49,MRP2.1,51,0.2584583759142432,0.1991287816891143,0.3185443482308844
49,MRP2.1,53,0.3045152152108204,0.24756201780583736,0.3613617382429778
49,MRP2.1,54,0.2692786435958146,0.19776567072034695,0.3472751262045925
49,MRP2.1,55,0.33806203745068597,0.2720256559893762,0.4121305887621851
49,MRP2.1,56,0.27977361516654975,0.20598670585686896,0.35221457889519336
50,MRP2.1,01,0.30161609573115095,0.23445888853999525,0.3657559124324683
50,MRP2.1,04,0.2977774196303254,0.24471718913669804,0.34793032751504116
50,MRP2.1,05,0.2906125358563122,0.22187679404977406,0.3583219153638674
50,MRP2.1,06,0.36382123699135577,0.3244706589609955,0.40732790917044326
50,MRP2.1,08,0.3028396173021083,0.25225046461718015,0.3613560738265985
50,MRP2.1,09,0.31163854461101415,0.2538062760308533,0.3740367311031025
50,MRP2.1,10,0.32371213833483137,0.26647650211634105,0.385403293460437
50,MRP2.1,11,0.3099183164029342,0.2509469875001544,0.3676078995341995
50,MRP2.1,12,0.3174881766127733,0.2740373495598464,0.36822352537328745
50,MRP2.1,13,0.33727516708537375,0.28759355649224144,0.3924663976377256
50,MRP2.1,16,0.2579179939098568,0.19909064544348282,0.3118459467226581
50,MRP2.1,17,0.3226341882653015,0.26763045497218035,0.38710299501328665
50,MRP2.1,18,0.3224446910295946,0.2650745573313944,0.38837675410710776
50,MRP2.1,19,0.30543402333226355,0.24207265719186802,0.3702105827418673
50,MRP2.1,20,0.3053057938508005,0.24518983251333742,0.3744371823186049
50,MRP2.1,21,0.31336674420226684,0.25305354381996364,0.3758002812588795
50,MRP2.1,22,0.3429041075848552,0.28444959528559266,0.41495404520476037
50,MRP2.1,23,0.2945922026471323,0.23707540953476253,0.35720730624554337
50,MRP2.1,24,0.3094206333707734,0.2532597279522194,0.36689015463495434
50,MRP2.1,25,0.324391645854298,0.27211243958323966,0.3877256769940951
50,MRP2.1,26,0.3431959821068281,0.2883014709048498,0.4029737094660493
50,MRP2.1,27,0.30587033902964617,0.2499409413525428,0.37343317654346725
50,MRP2.1,28,0.3256543625331846,0.26528486057733597,0.3911129717182748
50,MRP2.1,29,0.3253330733762108,0.266363313063444,0.39043784256289293
50,MRP2.1,30,0.2310943592788375,0.1657782235258095,0.2884133295566187
50,MRP2.1,31,0.2936256108577021,0.23194052120904327,0.3512399873284006
50,MRP2.1,32,0.34884392910842116,0.2954929216236719,0.4246287347339454
50,MRP2.1,33,0.2955904962150832,0.23939398789707658,0.36067243823047557
50,MRP2.1,34,0.32520575877627345,0.2696544427913331,0.38364464535569714
50,MRP2.1,35,0.3273643177465626,0.27406954128995376,0.3829327472788146
50,MRP2.1,36,0.32293244625472894,0.2703577458614829,0.38060634078938627
50,MRP2.1,37,0.32129343718155,0.26658921224055443,0.37676796235057575
50,MRP2.1,38,0.2913120999092158,0.22927108004740915,0.3583823897805714
50,MRP2.1,39,0.2926275682873546,0.2406740208178758,0.34435847054416613
50,MRP2.1,40,0.3068279569432988,0.2473645569524953,0.36608805279812806
50,MRP2.1,41,0.2948789514515855,0.24257808675973927,0.35608282569453936
50,MRP2.1,42,0.3122106795058071,0.2581515856171649,0.371467850045914
50,MRP2.1,44,0.3380137064526942,0.2805591364595573,0.4193416657110163
50,MRP2.1,45,0.2931942341390501,0.2352747442472262,0.3497906158968322
50,MRP2.1,46,0.3300363624526076,0.2668940864871274,0.41158614248815345
50,MRP2.1,47,0.30221830777426695,0.24210654581834948,0.3652484362940309
50,MRP2.1,48,0.31555507823199613,0.27355701103958907,0.35765636215357577
50,MRP2.1,49,0.2788722717355754,0.22343006699910206,0.3306507704083097
50,MRP2.1,50,0.2902626141451414,0.23061078893948256,0.3527225643786137
50,MRP2.1,51,0.2808318022604436,0.23091180445621917,0.32769379520075875
50,MRP2.1,53,0.3502648697822025,0.29703806631783136,0.4137210656197796
50,MRP2.1,54,0.29741252216666997,0.2345215014907514,0.36803441175290735
50,MRP2.1,55,0.3085148274247501,0.2562582913682249,0.3723442215926535
50,MRP2.1,56,0.27321195141152665,0.21162675847025694,0.3370297878742037
