replication,method,state,theta_hat,lower,upper,theta_true,error,sq_error,covered,state_abbr,n_state_sample,sun_w_state_total
1,HT,01,0.24531540533534932,NA,NA,0.3007135575942915,-0.05539815225894221,0.0030689552737049436,NA,AL,72,990.995991853708
1,HT,04,0.32106790880995245,NA,NA,0.28578919769271105,0.0352787111172414,0.001244587458093772,NA,AZ,142,2083.2050904597972
1,HT,05,0.19622289972996246,NA,NA,0.2849035187287174,-0.08868061899875493,0.007864252186002334,NA,AR,46,671.1368062878959
1,HT,06,0.28288870307797126,NA,NA,0.3766891891891892,-0.09380048611121794,0.00879853119470079,NA,CA,300,4289.591789158838
1,HT,08,0.29103670900588263,NA,NA,0.2865264354747015,0.004510273531181108,2.0342567326072903e-5,NA,CO,125,1877.7070497365498
1,HT,09,0.3030848523242051,NA,NA,0.3638113570741097,-0.0607265047499046,0.0036877083791401854,NA,CT,61,908.3560027465476
1,HT,10,0.39123650920250774,NA,NA,0.3221957040572792,0.06904080514522853,0.004766632775101415,NA,DE,67,1266.9294675534663
1,HT,11,0.15312405958097172,NA,NA,0.2659758203799655,-0.11285176079899376,0.012735519915433305,NA,DC,50,899.4664213641361
1,HT,12,0.44031789274039973,NA,NA,0.35494880546075086,0.08536908727964887,0.007287881062960307,NA,FL,217,3049.265273921742
1,HT,13,0.30997051812241555,NA,NA,0.3376770538243626,-0.027706535701947033,7.676521206032655e-4,NA,GA,114,1616.8005337782563
1,HT,16,0.2806492678076088,NA,NA,0.27474747474747474,0.005901793060134053,3.483116132464647e-5,NA,ID,76,1301.3098209911368
1,HT,17,0.41742497047885996,NA,NA,0.3270967741935484,0.09032819628531158,0.008159183044157777,NA,IL,118,1669.63954442939
1,HT,18,0.35097242446234916,NA,NA,0.3194805194805195,0.03149190498182969,9.917400793845895e-4,NA,IN,97,1357.1894958847893
1,HT,19,0.2996624658698109,NA,NA,0.28534031413612565,0.014322151733685229,2.051240302827028e-4,NA,IA,80,1213.8238179740317
1,HT,20,0.2515143502796351,NA,NA,0.2644787644787645,-0.012964414199129415,1.680760355265884e-4,NA,KS,66,1008.9569420091326
1,HT,21,0.29465192887080655,NA,NA,0.3541300527240773,-0.05947812385327078,0.0035376472171050185,NA,KY,65,963.0183385360598
1,HT,22,0.30527811278915606,NA,NA,0.40809248554913297,-0.1028143727599769,0.01057079524602748,NA,LA,60,854.6248037980355
1,HT,23,0.3050564049561672,NA,NA,0.2982456140350877,0.0068107909210795015,4.638687297065896e-5,NA,ME,61,1051.7497827690847
1,HT,24,0.3263184736587817,NA,NA,0.30939226519337015,0.01692620846541154,2.864965330145693e-4,NA,MD,109,1605.0378687534212
1,HT,25,0.32897489844198613,NA,NA,0.3460096411355115,-0.017034742693525395,2.901824586346168e-4,NA,MA,121,1828.8192380499327
1,HT,26,0.42473292811165547,NA,NA,0.40276356192425794,0.021969366187397532,4.8265305067596596e-4,NA,MI,146,2115.0175167507286
1,HT,27,0.3674830928307735,NA,NA,0.31893004115226337,0.04855305167851015,0.0023573988272960773,NA,MN,98,1446.5927385881441
1,HT,28,0.2647369987230262,NA,NA,0.33690476190476193,-0.07216776318173573,0.005208186042655091,NA,MS,39,582.6251147496225
1,HT,29,0.2636155429504953,NA,NA,0.31070496083550914,-0.04708941788501386,0.0022174132767494633,NA,MO,85,1192.6229894747892
1,HT,30,0.24089783907562873,NA,NA,0.27586206896551724,-0.03496422988988851,0.001222497371792973,NA,MT,79,1351.1463458676883
1,HT,31,0.31120228870065275,NA,NA,0.2688553682342502,0.04234692046640254,0.0017932616729878221,NA,NE,64,1058.7503872757975
1,HT,32,0.308101405543346,NA,NA,0.3879310344827586,-0.07982962893941264,0.006372769656604309,NA,NV,74,1123.3857122694822
1,HT,33,0.3261040685451263,NA,NA,0.3114874815905744,0.014616586954551924,2.136446141999775e-4,NA,NH,75,1298.550526541381
1,HT,34,0.4257803205231785,NA,NA,0.3675276752767528,0.058252645246425705,0.0033933706782059234,NA,NJ,103,1455.332120930462
1,HT,35,0.37827413279063343,NA,NA,0.3167062549485352,0.06156787784209822,0.003790603581979529,NA,NM,78,1316.1536655794296
1,HT,36,0.3409292250516962,NA,NA,0.34244946492271106,-0.0015202398710148501,2.3111292654232483e-6,NA,NY,123,1661.0998210098694
1,HT,37,0.37144336055203603,NA,NA,0.30879199428162973,0.0626513662704063,0.0039251936955486035,NA,NC,104,1475.7593188758162
1,HT,38,0.39431523328675433,NA,NA,0.3009079118028534,0.093407321483900907,0.008724927706796816,NA,ND,49,871.8795877549137
1,HT,39,0.340513267451614,NA,NA,0.3185703185703186,0.021942948881295388,4.814930056071425e-4,NA,OH,96,1294.45871502274
1,HT,40,0.3021413242387504,NA,NA,0.28644240570846075,0.01569891853028965,2.464560430206718e-4,NA,OK,71,1050.8391264739776
1,HT,41,0.2647581114041352,NA,NA,0.3165644171779141,-0.05180630577377893,0.0026838933179262796,NA,OR,109,1655.2815414622523
1,HT,42,0.37771724595793627,NA,NA,0.3404605263157895,0.037256719642146774,0.0013880631584935253,NA,PA,147,2060.867817206735
1,HT,44,0.3730177944736381,NA,NA,0.3433667781493868,0.029651016324251267,8.791827690610151e-4,NA,RI,69,1147.063741686034
1,HT,45,0.32752247519753747,NA,NA,0.31290849673202614,0.014613978465511324,2.135683665904287e-4,NA,SC,83,1207.7645355569744
1,HT,46,0.3500670662765033,NA,NA,0.2953846153846154,0.05468245089188789,0.0029901704355437307,NA,SD,48,779.385662893915
1,HT,47,0.30685992087804115,NA,NA,0.327212020033389,-0.020352099155347858,4.14207940029111e-4,NA,TN,77,1095.303162303359
1,HT,48,0.2794294909283413,NA,NA,0.33565823888404533,-0.05622874795570404,0.0031616720966660913,NA,TX,223,3133.6720041483063
1,HT,49,0.2730011116814792,NA,NA,0.2304,0.04260111168147923,0.001814854716497866,NA,UT,107,1717.1532008630898
1,HT,50,0.2790076047448197,NA,NA,0.33587786259541985,-0.056870257850600126,0.003234226227993745,NA,VT,55,1004.7792704029811
1,HT,51,0.2618919662207958,NA,NA,0.2716180371352785,-0.009726070914482687,9.45964554335461e-5,NA,VA,129,1866.511363597658
1,HT,53,0.362442393403875,NA,NA,0.32831683168316833,0.03412556172070669,0.0011645539627537615,NA,WA,186,2817.7484332429945
1,HT,54,0.32543465125853355,NA,NA,0.27807486631016043,0.04735978494837312,0.002242949230356149,NA,WV,63,998.6958248566079
1,HT,55,0.2775022002653675,NA,NA,0.3069958847736626,-0.029493684508295093,8.698774258748459e-4,NA,WI,82,1173.8443741165736
1,HT,56,0.22926442301356267,NA,NA,0.2782152230971129,-0.04895080008355021,0.0023961808288196994,NA,WY,39,683.0910284061732
2,HT,01,0.3544920615567663,NA,NA,0.3007135575942915,0.0537785039624748,0.0028921274884419175,NA,AL,68,995.649971249108
2,HT,04,0.19070170707766518,NA,NA,0.28578919769271105,-0.09508749061504587,0.009041630871466437,NA,AZ,117,1707.5329427312176
2,HT,05,0.2383322364984043,NA,NA,0.2849035187287174,-0.046571282230313094,0.002168884328575476,NA,AR,51,752.3928399104523
2,HT,06,0.3631158789664149,NA,NA,0.3766891891891892,-0.013573310222774304,1.8423475040366943e-4,NA,CA,322,4618.918979154124
2,HT,08,0.2255042027440492,NA,NA,0.2865264354747015,-0.061022232730652326,0.003723712887433896,NA,CO,107,1594.28481305953
2,HT,09,0.3764925645707494,NA,NA,0.3638113570741097,0.012681207496639701,1.6081302357283096e-4,NA,CT,73,1089.9604668439538
2,HT,10,0.2897068546125448,NA,NA,0.3221957040572792,-0.0324888494447344,0.001055525338242619,NA,DE,75,1342.246549895721
2,HT,11,0.28453552979118146,NA,NA,0.2659758203799655,0.018559709411215985,3.444628134287792e-4,NA,DC,67,1217.2012862533363
2,HT,12,0.32399993936342864,NA,NA,0.35494880546075086,-0.030948866097322225,9.57832312709981e-4,NA,FL,203,2787.6546501178927
2,HT,13,0.36261241224195134,NA,NA,0.3376770538243626,0.02493535841758876,6.217720994136146e-4,NA,GA,141,1992.9478904583598
2,HT,16,0.35911705010113065,NA,NA,0.27474747474747474,0.08436957535365591,0.007118225245356223,NA,ID,87,1503.0521521111687
2,HT,17,0.37236915706232027,NA,NA,0.3270967741935484,0.04527238286877189,0.00204958865061667,NA,IL,122,1681.3263455665522
2,HT,18,0.3592352822951054,NA,NA,0.3194805194805195,0.0397547628145859,0.0015804411664439816,NA,IN,95,1342.3040595173163
2,HT,19,0.31002952223244623,NA,NA,0.28534031413612565,0.02468920809632058,6.095569964234217e-4,NA,IA,64,976.581360043162
2,HT,20,0.3456351753153577,NA,NA,0.2644787644787645,0.0811564108365932,0.006586363019877902,NA,KS,80,1209.0909967902996
2,HT,21,0.39997362342086484,NA,NA,0.3541300527240773,0.04584357069678752,0.0021016329742313553,NA,KY,77,1162.4805016068271
2,HT,22,0.5441157226959754,NA,NA,0.40809248554913297,0.13602323714684245,0.018502321043906138,NA,LA,65,963.835081439526
2,HT,23,0.3299079524212596,NA,NA,0.2982456140350877,0.031662338386171884,0.0010025036720804536,NA,ME,72,1216.6595924292958
2,HT,24,0.2776642383920107,NA,NA,0.30939226519337015,-0.031728026801359444,0.0010066676847077832,NA,MD,112,1608.8686247501848
2,HT,25,0.40721847861812577,NA,NA,0.3460096411355115,0.06120883748261424,0.0037465217859730822,NA,MA,142,2129.0106904539043
2,HT,26,0.3761046987969793,NA,NA,0.40276356192425794,-0.026658863127278665,7.10694983238978e-4,NA,MI,141,2028.9713165885473
2,HT,27,0.255057829981446,NA,NA,0.31893004115226337,-0.06387221117081737,0.004079659359849487,NA,MN,92,1331.1723053259425
2,HT,28,0.34068453601251736,NA,NA,0.33690476190476193,0.003779774107755429,1.428669230565835e-5,NA,MS,60,901.6288552540187
2,HT,29,0.2529166227446172,NA,NA,0.31070496083550914,-0.057788338090891955,0.003339492019307234,NA,MO,84,1163.5511984161094
2,HT,30,0.23373841522554753,NA,NA,0.27586206896551724,-0.04212365373996971,0.001774402204404864,NA,MT,64,1094.3365173467537
2,HT,31,0.2815725931345477,NA,NA,0.2688553682342502,0.012717224900297475,1.617278091647461e-4,NA,NE,75,1213.8662023201211
2,HT,32,0.35390978264747686,NA,NA,0.3879310344827586,-0.03402125183528176,0.0011574455764396627,NA,NV,64,1011.4541636402428
2,HT,33,0.307811358070222,NA,NA,0.3114874815905744,-0.0036761235203524034,1.3513884136888147e-5,NA,NH,82,1381.5362157664063
2,HT,34,0.39341463451355274,NA,NA,0.3675276752767528,0.025886959236799956,6.701346585277425e-4,NA,NJ,74,1090.5948928887703
2,HT,35,0.3553004326903713,NA,NA,0.3167062549485352,0.0385941777418361,0.001489510555568437,NA,NM,82,1353.131220923858
2,HT,36,0.37093015023617204,NA,NA,0.34244946492271106,0.028480685313460985,8.111494359243922e-4,NA,NY,148,2002.0219004323005
2,HT,37,0.158092869217825,NA,NA,0.30879199428162973,-0.15069912506380473,0.02271022629499626,NA,NC,84,1114.8546883003255
2,HT,38,0.1763875374231153,NA,NA,0.3009079118028534,-0.12452037437973812,0.015505323635670141,NA,ND,38,650.0063142938156
2,HT,39,0.346391779517115,NA,NA,0.3185703185703186,0.027821460946796384,7.740336892141164e-4,NA,OH,97,1326.5561670638942
2,HT,40,0.16042296342744183,NA,NA,0.28644240570846075,-0.1260194422810189,0.015880899832819057,NA,OK,64,899.6015317801957
2,HT,41,0.34822042296910266,NA,NA,0.3165644171779141,0.031656005791188546,0.0010021027026517627,NA,OR,95,1492.4694642038096
2,HT,42,0.39355045007721395,NA,NA,0.3404605263157895,0.05308992376142446,0.0028185400049938617,NA,PA,121,1712.138409956175
2,HT,44,0.3629332955218955,NA,NA,0.3433667781493868,0.019566517372508696,3.828486020886846e-4,NA,RI,52,906.8236073958067
2,HT,45,0.36805754900808935,NA,NA,0.31290849673202614,0.055149052276063204,0.003041417966947952,NA,SC,100,1457.8652217542647
2,HT,46,0.24662851502643787,NA,NA,0.2953846153846154,-0.04875610035817754,0.00237715732213668,NA,SD,38,635.0843658230615
2,HT,47,0.35294469784429267,NA,NA,0.327212020033389,0.02573267781090366,6.621707073197735e-4,NA,TN,81,1162.5165432651725
2,HT,48,0.32249935307276983,NA,NA,0.33565823888404533,-0.0131588858112755,1.731562757941877e-4,NA,TX,242,3443.2350295082006
2,HT,49,0.137450085794694,NA,NA,0.2304,-0.09294991420530599,0.008639686550773745,NA,UT,101,1573.0412049881527
2,HT,50,0.38743876451872516,NA,NA,0.33587786259541985,0.05156090192330531,0.0026585266071447095,NA,VT,50,948.9130820159605
2,HT,51,0.19933514222853674,NA,NA,0.2716180371352785,-0.07228289490674175,0.005224816896099073,NA,VA,113,1617.2851587668797
2,HT,53,0.3190279114031783,NA,NA,0.32831683168316833,-0.00928892027999001,8.628403996800967e-5,NA,WA,171,2595.21090343394
2,HT,54,0.3171725289301308,NA,NA,0.27807486631016043,0.039097662619970386,0.0015286272223450296,NA,WV,76,1175.1942308316388
2,HT,55,0.29170320953820444,NA,NA,0.3069958847736626,-0.01529267523545813,2.338659158571944e-4,NA,WI,79,1133.99587264568
2,HT,56,0.24315952941690594,NA,NA,0.2782152230971129,-0.035055693680206945,0.0012289016594005011,NA,WY,40,697.6755487549432
3,HT,01,0.2918558819247956,NA,NA,0.3007135575942915,-0.008857675669495912,7.845841826597986e-5,NA,AL,76,1082.361559791973
3,HT,04,0.28746402897302553,NA,NA,0.28578919769271105,0.0016748312803144816,2.8050598175198456e-6,NA,AZ,126,1858.176227982662
3,HT,05,0.24678510482364022,NA,NA,0.2849035187287174,-0.03811841390507717,0.0014530134786387805,NA,AR,62,924.7789729490361
3,HT,06,0.2624614569637123,NA,NA,0.3766891891891892,-0.11422773222547689,0.013047974809375251,NA,CA,318,4487.148422100378
3,HT,08,0.34530209156493585,NA,NA,0.2865264354747015,0.05877565609023433,0.0034545777488374997,NA,CO,107,1641.6281863549573
3,HT,09,0.3147293961995831,NA,NA,0.3638113570741097,-0.0490819608745266,0.0024090388832885595,NA,CT,50,770.8399450575271
3,HT,10,0.20839970903881097,NA,NA,0.3221957040572792,-0.11379599501846824,0.012949528482243247,NA,DE,61,1101.4849871378892
3,HT,11,0.33061695948842146,NA,NA,0.2659758203799655,0.06464113910845598,0.004178476865238757,NA,DC,70,1303.4355762302796
3,HT,12,0.35409151420122303,NA,NA,0.35494880546075086,-8.572912595278259e-4,7.349483036628062e-7,NA,FL,201,2817.0435186544155
3,HT,13,0.3120200211977186,NA,NA,0.3376770538243626,-0.025657032626643983,6.582833232046738e-4,NA,GA,114,1637.0904272966088
3,HT,16,0.2678776981392175,NA,NA,0.27474747474747474,-0.0068697766082572165,4.7193830647358026e-5,NA,ID,79,1330.2835356750884
3,HT,17,0.47810577267743676,NA,NA,0.3270967741935484,0.15100899848388838,0.022803717623107,NA,IL,113,1616.8209354039295
3,HT,18,0.29859279549596934,NA,NA,0.3194805194805195,-0.020887723984550133,4.3629701325475085e-4,NA,IN,82,1146.539578449271
3,HT,19,0.24758088829775823,NA,NA,0.28534031413612565,-0.037759425838367416,0.001425774239643169,NA,IA,68,1012.3067251682717
3,HT,20,0.1726045837108583,NA,NA,0.2644787644787645,-0.09187418076790621,0.008440865091773907,NA,KS,65,941.2143768147198
3,HT,21,0.4158446393948435,NA,NA,0.3541300527240773,0.06171458667076618,0.003808690207943511,NA,KY,74,1130.1597292298113
3,HT,22,0.43999874736458694,NA,NA,0.40809248554913297,0.03190626181545397,0.0010180095430362963,NA,LA,68,981.2745355242912
3,HT,23,0.3022963945602151,NA,NA,0.2982456140350877,0.004050780525127418,1.6408822862751556e-5,NA,ME,76,1254.5115529860466
3,HT,24,0.36139970617222145,NA,NA,0.30939226519337015,0.052007440978851294,0.002704773917168701,NA,MD,95,1436.40626173891
3,HT,25,0.3629984853433758,NA,NA,0.3460096411355115,0.016988844207864284,2.8862082751908387e-4,NA,MA,125,1876.0343533946539
3,HT,26,0.40619580532578053,NA,NA,0.40276356192425794,0.0034322434015225944,1.178029476729539e-5,NA,MI,150,2177.0702336058184
3,HT,27,0.3153045182260215,NA,NA,0.31893004115226337,-0.003625522926241853,1.314441648870529e-5,NA,MN,117,1699.021959182508
3,HT,28,0.35750399254905285,NA,NA,0.33690476190476193,0.020599230644290922,4.243283031366942e-4,NA,MS,65,956.039240696255
3,HT,29,0.16312440868918965,NA,NA,0.31070496083550914,-0.1475805521463195,0.021780019371812526,NA,MO,69,959.670891954068
3,HT,30,0.204045917830285,NA,NA,0.27586206896551724,-0.07181615113523224,0.0051575595638785185,NA,MT,56,967.8362461815135
3,HT,31,0.3558822989765662,NA,NA,0.2688553682342502,0.08702693074231599,0.007573686674427864,NA,NE,68,1105.838915393289
3,HT,32,0.3991737752941821,NA,NA,0.3879310344827586,0.011242740811423457,1.263992209528466e-4,NA,NV,72,1119.7751303419982
3,HT,33,0.443081019517569,NA,NA,0.3114874815905744,0.13159353792699463,0.017316859224143374,NA,NH,91,1584.9371317221035
3,HT,34,0.5105150263682745,NA,NA,0.3675276752767528,0.14298735109152172,0.020445382572170098,NA,NJ,108,1543.8386723079716
3,HT,35,0.4473140751707436,NA,NA,0.3167062549485352,0.1306078202222084,0.01705840270319671,NA,NM,98,1627.1349195823493
3,HT,36,0.29043080520536957,NA,NA,0.34244946492271106,-0.05201865971734149,0.002705940958788566,NA,NY,112,1523.0986618341274
3,HT,37,0.30432409356797485,NA,NA,0.30879199428162973,-0.004467900713654882,1.9962136787077805e-5,NA,NC,95,1311.4234693211438
3,HT,38,0.21689158570361658,NA,NA,0.3009079118028534,-0.08401632609923684,0.007058743051213306,NA,ND,51,864.8992242106422
3,HT,39,0.3638317441634992,NA,NA,0.3185703185703186,0.04526142559318064,0.002048596646727027,NA,OH,83,1151.6125015539817
3,HT,40,0.26178363240318425,NA,NA,0.28644240570846075,-0.024658773305276493,6.080551009210166e-4,NA,OK,66,956.0397935492573
3,HT,41,0.3316611550399026,NA,NA,0.3165644171779141,0.015096737861988507,2.2791149407359732e-4,NA,OR,107,1646.1286805090951
3,HT,42,0.3812404950280011,NA,NA,0.3404605263157895,0.04077996871221162,0.0016630058481689588,NA,PA,143,2003.19948642815
3,HT,44,0.2505678170416101,NA,NA,0.3433667781493868,-0.09279896110777675,0.00861164718268266,NA,RI,39,660.7148759966722
3,HT,45,0.30736279176123193,NA,NA,0.31290849673202614,-0.0055457049707942074,3.075484362309158e-5,NA,SC,71,1041.012531216092
3,HT,46,0.31720727028209406,NA,NA,0.2953846153846154,0.021822654897478644,4.7622826677444865e-4,NA,SD,36,618.058983516861
3,HT,47,0.32114813799026876,NA,NA,0.327212020033389,-0.00606388204312025,3.6770665432876216e-5,NA,TN,80,1137.5746924373777
3,HT,48,0.41012315536573685,NA,NA,0.33565823888404533,0.07446491648169151,0.005545023786625292,NA,TX,262,3769.2755372977604
3,HT,49,0.26578214792447885,NA,NA,0.2304,0.03538214792447886,0.0012518963917497036,NA,UT,119,1882.6942398841568
3,HT,50,0.40679037700794674,NA,NA,0.33587786259541985,0.07091251441252688,0.005028584700306833,NA,VT,58,1092.1409630769176
3,HT,51,0.28846319709236046,NA,NA,0.2716180371352785,0.016845159957081968,2.8375941397967776e-4,NA,VA,120,1740.6369895349294
3,HT,53,0.3553265915792491,NA,NA,0.32831683168316833,0.027009759896080787,7.29527129643934e-4,NA,WA,194,2950.3543622280263
3,HT,54,0.23167651473352183,NA,NA,0.27807486631016043,-0.0463983515766386,0.002152807029029362,NA,WV,56,887.6985762955791
3,HT,55,0.30569410043632383,NA,NA,0.3069958847736626,-0.0013017843373387405,1.6946424609404638e-6,NA,WI,92,1316.697163297052
3,HT,56,0.3200594885666274,NA,NA,0.2782152230971129,0.04184426546951453,0.001750942552683206,NA,WY,40,707.0633057905497
4,HT,01,0.29912277395665887,NA,NA,0.3007135575942915,-0.0015907836376326534,2.530592581759777e-6,NA,AL,69,976.9706995971427
4,HT,04,0.31522492685712356,NA,NA,0.28578919769271105,0.029435729164412505,8.664621514406449e-4,NA,AZ,136,1976.6503733610334
4,HT,05,0.36010076708092664,NA,NA,0.2849035187287174,0.07519724835220926,0.005654626159743837,NA,AR,69,1024.3350830388158
4,HT,06,0.38664704524837834,NA,NA,0.3766891891891892,0.00995785605918914,9.915889729552989e-5,NA,CA,329,4771.472234193188
4,HT,08,0.2473946933586852,NA,NA,0.2865264354747015,-0.03913174211601633,0.0015312932410344064,NA,CO,120,1774.0728873737787
4,HT,09,0.3400287022611664,NA,NA,0.3638113570741097,-0.023782654812943338,5.65614669951617e-4,NA,CT,71,1050.8487960385298
4,HT,10,0.37868090539378074,NA,NA,0.3221957040572792,0.056485201336501534,0.0031905779700251145,NA,DE,82,1492.4380984598408
4,HT,11,0.29302049876397246,NA,NA,0.2659758203799655,0.02704467838400698,7.314146288943745e-4,NA,DC,55,1020.9806293819595
4,HT,12,0.32878226307153025,NA,NA,0.35494880546075086,-0.026166542389220615,6.846879406068793e-4,NA,FL,185,2568.6048184774477
4,HT,13,0.3661688695193038,NA,NA,0.3376770538243626,0.02849181569494119,8.117835615944972e-4,NA,GA,131,1859.6790579061765
4,HT,16,0.20889738427890872,NA,NA,0.27474747474747474,-0.06585009046856602,0.0043362344147183296,NA,ID,78,1288.0687166073956
4,HT,17,0.30609162091498354,NA,NA,0.3270967741935484,-0.021005153278564836,4.412164642560031e-4,NA,IL,105,1442.020280637396
4,HT,18,0.2972562473806963,NA,NA,0.3194805194805195,-0.022224272099823195,4.939182703669797e-4,NA,IN,79,1086.7153759561454
4,HT,19,0.35789697897106854,NA,NA,0.28534031413612565,0.07255666483494289,0.005264469611970237,NA,IA,83,1259.9735157707782
4,HT,20,0.17509815083282942,NA,NA,0.2644787644787645,-0.08938061364593508,0.007988894095723916,NA,KS,64,962.7327514325294
4,HT,21,0.28488184544591094,NA,NA,0.3541300527240773,-0.06924820727816638,0.0047953142112398955,NA,KY,74,1086.5667589219402
4,HT,22,0.36070498972752874,NA,NA,0.40809248554913297,-0.04738749582160423,0.0022455747602425583,NA,LA,54,780.8749328399027
4,HT,23,0.3564946910080504,NA,NA,0.2982456140350877,0.05824907697296272,0.0033929549682021358,NA,ME,73,1231.9278628735347
4,HT,24,0.3670479184386384,NA,NA,0.30939226519337015,0.057655653245268224,0.0033241743511386083,NA,MD,120,1800.9743811577357
4,HT,25,0.34661067935845913,NA,NA,0.3460096411355115,6.01038222947603e-4,3.612469454440125e-7,NA,MA,113,1729.2216600035297
4,HT,26,0.3400581493189002,NA,NA,0.40276356192425794,-0.06270541260535772,0.003931968770008155,NA,MI,128,1845.2400847755168
4,HT,27,0.29160538685077153,NA,NA,0.31893004115226337,-0.027324654301491835,7.466367326960363e-4,NA,MN,90,1336.7693695261235
4,HT,28,0.29222238810683665,NA,NA,0.33690476190476193,-0.04468237379792528,0.0019965145282175197,NA,MS,65,969.758276584829
4,HT,29,0.3700113732404263,NA,NA,0.31070496083550914,0.059306412404917186,0.003517250552342115,NA,MO,77,1124.3374441005867
4,HT,30,0.38058272243837543,NA,NA,0.27586206896551724,0.1047206534728582,0.010966415263782447,NA,MT,62,1102.7906874497696
4,HT,31,0.30657144248118634,NA,NA,0.2688553682342502,0.037716074246936127,0.0014225022566003984,NA,NE,81,1285.068749446911
4,HT,32,0.33078991527249146,NA,NA,0.3879310344827586,-0.057141119210267155,0.003265107504601962,NA,NV,73,1126.499739325239
4,HT,33,0.3889070222180833,NA,NA,0.3114874815905744,0.07741954062750894,0.005993785270974507,NA,NH,86,1509.1002274970504
4,HT,34,0.3367570119898338,NA,NA,0.3675276752767528,-0.030770663286918964,9.468337191169426e-4,NA,NJ,107,1492.11409575083
4,HT,35,0.1558543812931115,NA,NA,0.3167062549485352,-0.16085187365542372,0.025873325258460395,NA,NM,74,1173.5931987850984
4,HT,36,0.350366147222292,NA,NA,0.34244946492271106,0.007916682299580924,6.267385863249791e-5,NA,NY,127,1688.502929961134
4,HT,37,0.294807910562287,NA,NA,0.30879199428162973,-0.013984083719342733,1.9555459746958646e-4,NA,NC,93,1288.8705659831119
4,HT,38,0.2231959690016538,NA,NA,0.3009079118028534,-0.07771194280119961,0.0060391460539369205,NA,ND,53,888.0240021789203
4,HT,39,0.3253628885511956,NA,NA,0.3185703185703186,0.006792569980877017,4.613900694511159e-5,NA,OH,89,1233.9558835089917
4,HT,40,0.3505572746738163,NA,NA,0.28644240570846075,0.06411486896535556,0.004110716422444714,NA,OK,73,1070.788266702454
4,HT,41,0.3321329818070449,NA,NA,0.3165644171779141,0.01556856462913081,2.4238020461142296e-4,NA,OR,109,1670.573282785925
4,HT,42,0.357369603047091,NA,NA,0.3404605263157895,0.016909076731301487,2.8591687590504136e-4,NA,PA,126,1777.9600416642022
4,HT,44,0.35380610794523326,NA,NA,0.3433667781493868,0.010439329795846441,1.089796065864473e-4,NA,RI,51,856.4122702822658
4,HT,45,0.26154396196644125,NA,NA,0.31290849673202614,-0.05136453476558489,0.002638315431684979,NA,SC,82,1179.3920125264353
4,HT,46,0.29065038461476506,NA,NA,0.2953846153846154,-0.004734230769850356,2.2412940982197894e-5,NA,SD,35,595.9481543359432
4,HT,47,0.3552438204797174,NA,NA,0.327212020033389,0.028031800446328414,7.857818362627779e-4,NA,TN,94,1337.796300753815
4,HT,48,0.3513158866234306,NA,NA,0.33565823888404533,0.015657647739385272,2.4516193273067675e-4,NA,TX,250,3505.69868187267
4,HT,49,0.2411725891974987,NA,NA,0.2304,0.010772589197498711,1.1604867801806592e-4,NA,UT,107,1710.0564635339383
4,HT,50,0.31732876431854884,NA,NA,0.33587786259541985,-0.018549098276871012,3.4406904688501916e-4,NA,VT,67,1214.7399322796048
4,HT,51,0.28899325204229687,NA,NA,0.2716180371352785,0.017375214907018377,3.0189809306507365e-4,NA,VA,113,1661.318517969816
4,HT,53,0.33471962089301877,NA,NA,0.32831683168316833,0.006402789209850435,4.0995709665777155e-5,NA,WA,177,2697.0800914078163
4,HT,54,0.34281543155076155,NA,NA,0.27807486631016043,0.06474056524060112,0.0041913407876725305,NA,WV,52,854.4894613648985
4,HT,55,0.23837215532897577,NA,NA,0.3069958847736626,-0.06862372944468681,0.004709216242897576,NA,WI,72,1028.5111329101505
4,HT,56,0.3781774985530009,NA,NA,0.2782152230971129,0.09996227545588804,0.009992456514318836,NA,WY,45,819.7579516975666
5,HT,01,0.34474654834348084,NA,NA,0.3007135575942915,0.044032990749189316,0.0019389042743181918,NA,AL,80,1125.1192440401585
5,HT,04,0.3552545119599451,NA,NA,0.28578919769271105,0.06946531426723407,0.004825429886245593,NA,AZ,129,1927.893943101682
5,HT,05,0.27980026985667295,NA,NA,0.2849035187287174,-0.005103248872044441,2.6043149050022864e-5,NA,AR,59,878.4891511406599
5,HT,06,0.30557667204175604,NA,NA,0.3766891891891892,-0.07111251714743316,0.005056990095043975,NA,CA,315,4478.7280681825905
5,HT,08,0.36889773700474005,NA,NA,0.2865264354747015,0.08237130153003852,0.006785031315752526,NA,CO,135,2014.8077720869792
5,HT,09,0.21484942811215227,NA,NA,0.3638113570741097,-0.14896192896195745,0.02218965628006726,NA,CT,58,857.3119010359043
5,HT,10,0.249791445020189,NA,NA,0.3221957040572792,-0.07240425903709022,0.00524237672671006,NA,DE,68,1214.0505363464504
5,HT,11,0.2231463746934541,NA,NA,0.2659758203799655,-0.04282944568651137,0.0018343614178138274,NA,DC,57,1045.1848530216457
5,HT,12,0.3890875638572266,NA,NA,0.35494880546075086,0.03413875839647573,0.0011654548248529423,NA,FL,202,2856.946792690901
5,HT,13,0.25927386658279233,NA,NA,0.3376770538243626,-0.07840318724157025,0.006147059769636724,NA,GA,106,1481.4197911340787
5,HT,16,0.29968080269203123,NA,NA,0.27474747474747474,0.024933327944556494,6.216708423908017e-4,NA,ID,93,1556.72034743296
5,HT,17,0.35317737671128246,NA,NA,0.3270967741935484,0.026080602517734086,6.801978276880376e-4,NA,IL,116,1628.205591773329
5,HT,18,0.21285149573121703,NA,NA,0.3194805194805195,-0.10662902374930244,0.011369748705729304,NA,IN,85,1169.125016503987
5,HT,19,0.2746352664172573,NA,NA,0.28534031413612565,-0.010705047718868377,1.1459804666324903e-4,NA,IA,82,1238.5519026280942
5,HT,20,0.3247743500560023,NA,NA,0.2644787644787645,0.0602955855772378,0.0036355576401020068,NA,KS,89,1326.7666064913224
5,HT,21,0.3147966725167817,NA,NA,0.3541300527240773,-0.039333380207295654,0.0015471147985316775,NA,KY,73,1058.7311704671058
5,HT,22,0.488834371844009,NA,NA,0.40809248554913297,0.08074188629487605,0.006519252202454693,NA,LA,53,778.8777585184718
5,HT,23,0.267847969163038,NA,NA,0.2982456140350877,-0.03039764487204971,9.240168137672501e-4,NA,ME,56,926.7500529473978
5,HT,24,0.4198999020846456,NA,NA,0.30939226519337015,0.11050763689127546,0.012211937811293986,NA,MD,123,1849.5298534029519
5,HT,25,0.3358942335394437,NA,NA,0.3460096411355115,-0.010115407596067827,1.0232147083458669e-4,NA,MA,131,1925.973571594856
5,HT,26,0.43169914538491855,NA,NA,0.40276356192425794,0.028935583460660608,8.372679902088557e-4,NA,MI,142,2052.235799543366
5,HT,27,0.35247859636388873,NA,NA,0.31893004115226337,0.033548555211625364,0.0011255055567874755,NA,MN,99,1444.4568238673526
5,HT,28,0.3651131341213555,NA,NA,0.33690476190476193,0.028208372216593558,7.957122631098874e-4,NA,MS,52,800.9193776654423
5,HT,29,0.3029975059823749,NA,NA,0.31070496083550914,-0.007707454853134232,5.940486031310243e-5,NA,MO,93,1333.4247284227974
5,HT,30,0.29086955314438856,NA,NA,0.27586206896551724,0.015007484178871322,2.2522458137907303e-4,NA,MT,77,1333.697822127363
5,HT,31,0.3370841281917451,NA,NA,0.2688553682342502,0.06822875995749489,0.004655163685337458,NA,NE,71,1156.05375357637
5,HT,32,0.38311249472894876,NA,NA,0.3879310344827586,-0.0048185397538098584,2.321832535904597e-5,NA,NV,70,1121.167475145084
5,HT,33,0.37384801777524856,NA,NA,0.3114874815905744,0.06236053618467419,0.0038888364732400584,NA,NH,76,1332.705856968281
5,HT,34,0.23942631429411787,NA,NA,0.3675276752767528,-0.12810136098263492,0.01640995868560334,NA,NJ,83,1144.4281207722709
5,HT,35,0.3496920058298691,NA,NA,0.3167062549485352,0.032985750881333875,0.0010880597612054185,NA,NM,72,1217.4055473642768
5,HT,36,0.23553433603040513,NA,NA,0.34244946492271106,-0.10691512889230592,0.01143084478605839,NA,NY,121,1577.398576319573
5,HT,37,0.296945609878538,NA,NA,0.30879199428162973,-0.011846384403091714,1.4033682342581464e-4,NA,NC,84,1160.2880919885886
5,HT,38,0.2944846865059199,NA,NA,0.3009079118028534,-0.00642322529693351,4.125782321516658e-5,NA,ND,40,696.6302600693929
5,HT,39,0.43876260764034064,NA,NA,0.3185703185703186,0.12019228907002205,0.014446186351891743,NA,OH,84,1196.1827917469925
5,HT,40,0.28106492195788774,NA,NA,0.28644240570846075,-0.005377483750573009,2.8917331487676753e-5,NA,OK,74,1074.747047145753
5,HT,41,0.32446564160944613,NA,NA,0.3165644171779141,0.007901224431532017,6.242934751743845e-5,NA,OR,96,1490.1346376190693
5,HT,42,0.31799878182212493,NA,NA,0.3404605263157895,-0.02246174449366456,5.045299656986702e-4,NA,PA,127,1796.18298950704
5,HT,44,0.3310564103271382,NA,NA,0.3433667781493868,-0.012310367822248647,1.515451559190549e-4,NA,RI,51,860.0221841072745
5,HT,45,0.29095827659994866,NA,NA,0.31290849673202614,-0.02195022013207748,4.818121638466595e-4,NA,SC,70,1038.3782383588712
5,HT,46,0.17783264793488504,NA,NA,0.2953846153846154,-0.11755196744973037,0.01381846505130247,NA,SD,37,595.071373322596
5,HT,47,0.33698527062669226,NA,NA,0.327212020033389,0.009773250593303251,9.551642715950235e-5,NA,TN,95,1349.228840919637
5,HT,48,0.3390522018874806,NA,NA,0.33565823888404533,0.003393963003435252,1.1518984868687237e-5,NA,TX,235,3371.4862613305704
5,HT,49,0.20637929845593705,NA,NA,0.2304,-0.02402070154406294,5.769941026689476e-4,NA,UT,124,1979.1707796713945
5,HT,50,0.26367784983630904,NA,NA,0.33587786259541985,-0.07220001275911081,0.005212841842415764,NA,VT,55,1013.5540860857272
5,HT,51,0.21136552079031773,NA,NA,0.2716180371352785,-0.06025251634496076,0.0036303657258997635,NA,VA,123,1771.0288401733974
5,HT,53,0.27709193345870664,NA,NA,0.32831683168316833,-0.05122489822446169,0.0026239901981064584,NA,WA,184,2769.296623630786
5,HT,54,0.34014640732094564,NA,NA,0.27807486631016043,0.062071541010785214,0.0038528762034535907,NA,WV,66,1052.3844641403825
5,HT,55,0.25570230305386826,NA,NA,0.3069958847736626,-0.05129358171979431,0.0026310315256452173,NA,WI,88,1249.28663067647
5,HT,56,0.421675436395757,NA,NA,0.2782152230971129,0.1434602132986441,0.020580832799692465,NA,WY,49,912.0473152974934
6,HT,01,0.17534867494359985,NA,NA,0.3007135575942915,-0.12536488265069168,0.015716353802021694,NA,AL,67,937.333459343739
6,HT,04,0.263108749288044,NA,NA,0.28578919769271105,-0.022680448404667042,5.144027398367638e-4,NA,AZ,120,1763.8218276051546
6,HT,05,0.23796027652277318,NA,NA,0.2849035187287174,-0.0469432422059442,0.002203667988805941,NA,AR,45,684.8167851115346
6,HT,06,0.3428510355641623,NA,NA,0.3766891891891892,-0.0338381536250269,0.0011450206407509211,NA,CA,328,4689.220303596519
6,HT,08,0.2618079617894458,NA,NA,0.2865264354747015,-0.024718473685255704,6.110029413286787e-4,NA,CO,106,1593.2904651948256
6,HT,09,0.4142541901204273,NA,NA,0.3638113570741097,0.05044283304631758,0.002544479405738669,NA,CT,73,1096.5045310535304
6,HT,10,0.41904243423979065,NA,NA,0.3221957040572792,0.09684673018251144,0.009379289147044173,NA,DE,77,1394.343151867968
6,HT,11,0.20710386876508743,NA,NA,0.2659758203799655,-0.05887195161487804,0.0034659066869445415,NA,DC,53,1014.5708195778158
6,HT,12,0.3737889002042433,NA,NA,0.35494880546075086,0.018840094743492464,3.5494916994377234e-4,NA,FL,189,2686.9379026590514
6,HT,13,0.36948871291387486,NA,NA,0.3376770538243626,0.03181165908951228,0.0010119816540273491,NA,GA,134,1903.2674939411254
6,HT,16,0.26033066034140184,NA,NA,0.27474747474747474,-0.014416814406072898,2.0784453761915105e-4,NA,ID,77,1307.8878938514251
6,HT,17,0.39213883870721494,NA,NA,0.3270967741935484,0.06504206451366656,0.004230470156199964,NA,IL,119,1665.9054661319935
6,HT,18,0.3798783901003529,NA,NA,0.3194805194805195,0.06039787061983343,0.0036479027754101378,NA,IN,89,1269.9169464007598
6,HT,19,0.24247928466642538,NA,NA,0.28534031413612565,-0.042861029469700274,0.0018370678472025153,NA,IA,66,990.8485899860362
6,HT,20,0.24912332813836624,NA,NA,0.2644787644787645,-0.015355436340398265,2.3578942520402366e-4,NA,KS,67,1007.176826113528
6,HT,21,0.38403396137089363,NA,NA,0.3541300527240773,0.029903908646816302,8.942437523571348e-4,NA,KY,74,1100.4408035545262
6,HT,22,0.4725569019474925,NA,NA,0.40809248554913297,0.06446441639835954,0.004155660981581086,NA,LA,51,756.4091090939796
6,HT,23,0.4631265866051781,NA,NA,0.2982456140350877,0.16488097257009038,0.027185735115658895,NA,ME,70,1209.3004676848766
6,HT,24,0.31437641109223247,NA,NA,0.30939226519337015,0.004984145898862313,2.4841710341146016e-5,NA,MD,119,1723.5669218400326
6,HT,25,0.3480181306503881,NA,NA,0.3460096411355115,0.002008489514876588,4.034030131369192e-6,NA,MA,128,1906.0052483469522
6,HT,26,0.4203143473706561,NA,NA,0.40276356192425794,0.017550785446398154,3.0803006978550126e-4,NA,MI,136,1970.4005996435951
6,HT,27,0.3764692058792259,NA,NA,0.31893004115226337,0.05753916472696252,0.0033107554774765282,NA,MN,100,1488.6024507406762
6,HT,28,0.36267829921540956,NA,NA,0.33690476190476193,0.025773537310647632,6.642752255033456e-4,NA,MS,61,917.1117578350652
6,HT,29,0.3615814088445931,NA,NA,0.31070496083550914,0.050876448009083974,0.002588412962021025,NA,MO,79,1140.1195487675132
6,HT,30,0.3195532812840648,NA,NA,0.27586206896551724,0.043691212318547556,0.0019089220338644017,NA,MT,59,1049.4041308959424
6,HT,31,0.19813868209347632,NA,NA,0.2688553682342502,-0.0707166861407739,0.005000849698732723,NA,NE,75,1171.5284744567382
6,HT,32,0.3849378249773426,NA,NA,0.3879310344827586,-0.002993209505416039,8.959303143312929e-6,NA,NV,65,1033.5219919353556
6,HT,33,0.29001358568830005,NA,NA,0.3114874815905744,-0.02147389590227433,4.6112820522171434e-4,NA,NH,81,1399.892022849054
6,HT,34,0.29683866967528905,NA,NA,0.3675276752767528,-0.07068900560146374,0.004996935512923772,NA,NJ,85,1163.5619712463433
6,HT,35,0.48952548142176006,NA,NA,0.3167062549485352,0.17281922647322484,0.029866485038803778,NA,NM,85,1445.885880275946
6,HT,36,0.4699070409281165,NA,NA,0.34244946492271106,0.12745757600540547,0.01624543368117371,NA,NY,136,1905.8350288688384
6,HT,37,0.42981872048114433,NA,NA,0.30879199428162973,0.1210267261995146,0.014647468454572274,NA,NC,107,1513.5764132694576
6,HT,38,0.35906810753792356,NA,NA,0.3009079118028534,0.05816019573507014,0.003382608367941671,NA,ND,50,880.4149093552571
6,HT,39,0.33632718643691123,NA,NA,0.3185703185703186,0.01775686786659264,3.1530635643163026e-4,NA,OH,101,1375.2151595489279
6,HT,40,0.38536967502480113,NA,NA,0.28644240570846075,0.09892726931634038,0.009786604614387741,NA,OK,67,984.9277094084468
6,HT,41,0.3532054653844544,NA,NA,0.3165644171779141,0.036641048206540294,0.0013425664136740097,NA,OR,96,1484.052019467389
6,HT,42,0.36703710648675764,NA,NA,0.3404605263157895,0.026576580170968145,7.063146135838972e-4,NA,PA,136,1908.2565168012234
6,HT,44,0.3109680730395503,NA,NA,0.3433667781493868,-0.0323987051098365,0.0010496760927941459,NA,RI,59,1014.0394343175801
6,HT,45,0.3791307644926358,NA,NA,0.31290849673202614,0.06622226776060963,0.0043853887473578775,NA,SC,87,1269.4430710168895
6,HT,46,0.17567953447894694,NA,NA,0.2953846153846154,-0.11970508090566848,0.014329306394632636,NA,SD,39,634.1985364746831
6,HT,47,0.20402173606264262,NA,NA,0.327212020033389,-0.12319028397074638,0.015175846064793134,NA,TN,78,1083.5084424089605
6,HT,48,0.3151253025464992,NA,NA,0.33565823888404533,-0.02053293633754616,4.216014746417235e-4,NA,TX,249,3497.597832036657
6,HT,49,0.32289223937059464,NA,NA,0.2304,0.09249223937059464,0.008554814343787378,NA,UT,130,2118.5008763575215
6,HT,50,0.2722133885287275,NA,NA,0.33587786259541985,-0.06366447406669234,0.004053165258188542,NA,VT,55,996.4100798300051
6,HT,51,0.23165359924095758,NA,NA,0.2716180371352785,-0.039964437894320914,0.0015971562962090334,NA,VA,137,1986.951280502886
6,HT,53,0.3703384159816758,NA,NA,0.32831683168316833,0.04202158429850744,0.0017658135469565673,NA,WA,169,2583.003822529
6,HT,54,0.35684469424521786,NA,NA,0.27807486631016043,0.07876982793505743,0.006204685792918554,NA,WV,58,948.829947996332
6,HT,55,0.25629404610098305,NA,NA,0.3069958847736626,-0.05070183867267952,0.0025706764447904207,NA,WI,71,1015.5508245911288
6,HT,56,0.302365579658698,NA,NA,0.2782152230971129,0.024150356561585096,5.832397220516963e-4,NA,WY,45,788.2357982172359
7,HT,01,0.33590122929324673,NA,NA,0.3007135575942915,0.0351876716989552,0.001238172239593453,NA,AL,72,1025.2933063297826
7,HT,04,0.32738532107947693,NA,NA,0.28578919769271105,0.04159612338676588,0.0017302374808070516,NA,AZ,135,1976.2525840936278
7,HT,05,0.2345320019547268,NA,NA,0.2849035187287174,-0.0503715167739906,0.0025372897021124162,NA,AR,55,827.7475565579368
7,HT,06,0.3715936708335158,NA,NA,0.3766891891891892,-0.005095518355673401,2.5964307313004557e-5,NA,CA,304,4392.6310925878015
7,HT,08,0.2532410065872463,NA,NA,0.2865264354747015,-0.033285428887455226,0.001107919776221839,NA,CO,144,2102.1781069371154
7,HT,09,0.5039066357550724,NA,NA,0.3638113570741097,0.14009527868096272,0.019626687108696608,NA,CT,77,1171.4478202916791
7,HT,10,0.25620246407668695,NA,NA,0.3221957040572792,-0.06599323998059226,0.00435510772313604,NA,DE,73,1291.8533401048817
7,HT,11,0.14917885988799756,NA,NA,0.2659758203799655,-0.11679696049196792,0.013641529980162314,NA,DC,52,962.0100070573061
7,HT,12,0.38019527455290303,NA,NA,0.35494880546075086,0.02524646909215217,6.373842016209947e-4,NA,FL,198,2795.0063282430087
7,HT,13,0.26067083210621755,NA,NA,0.3376770538243626,-0.07700622171814503,0.005929958183304111,NA,GA,121,1689.7432264383867
7,HT,16,0.21815185653194485,NA,NA,0.27474747474747474,-0.056595618215529886,0.003203064001198018,NA,ID,89,1493.888274019667
7,HT,17,0.4002890528729623,NA,NA,0.3270967741935484,0.07319227867941391,0.005357109658284989,NA,IL,130,1806.207485941191
7,HT,18,0.2274973008279265,NA,NA,0.3194805194805195,-0.09198321865259299,0.00846091251369073,NA,IN,68,966.9665831291978
7,HT,19,0.37849697191367354,NA,NA,0.28534031413612565,0.09315665777754789,0.008678162888283174,NA,IA,82,1271.9600764779732
7,HT,20,0.20636511173115094,NA,NA,0.2644787644787645,-0.05811365274761357,0.0033771966356702142,NA,KS,58,876.1580654945899
7,HT,21,0.25837870942250296,NA,NA,0.3541300527240773,-0.09575134330157437,0.00916831974405595,NA,KY,68,987.3822947820022
7,HT,22,0.40696692736545265,NA,NA,0.40809248554913297,-0.0011255581836803197,1.2668812248497402e-6,NA,LA,53,773.4176240478615
7,HT,23,0.18575674750660284,NA,NA,0.2982456140350877,-0.11248886652848486,0.012653745092863282,NA,ME,56,908.5976939860166
7,HT,24,0.3420398668530201,NA,NA,0.30939226519337015,0.03264760165964997,0.0010658658941271797,NA,MD,108,1606.0597041665246
7,HT,25,0.3972969246273181,NA,NA,0.3460096411355115,0.05128728349180656,0.0026303854479689335,NA,MA,140,2087.6125343691974
7,HT,26,0.49449911839306093,NA,NA,0.40276356192425794,0.09173555646880299,0.008415412320640943,NA,MI,138,2032.8091260464403
7,HT,27,0.34486630878570135,NA,NA,0.31893004115226337,0.02593626763343798,6.726899787533226e-4,NA,MN,94,1400.1334833286521
7,HT,28,0.3662578670760287,NA,NA,0.33690476190476193,0.02935310517126677,8.616047831954479e-4,NA,MS,57,846.0430886956841
7,HT,29,0.1750002923207787,NA,NA,0.31070496083550914,-0.13570466851473043,0.018415757056692867,NA,MO,71,1004.9337183528418
7,HT,30,0.3459622948663842,NA,NA,0.27586206896551724,0.07010022590086695,0.004914041671352578,NA,MT,78,1373.856134887476
7,HT,31,0.28094924832241,NA,NA,0.2688553682342502,0.012093880088159759,1.462619355867871e-4,NA,NE,57,932.4099882726296
7,HT,32,0.33450863194401886,NA,NA,0.3879310344827586,-0.053422402538739755,0.0028539530930111476,NA,NV,81,1254.0146841706141
7,HT,33,0.29140340531999814,NA,NA,0.3114874815905744,-0.020084076270576234,4.033701196423234e-4,NA,NH,59,1046.328193922021
7,HT,34,0.32608360216908566,NA,NA,0.3675276752767528,-0.04144407310766712,0.0017176111957536572,NA,NJ,88,1225.9826598767747
7,HT,35,0.2794805223310416,NA,NA,0.3167062549485352,-0.03722573261749362,0.0013857551689091287,NA,NM,66,1098.1409505749077
7,HT,36,0.318107292141758,NA,NA,0.34244946492271106,-0.024342172780953075,5.925413756977727e-4,NA,NY,125,1663.8942521753079
7,HT,37,0.35442481664094,NA,NA,0.30879199428162973,0.045632822359310266,0.002082354476476367,NA,NC,99,1383.9557027175983
7,HT,38,0.33956949596677843,NA,NA,0.3009079118028534,0.03866158416392501,0.0014947180900642572,NA,ND,46,822.0891805998695
7,HT,39,0.2420095735438736,NA,NA,0.3185703185703186,-0.076560745026445,0.005861547679004322,NA,OH,102,1350.3125097431553
7,HT,40,0.21590114682927156,NA,NA,0.28644240570846075,-0.07054125887918919,0.004976069204260788,NA,OK,73,1040.9432361029872
7,HT,41,0.33123777323169606,NA,NA,0.3165644171779141,0.01467335605378195,2.153073778810594e-4,NA,OR,119,1815.8730658977997
7,HT,42,0.35865181409450125,NA,NA,0.3404605263157895,0.018191287778711762,3.309229510479079e-4,NA,PA,131,1852.5582596468635
7,HT,44,0.33978479170739684,NA,NA,0.3433667781493868,-0.0035819864419899816,1.2830626870600048e-5,NA,RI,40,698.763140593412
7,HT,45,0.2787033821044453,NA,NA,0.31290849673202614,-0.03420511462758086,0.0011699898666859459,NA,SC,89,1281.927471648029
7,HT,46,0.3634647650073989,NA,NA,0.2953846153846154,0.06808014962278347,0.004634906772660584,NA,SD,46,764.6137873364029
7,HT,47,0.41588710023964526,NA,NA,0.327212020033389,0.08867508020625625,0.007863269849585979,NA,TN,90,1273.8898206879753
7,HT,48,0.3439388881603757,NA,NA,0.33565823888404533,0.008280649276330376,6.856915243759079e-5,NA,TX,251,3514.9087574194496
7,HT,49,0.2681536938116768,NA,NA,0.2304,0.037753693811676814,0.001425341396425844,NA,UT,118,1872.8993198095436
7,HT,50,0.4288231607595703,NA,NA,0.33587786259541985,0.092945298164150425,0.008638828450822825,NA,VT,63,1202.4509445785166
7,HT,51,0.30689465878059735,NA,NA,0.2716180371352785,0.03527662164531886,0.0012444400347069793,NA,VA,135,1950.2735485232488
7,HT,53,0.3149951463334811,NA,NA,0.32831683168316833,-0.013321685349687251,1.7746730055607195e-4,NA,WA,171,2564.793185538184
7,HT,54,0.3642542835158735,NA,NA,0.27807486631016043,0.0861794172057131,0.007426891949916358,NA,WV,56,911.6562870992557
7,HT,55,0.39850428912566016,NA,NA,0.3069958847736626,0.09150840435199759,0.008373788067048691,NA,WI,88,1291.1684800864803
7,HT,56,0.17704398663209403,NA,NA,0.2782152230971129,-0.10117123646501885,0.01023561908786076,NA,WY,34,583.4303882763805
8,HT,01,0.35296765452512124,NA,NA,0.3007135575942915,0.05225409693082972,0.002730490646056548,NA,AL,74,1050.690748495988
8,HT,04,0.2120381530651432,NA,NA,0.28578919769271105,-0.07375104462756785,0.0054392165836575045,NA,AZ,134,1932.688692332469
8,HT,05,0.16270706591155493,NA,NA,0.2849035187287174,-0.12219645281716246,0.01493197308109701,NA,AR,50,733.4942162706812
8,HT,06,0.3385779701314758,NA,NA,0.3766891891891892,-0.03811121905771342,0.0014524650180650185,NA,CA,318,4484.583101817463
8,HT,08,0.23647730348054832,NA,NA,0.2865264354747015,-0.0500491319941532,0.0025049156133681695,NA,CO,103,1541.0947681309815
8,HT,09,0.21939569126190334,NA,NA,0.3638113570741097,-0.14441566581220638,0.020855884531982876,NA,CT,58,868.1582402591531
8,HT,10,0.38055146202157386,NA,NA,0.3221957040572792,0.05835575796429465,0.003405394487587339,NA,DE,86,1569.2979106840119
8,HT,11,0.3144831091489281,NA,NA,0.2659758203799655,0.0485072887689626,0.0023529570637155247,NA,DC,53,997.5036964654316
8,HT,12,0.3336843572857279,NA,NA,0.35494880546075086,-0.021264448175022987,4.521767561882385e-4,NA,FL,177,2482.4035694099643
8,HT,13,0.336371000974438,NA,NA,0.3376770538243626,-0.0013060528499245772,1.70577404679611e-6,NA,GA,129,1830.583867246974
8,HT,16,0.20438006748082718,NA,NA,0.27474747474747474,-0.07036740726664756,0.0049515720054302435,NA,ID,88,1436.23976464121
8,HT,17,0.3253993944958733,NA,NA,0.3270967741935484,-0.0016973796976750832,2.881097838079557e-6,NA,IL,92,1274.7077797821667
8,HT,18,0.30965869512935595,NA,NA,0.3194805194805195,-0.009821824351163522,9.646823358510873e-5,NA,IN,76,1069.1994235358882
8,HT,19,0.28469392444045755,NA,NA,0.28534031413612565,-6.463896956681037e-4,4.1781963866590366e-7,NA,IA,62,950.8975264520009
8,HT,20,0.2114925065833552,NA,NA,0.2644787644787645,-0.05298625789540931,0.0028075435257588254,NA,KS,65,977.8736181366428
8,HT,21,0.3350267240606766,NA,NA,0.3541300527240773,-0.019103328663400754,3.649371660219088e-4,NA,KY,70,1025.0703928955545
8,HT,22,0.44824099553818786,NA,NA,0.40809248554913297,0.04014850998905489,0.0016119028543412405,NA,LA,59,856.8882775002937
8,HT,23,0.3256552739309964,NA,NA,0.2982456140350877,0.02740965989590871,7.512894556093863e-4,NA,ME,71,1183.0554137271686
8,HT,24,0.3284203025725441,NA,NA,0.30939226519337015,0.019028037379173968,3.620662065032417e-4,NA,MD,115,1688.6116989709612
8,HT,25,0.39534518183028566,NA,NA,0.3460096411355115,0.04933554069477414,0.002433995575645715,NA,MA,127,1898.0318174668307
8,HT,26,0.37656204711115565,NA,NA,0.40276356192425794,-0.02620151481310229,6.865193785012187e-4,NA,MI,131,1942.095916401568
8,HT,27,0.33249813395733924,NA,NA,0.31893004115226337,0.013568092805075871,1.8409314236715162e-4,NA,MN,112,1610.9222720753805
8,HT,28,0.3786059335782871,NA,NA,0.33690476190476193,0.04170117167352516,0.0017389877189448173,NA,MS,46,698.3941054777073
8,HT,29,0.24400997729976245,NA,NA,0.31070496083550914,-0.06669498353574668,0.004448220828833521,NA,MO,68,959.0987565764133
8,HT,30,0.33665595405252735,NA,NA,0.27586206896551724,0.06079388508701011,0.0036958964639725905,NA,MT,67,1172.1609278469512
8,HT,31,0.15869977700492174,NA,NA,0.2688553682342502,-0.11015559122932847,0.012134254279082907,NA,NE,67,1038.1919125982213
8,HT,32,0.34299697318197986,NA,NA,0.3879310344827586,-0.04493406130077876,0.0020190698649821433,NA,NV,80,1260.9549191931158
8,HT,33,0.279702695563965,NA,NA,0.3114874815905744,-0.03178478602660939,0.0010102726227573435,NA,NH,95,1604.3357133312725
8,HT,34,0.3588082363915232,NA,NA,0.3675276752767528,-0.00871943888522958,7.602861447325366e-5,NA,NJ,128,1791.14943355417
8,HT,35,0.3972364492471652,NA,NA,0.3167062549485352,0.08053019429863001,0.006485112193775101,NA,NM,88,1457.3181823082284
8,HT,36,0.484947237832542,NA,NA,0.34244946492271106,0.14249777290983096,0.020305615284261752,NA,NY,141,1952.228279141762
8,HT,37,0.2814435377590678,NA,NA,0.30879199428162973,-0.02734845652256196,7.479380741664618e-4,NA,NC,112,1519.4528583308243
8,HT,38,0.27104147274125273,NA,NA,0.3009079118028534,-0.02986643906160069,8.920041822203076e-4,NA,ND,38,650.8998149472131
8,HT,39,0.3596783168491799,NA,NA,0.3185703185703186,0.0411079982788613,0.0016898675224948638,NA,OH,90,1241.3286251676627
8,HT,40,0.25766474122161315,NA,NA,0.28644240570846075,-0.0287776644868476,8.281539733175694e-4,NA,OK,80,1146.383018673564
8,HT,41,0.18757683680666498,NA,NA,0.3165644171779141,-0.12898758037124913,0.016637795890029453,NA,OR,87,1312.7958616574956
8,HT,42,0.3523250596382402,NA,NA,0.3404605263157895,0.011864533322450688,1.4076715095954275e-4,NA,PA,133,1846.3359791770372
8,HT,44,0.29610775714915594,NA,NA,0.3433667781493868,-0.04725902100023088,0.0022334150659002634,NA,RI,53,881.6055890015365
8,HT,45,0.3181907474197116,NA,NA,0.31290849673202614,0.0052822506876854525,2.7902172327553436e-5,NA,SC,75,1099.8102118557306
8,HT,46,0.2950374198599022,NA,NA,0.2953846153846154,-3.4719552471323967e-4,1.2054473238090183e-7,NA,SD,35,594.2764618266642
8,HT,47,0.36235374247779467,NA,NA,0.327212020033389,0.035141722444405665,0.001234940656359645,NA,TN,87,1210.922728731921
8,HT,48,0.33604986621360805,NA,NA,0.33565823888404533,3.9162732956271595e-4,1.5337196526042413e-7,NA,TX,251,3513.6847974669577
8,HT,49,0.2428112949147057,NA,NA,0.2304,0.012411294914705717,1.540402414598e-4,NA,UT,135,2186.9589344971632
8,HT,50,0.4889042145275309,NA,NA,0.33587786259541985,0.15302635193211106,0.02341706438565031,NA,VT,68,1285.1024358342308
8,HT,51,0.2205007187537026,NA,NA,0.2716180371352785,-0.05111731838157588,0.002612980238523395,NA,VA,118,1703.9415063603367
8,HT,53,0.3774112688932846,NA,NA,0.32831683168316833,0.04909443721011625,0.0024102637649780468,NA,WA,165,2565.6801977505534
8,HT,54,0.24196308244724787,NA,NA,0.27807486631016043,-0.036111783862912555,0.0013040609337617117,NA,WV,59,913.5696596066607
8,HT,55,0.28115482808520204,NA,NA,0.3069958847736626,-0.02584105668846054,6.677602107762312e-4,NA,WI,88,1240.1614627610054
8,HT,56,0.20033941306154665,NA,NA,0.2782152230971129,-0.07787581003556623,0.006064641788695598,NA,WY,44,766.0432138592013
9,HT,01,0.2790243058438858,NA,NA,0.3007135575942915,-0.021689251750405703,4.7042364149247685e-4,NA,AL,57,835.0344875703191
9,HT,04,0.30424610059854684,NA,NA,0.28578919769271105,0.018456902905835793,3.406572648754497e-4,NA,AZ,113,1664.1093406732532
9,HT,05,0.3745994493100598,NA,NA,0.2849035187287174,0.0896959305813424,0.008045359962852994,NA,AR,63,948.8661184465218
9,HT,06,0.39675022557579054,NA,NA,0.3766891891891892,0.02006103638660134,4.024451809045429e-4,NA,CA,329,4734.865669916093
9,HT,08,0.22227310998255678,NA,NA,0.2865264354747015,-0.06425332549214474,0.004128489836799498,NA,CO,115,1692.4074608628919
9,HT,09,0.30797731905957737,NA,NA,0.3638113570741097,-0.05583403801453235,0.0031174398010082437,NA,CT,55,831.8715991993403
9,HT,10,0.29736060279172055,NA,NA,0.3221957040572792,-0.024835101265558657,6.167822548705532e-4,NA,DE,66,1196.948556931922
9,HT,11,0.2590620193752886,NA,NA,0.2659758203799655,-0.006913801004676867,4.780064433227086e-5,NA,DC,59,1067.6306158880382
9,HT,12,0.42389479419506193,NA,NA,0.35494880546075086,0.06894598873431107,0.004753549362551749,NA,FL,204,2873.4308454202537
9,HT,13,0.28759860577625396,NA,NA,0.3376770538243626,-0.050078448048108626,0.0025078509589071146,NA,GA,114,1605.8419116525122
9,HT,16,0.24584768686119313,NA,NA,0.27474747474747474,-0.028899787886281614,8.351977398720695e-4,NA,ID,84,1410.8415671909063
9,HT,17,0.3409987858534024,NA,NA,0.3270967741935484,0.013902011659853997,1.9326592819071648e-4,NA,IL,98,1371.656338852571
9,HT,18,0.2453560222118129,NA,NA,0.3194805194805195,-0.07412449726870657,0.005494441095338487,NA,IN,65,920.6179724303872
9,HT,19,0.3741935651189909,NA,NA,0.28534031413612565,0.08885325098286523,0.007894900210224041,NA,IA,80,1228.19638082222
9,HT,20,0.44833734465020303,NA,NA,0.2644787644787645,0.18385858017143852,0.03380397750265729,NA,KS,79,1232.4143360171756
9,HT,21,0.42364610452921775,NA,NA,0.3541300527240773,0.06951605180514042,0.004832481458574967,NA,KY,88,1288.9234118174504
9,HT,22,0.33523919783589706,NA,NA,0.40809248554913297,-0.0728532877132359,0.005307601530627529,NA,LA,60,853.6708030841378
9,HT,23,0.21546911787978207,NA,NA,0.2982456140350877,-0.08277649615530563,0.006851948315749329,NA,ME,66,1097.2202556986667
9,HT,24,0.23118497897649146,NA,NA,0.30939226519337015,-0.0782072862168787,0.006116379617408785,NA,MD,98,1423.0310409456208
9,HT,25,0.3673718287754584,NA,NA,0.3460096411355115,0.02136218763994685,4.56343060764298e-4,NA,MA,123,1819.5484764322025
9,HT,26,0.4352695049013379,NA,NA,0.40276356192425794,0.03250594297707998,0.0010566363288291754,NA,MI,141,2089.4961168026207
9,HT,27,0.41169638731306185,NA,NA,0.31893004115226337,0.09276634616079849,0.008605594980025092,NA,MN,106,1579.1692867192005
9,HT,28,0.24677601569808227,NA,NA,0.33690476190476193,-0.09012874620667966,0.008123190892788072,NA,MS,48,709.9200562601483
9,HT,29,0.29176787205465354,NA,NA,0.31070496083550914,-0.018937088780855593,3.5861333149400675e-4,NA,MO,87,1226.1006872058447
9,HT,30,0.26455092591458096,NA,NA,0.27586206896551724,-0.011311143050936279,1.2794195711874406e-4,NA,MT,65,1124.169955861304
9,HT,31,0.24096581209676216,NA,NA,0.2688553682342502,-0.02788955613748806,7.778273415460979e-4,NA,NE,65,1039.809597209689
9,HT,32,0.3724772990503459,NA,NA,0.3879310344827586,-0.01545373543241274,2.38817938815009e-4,NA,NV,82,1275.2415491411198
9,HT,33,0.3295506170601739,NA,NA,0.3114874815905744,0.018063135469599534,3.262768629931048e-4,NA,NH,68,1199.4434506363277
9,HT,34,0.4417351493684514,NA,NA,0.3675276752767528,0.07420747409169859,0.005506749211070117,NA,NJ,112,1587.9676648346863
9,HT,35,0.2714505042210758,NA,NA,0.3167062549485352,-0.04525575072745941,0.002048082973905943,NA,NM,77,1260.2107112597166
9,HT,36,0.3601722913239224,NA,NA,0.34244946492271106,0.017722826401211367,3.1409857564747463e-4,NA,NY,113,1567.2531580697178
9,HT,37,0.2858813093815656,NA,NA,0.30879199428162973,-0.02291068490006415,5.248994825900274e-4,NA,NC,99,1362.55222359256
9,HT,38,0.1870194913945894,NA,NA,0.3009079118028534,-0.11388842040826402,0.012970572303089489,NA,ND,44,754.7765020894528
9,HT,39,0.29189804429019156,NA,NA,0.3185703185703186,-0.02667227428012703,7.114102152743258e-4,NA,OH,98,1309.9898265352638
9,HT,40,0.25809203782968576,NA,NA,0.28644240570846075,-0.028350367878774985,8.037433588618764e-4,NA,OK,63,910.4925836478728
9,HT,41,0.366997314673556,NA,NA,0.3165644171779141,0.05043289749564189,0.002543477149805922,NA,OR,104,1604.6999627228458
9,HT,42,0.39247331862051277,NA,NA,0.3404605263157895,0.052012792304723277,0.002705330563334281,NA,PA,130,1857.0240120593444
9,HT,44,0.5040303344634529,NA,NA,0.3433667781493868,0.1606635563140661,0.025812778327483087,NA,RI,63,1107.2934458319005
9,HT,45,0.3461888828386147,NA,NA,0.31290849673202614,0.033280386106588566,0.0011075840994036134,NA,SC,82,1186.7310835646133
9,HT,46,0.3369324224082893,NA,NA,0.2953846153846154,0.04154780702367389,0.0017262202684764454,NA,SD,45,746.6278148853141
9,HT,47,0.2747487719364723,NA,NA,0.327212020033389,-0.052463248096916715,0.002752392400878635,NA,TN,78,1096.9230146565449
9,HT,48,0.3695717721262364,NA,NA,0.33565823888404533,0.03391353324219104,0.0011501277369691967,NA,TX,284,3988.984341710574
9,HT,49,0.25812272147446363,NA,NA,0.2304,0.02772272147446364,7.685492859506875e-4,NA,UT,125,1975.5936286953602
9,HT,50,0.36813596566775425,NA,NA,0.33587786259541985,0.0322581030723344,0.00104058521382535,NA,VT,64,1219.1112013044235
9,HT,51,0.22656202863246147,NA,NA,0.2716180371352785,-0.04505600850281702,0.0020300439022059194,NA,VA,115,1657.4385082790568
9,HT,53,0.31421111945791186,NA,NA,0.32831683168316833,-0.014105712225256473,1.989711173817499e-4,NA,WA,178,2689.741010849409
9,HT,54,0.17221193197287632,NA,NA,0.27807486631016043,-0.10586293433728411,0.011206960866500127,NA,WV,63,963.446410696658
9,HT,55,0.23527837870734927,NA,NA,0.3069958847736626,-0.0717175060663133,0.0051434006763716855,NA,WI,79,1123.448747475489
9,HT,56,0.4375583365390227,NA,NA,0.2782152230971129,0.15934311344190982,0.025390227801361343,NA,WY,54,962.6393707184898
10,HT,01,0.24561262482571308,NA,NA,0.3007135575942915,-0.05510093276857844,0.0030361127919674015,NA,AL,64,900.2110085361296
10,HT,04,0.256576971100031,NA,NA,0.28578919769271105,-0.029212226592680024,8.53354182502082e-4,NA,AZ,135,1984.793314795837
10,HT,05,0.41987435481702795,NA,NA,0.2849035187287174,0.13497083608831056,0.018217126594377596,NA,AR,76,1150.3222359074957
10,HT,06,0.41926445138947055,NA,NA,0.3766891891891892,0.04257526220028135,0.001812652951422706,NA,CA,351,5053.090939309258
10,HT,08,0.25544947025160175,NA,NA,0.2865264354747015,-0.031076965223099773,9.657777674777527e-4,NA,CO,105,1555.757342200547
10,HT,09,0.3411963174263759,NA,NA,0.3638113570741097,-0.022615039647733814,5.114400182685724e-4,NA,CT,66,976.9083640489894
10,HT,10,0.43676992284689864,NA,NA,0.3221957040572792,0.11457421878961943,0.013127251611251582,NA,DE,66,1216.0879719710433
10,HT,11,0.2813157548056146,NA,NA,0.2659758203799655,0.015339934425649127,2.353135881832152e-4,NA,DC,71,1308.1511011771051
10,HT,12,0.35684573738122755,NA,NA,0.35494880546075086,0.0018969319204766855,3.598350710923366e-6,NA,FL,170,2426.3572928609683
10,HT,13,0.24583055354359318,NA,NA,0.3376770538243626,-0.0918465002807694,0.008435779613825375,NA,GA,117,1648.3373409956787
10,HT,16,0.24814273607702617,NA,NA,0.27474747474747474,-0.026604738670448574,7.078121197228618e-4,NA,ID,80,1344.9710929553503
10,HT,17,0.245849253557828,NA,NA,0.3270967741935484,-0.08124752063572038,0.006601159609451809,NA,IL,104,1422.747962110033
10,HT,18,0.3136041497443615,NA,NA,0.3194805194805195,-0.00587636973615796,3.4531721276033175e-5,NA,IN,80,1122.840446013692
10,HT,19,0.3250003026688407,NA,NA,0.28534031413612565,0.039659988532715074,0.0015729146904150911,NA,IA,75,1120.8352160165753
10,HT,20,0.22020308961582552,NA,NA,0.2644787644787645,-0.044275674862938985,0.001960335384568687,NA,KS,65,997.5967642394346
10,HT,21,0.3093920428023507,NA,NA,0.3541300527240773,-0.04473800992172661,0.002001489531756508,NA,KY,71,1047.2300818454778
10,HT,22,0.3153170284200979,NA,NA,0.40809248554913297,-0.09277545712903507,0.008607285445501423,NA,LA,50,734.446893322186
10,HT,23,0.2866643190424886,NA,NA,0.2982456140350877,-0.011581294992599078,1.341263937056005e-4,NA,ME,66,1089.5932988908548
10,HT,24,0.23815740746249384,NA,NA,0.30939226519337015,-0.07123485773087632,0.005074404955938189,NA,MD,108,1584.9291263958683
10,HT,25,0.497979952907126,NA,NA,0.3460096411355115,0.15197031177161446,0.0230949756599617,NA,MA,136,2107.0311792105795
10,HT,26,0.41995137372346786,NA,NA,0.40276356192425794,0.017187811799209918,2.9542087444505967e-4,NA,MI,147,2122.610358814003
10,HT,27,0.3396299529010629,NA,NA,0.31893004115226337,0.020699911748799538,4.284863464080891e-4,NA,MN,95,1380.2906731498015
10,HT,28,0.21747175903897986,NA,NA,0.33690476190476193,-0.11943300286578207,0.014264242173537908,NA,MS,51,733.4710774566788
10,HT,29,0.2838774732038723,NA,NA,0.31070496083550914,-0.026827487631636837,7.197140926256274e-4,NA,MO,72,1019.4821577645729
10,HT,30,0.26127582397055205,NA,NA,0.27586206896551724,-0.014586244994965192,2.127585430531471e-4,NA,MT,62,1099.8427356473694
10,HT,31,0.3597781725055921,NA,NA,0.2688553682342502,0.09092280427134186,0.008266956336564742,NA,NE,72,1180.7340782397146
10,HT,32,0.4535701123216766,NA,NA,0.3879310344827586,0.06563907783891798,0.004308488539543533,NA,NV,72,1142.8860806038629
10,HT,33,0.30082129572109434,NA,NA,0.3114874815905744,-0.010666185869480038,1.1376752100229564e-4,NA,NH,79,1333.122856138272
10,HT,34,0.315339892221718,NA,NA,0.3675276752767528,-0.0521877830550348,0.002723564700199377,NA,NJ,98,1370.6589956973592
10,HT,35,0.18028869862917044,NA,NA,0.3167062549485352,-0.13641755631936478,0.018609749672147062,NA,NM,69,1108.1182945955818
10,HT,36,0.4117643423038665,NA,NA,0.34244946492271106,0.06931487738115544,0.004804552226364614,NA,NY,131,1802.6279257081626
10,HT,37,0.3847589597078638,NA,NA,0.30879199428162973,0.07596696542623405,0.005770979836070639,NA,NC,107,1513.3469062284992
10,HT,38,0.27589544392032056,NA,NA,0.3009079118028534,-0.025012467882532863,6.25623549574738e-4,NA,ND,38,677.8979245370925
10,HT,39,0.30035644413881646,NA,NA,0.3185703185703186,-0.01821387443150213,3.317452218065271e-4,NA,OH,99,1331.4952452053078
10,HT,40,0.2146478926018965,NA,NA,0.28644240570846075,-0.07179451310656423,0.005154452112208624,NA,OK,68,964.6292172253435
10,HT,41,0.4226344881509621,NA,NA,0.3165644171779141,0.10607007097304799,0.011250859956227438,NA,OR,127,1970.0839494913848
10,HT,42,0.3013488541398576,NA,NA,0.3404605263157895,-0.039111672175931866,0.001529722900397563,NA,PA,136,1876.6536714472875
10,HT,44,0.3419089792309594,NA,NA,0.3433667781493868,-0.0014577989184273998,2.1251776865680967e-6,NA,RI,50,856.6275643485849
10,HT,45,0.30993635997268626,NA,NA,0.31290849673202614,-0.002972136759339883,8.833596916219381e-6,NA,SC,93,1334.805921349629
10,HT,46,0.4426625913089509,NA,NA,0.2953846153846154,0.1472779759243355,0.021690802192369147,NA,SD,37,629.9653892356407
10,HT,47,0.2245573371892377,NA,NA,0.327212020033389,-0.1026546828441513,0.010537983909833291,NA,TN,83,1149.153146238045
10,HT,48,0.39649642022456466,NA,NA,0.33565823888404533,0.060838181340519326,0.003701284308821914,NA,TX,259,3644.473198510064
10,HT,49,0.21164335435732987,NA,NA,0.2304,-0.018756645642670128,3.5181175576469626e-4,NA,UT,111,1749.1105609876017
10,HT,50,0.2594502819271996,NA,NA,0.33587786259541985,-0.07642758066822025,0.005841175086797314,NA,VT,51,917.8047123478544
10,HT,51,0.29220010449496486,NA,NA,0.2716180371352785,0.020582067359686373,4.236214967986672e-4,NA,VA,127,1847.7405702630326
10,HT,53,0.2920898790298106,NA,NA,0.32831683168316833,-0.036226952653357736,0.0013123920985486232,NA,WA,175,2623.726339820685
10,HT,54,0.2562236639461855,NA,NA,0.27807486631016043,-0.02185120236397492,4.7747504475138315e-4,NA,WV,57,891.3182445341691
10,HT,55,0.3740476638193332,NA,NA,0.3069958847736626,0.06705177904567061,0.004495941073189433,NA,WI,84,1220.7267351190908
10,HT,56,0.21890605649848446,NA,NA,0.2782152230971129,-0.05930916659862842,0.003517577242623861,NA,WY,42,763.2838153460707
1,NSB,01,0.3323723737443492,0.2962000783279819,0.3612001040376949,0.3007135575942915,0.03165881615005767,0.0010022806400231522,TRUE,AL,72,990.995991853708
1,NSB,04,0.31060905814400924,0.27952743405694513,0.336084844640792,0.28578919769271105,0.024819860451298192,6.160254728219161e-4,TRUE,AZ,142,2083.2050904597972
1,NSB,05,0.3190629864403641,0.2853523391330493,0.35169363418032096,0.2849035187287174,0.03415946771164674,0.0011668692343430361,FALSE,AR,46,671.1368062878959
1,NSB,06,0.33349244644595466,0.3034641822027,0.36017012031579326,0.3766891891891892,-0.04319674274323454,0.001865958583625186,FALSE,CA,300,4289.591789158838
1,NSB,08,0.30985482538539155,0.2783147518443624,0.33739682747152305,0.2865264354747015,0.02332838991069003,5.442137758251844e-4,TRUE,CO,125,1877.7070497365498
1,NSB,09,0.32407994784347394,0.2941556776904679,0.3574089420387452,0.3638113570741097,-0.039731409230635784,0.0015785848794522505,FALSE,CT,61,908.3560027465476
1,NSB,10,0.32438979771918053,0.2967417108021341,0.36157731147546424,0.3221957040572792,0.0021940936619013196,4.814046997195542e-6,TRUE,DE,67,1266.9294675534663
1,NSB,11,0.34753795300417,0.30262202997530596,0.37865008061447913,0.2659758203799655,0.08156213262420453,0.0066523814782083295,FALSE,DC,50,899.4664213641361
1,NSB,12,0.333136117716503,0.3065656657307385,0.37139747056347117,0.35494880546075086,-0.021812687744247883,4.757933466280618e-4,TRUE,FL,217,3049.265273921742
1,NSB,13,0.34436073291421215,0.31144678435857165,0.3759544089182165,0.3376770538243626,0.00668367908984957,4.467156617609238e-5,TRUE,GA,114,1616.8005337782563
1,NSB,16,0.3044829403889337,0.27374153715115596,0.33503871956805753,0.27474747474747474,0.029735465641458958,8.841979169143862e-4,TRUE,ID,76,1301.3098209911368
1,NSB,17,0.3280899634365064,0.3015761655057563,0.364662304606968,0.3270967741935484,9.93189242958048e-4,9.864248723275805e-7,TRUE,IL,118,1669.63954442939
1,NSB,18,0.3115413583353774,0.2801625829696056,0.3412450188652627,0.3194805194805195,-0.007939161145142093,6.303027968853391e-5,TRUE,IN,97,1357.1894958847893
1,NSB,19,0.2993729581865157,0.2681082077666065,0.32910297781368225,0.28534031413612565,0.014032644050390064,1.9691509904494765e-4,TRUE,IA,80,1213.8238179740317
1,NSB,20,0.30665376697602503,0.27287555701207644,0.3343380659756634,0.2644787644787645,0.04217500249726053,0.0017787308356439317,FALSE,KS,66,1008.9569420091326
1,NSB,21,0.31955475624699464,0.2896327258714215,0.3556818699231791,0.3541300527240773,-0.034575296477082684,0.0011954511264781662,TRUE,KY,65,963.0183385360598
1,NSB,22,0.3433665974218523,0.30828044239523467,0.3756106152504243,0.40809248554913297,-0.06472588812728064,0.004189440593865249,FALSE,LA,60,854.6248037980355
1,NSB,23,0.28687190919046296,0.2586415993136878,0.3211544555237746,0.2982456140350877,-0.011373704844624744,1.2936116189264036e-4,TRUE,ME,61,1051.7497827690847
1,NSB,24,0.3394318577146475,0.3085923478602899,0.3702506989309118,0.30939226519337015,0.03003959252127736,9.023771188443826e-4,TRUE,MD,109,1605.0378687534212
1,NSB,25,0.31111645619513106,0.2841463723986983,0.34315540179295906,0.3460096411355115,-0.03489318494038046,0.001217534355283594,FALSE,MA,121,1828.8192380499327
1,NSB,26,0.32197896618781063,0.2972778157654136,0.3579266207196874,0.40276356192425794,-0.0807845957364473,0.00652615090830122,FALSE,MI,146,2115.0175167507286
1,NSB,27,0.3028373189920735,0.2772420475020481,0.34063094271069494,0.31893004115226337,-0.016092722160189865,2.58975706525066e-4,TRUE,MN,98,1446.5927385881441
1,NSB,28,0.35468980427469277,0.3214705171331952,0.39075058046639205,0.33690476190476193,0.017785042369930837,3.163077321002351e-4,TRUE,MS,39,582.6251147496225
1,NSB,29,0.3127806400011176,0.2777527969541459,0.3394835619455636,0.31070496083550914,0.0020756791656084683,4.3084439985410675e-06,TRUE,MO,85,1192.6229894747892
1,NSB,30,0.2880499825371852,0.2542118281120354,0.31412912946456895,0.27586206896551724,0.012187913571667985,1.4854523723044867e-4,TRUE,MT,79,1351.1463458676883
1,NSB,31,0.30847464576326744,0.2791852256850813,0.340045025638276,0.2688553682342502,0.03961927752901723,0.0015696871519212893,FALSE,NE,64,1058.7503872757975
1,NSB,32,0.32357899968216164,0.29509110638804026,0.35457053193075905,0.3879310344827586,-0.06435203480059698,0.0041411843829772445,FALSE,NV,74,1123.3857122694822
1,NSB,33,0.2955331663572899,0.267840461356446,0.3290823837611506,0.3114874815905744,-0.0159543152332845,2.545401745630138e-4,TRUE,NH,75,1298.550526541381
1,NSB,34,0.334224988723291,0.3062995111802509,0.3723948737326191,0.3675276752767528,-0.0333026865534618,0.0011090689316781254,TRUE,NJ,103,1455.332120930462
1,NSB,35,0.3395778059978711,0.31105067413031645,0.37633275928312737,0.3167062549485352,0.02287155104933586,5.231078474023762e-4,TRUE,NM,78,1316.1536655794296
1,NSB,36,0.32499987720632034,0.29439894343166023,0.3553798603810538,0.34244946492271106,-0.017449587716390713,3.0448811147201364e-4,TRUE,NY,123,1661.0998210098694
1,NSB,37,0.33514595738073527,0.3060087178816542,0.36667095136410577,0.30879199428162973,0.026353963099105537,6.945313710290163e-4,TRUE,NC,104,1475.7593188758162
1,NSB,38,0.3052159778419832,0.27689497063376967,0.33864303736448104,0.3009079118028534,0.004308066039129754,1.855943299750313e-5,TRUE,ND,49,871.8795877549137
1,NSB,39,0.31773230191718865,0.2887883564461028,0.3497948160806201,0.3185703185703186,-8.38016653129936e-4,7.022719109230995e-7,TRUE,OH,96,1294.45871502274
1,NSB,40,0.32555899507781755,0.28891290720091234,0.3555264691686625,0.28644240570846075,0.0391165893693568,0.0015301075638908775,FALSE,OK,71,1050.8391264739776
1,NSB,41,0.29490952642926194,0.2619277315919434,0.3206421146840057,0.3165644171779141,-0.021654890748652178,4.6893429333606166e-4,TRUE,OR,109,1655.2815414622523
1,NSB,42,0.3141338100089606,0.28866049472812993,0.3458669737781879,0.3404605263157895,-0.026326716306828868,6.93095991500249e-4,TRUE,PA,147,2060.867817206735
1,NSB,44,0.3110761894630717,0.2802945484535124,0.3402163973779043,0.3433667781493868,-0.032290588686315125,0.0010426821177087822,FALSE,RI,69,1147.063741686034
1,NSB,45,0.3213848620665438,0.29279335900128806,0.3522470103340993,0.31290849673202614,0.008476365334517677,7.184876928421297e-5,TRUE,SC,83,1207.7645355569744
1,NSB,46,0.2966008011177554,0.26609489002495534,0.32691321300003884,0.2953846153846154,0.001216185733139974,1.4791077374932158e-6,TRUE,SD,48,779.385662893915
1,NSB,47,0.31907582354498604,0.28927662750805216,0.34906758778382124,0.327212020033389,-0.00813619648840297,6.619769329790081e-5,TRUE,TN,77,1095.303162303359
1,NSB,48,0.3432593215240614,0.3097536669025728,0.36897260888772243,0.33565823888404533,0.007601082640016077,5.777645730035377e-5,TRUE,TX,223,3133.6720041483063
1,NSB,49,0.3090679296547363,0.27814855200430866,0.3373282916705429,0.2304,0.07866792965473629,0.0061886431561625375,FALSE,UT,107,1717.1532008630898
1,NSB,50,0.28860245809033874,0.26004515977851594,0.316823617065078,0.33587786259541985,-0.04727540450508111,0.002234963871119043,FALSE,VT,55,1004.7792704029811
1,NSB,51,0.31865903315100746,0.28668465782465985,0.34361379810530635,0.2716180371352785,0.047040996015728975,0.0022128553061518293,FALSE,VA,129,1866.511363597658
1,NSB,53,0.3116832017283567,0.2859926523375048,0.3427831155309313,0.32831683168316833,-0.016633629954811657,2.7667764547360764e-4,TRUE,WA,186,2817.7484332429945
1,NSB,54,0.3006395232201977,0.2717359240481504,0.33093892191742025,0.27807486631016043,0.022564656910037284,5.091637414676933e-4,TRUE,WV,63,998.6958248566079
1,NSB,55,0.3015193948594416,0.2710672239448081,0.3309913296779263,0.3069958847736626,-0.00547648991422095,2.9991941780563787e-5,TRUE,WI,82,1173.8443741165736
1,NSB,56,0.29623294962020796,0.26558845832242217,0.3257781568478034,0.2782152230971129,0.01801772652309508,3.246384690610439e-4,TRUE,WY,39,683.0910284061732
2,NSB,01,0.3345783462122627,0.26336016769218284,0.41173476387796787,0.3007135575942915,0.03386478861797115,0.0011468239081398686,TRUE,AL,68,995.649971249108
2,NSB,04,0.2584018864408349,0.20185769136174525,0.3170280152070918,0.28578919769271105,-0.027387311251876156,7.500648176071423e-4,TRUE,AZ,117,1707.5329427312176
2,NSB,05,0.29946625660513143,0.22518378714043985,0.3774619051549466,0.2849035187287174,0.014562737876414045,2.1207333445714423e-4,TRUE,AR,51,752.3928399104523
2,NSB,06,0.3635178153691893,0.3168882258073877,0.41024973138282206,0.3766891891891892,-0.013171373819999888,1.7348508830617842e-4,TRUE,CA,322,4618.918979154124
2,NSB,08,0.2770561471172186,0.21415156393244764,0.33739483776241586,0.2865264354747015,-0.009470288357482926,8.968636157387664e-5,TRUE,CO,107,1594.28481305953
2,NSB,09,0.3352435708590553,0.267223666796426,0.41126918163084203,0.3638113570741097,-0.028567786215054403,8.161184092290523e-4,TRUE,CT,73,1089.9604668439538
2,NSB,10,0.28662571883104354,0.22312697797011727,0.3511809695022299,0.3221957040572792,-0.03556998522623567,0.0012652238489946237,TRUE,DE,75,1342.246549895721
2,NSB,11,0.3051054189746407,0.2351452499976406,0.37438419201878215,0.2659758203799655,0.03912959859467524,0.0015311254861804105,TRUE,DC,67,1217.2012862533363
2,NSB,12,0.3060639126267073,0.2557062824481078,0.35653292797508995,0.35494880546075086,-0.04888489283404357,0.0023897327473959245,TRUE,FL,203,2787.6546501178927
2,NSB,13,0.3162092394461022,0.25816592509953507,0.37590148125750106,0.3376770538243626,-0.021467814378260397,4.608670541794438e-4,TRUE,GA,141,1992.9478904583598
2,NSB,16,0.33850693464961557,0.27288983198266537,0.4147971929377191,0.27474747474747474,0.06375945990214082,0.004065268727012704,TRUE,ID,87,1503.0521521111687
2,NSB,17,0.33136388119859955,0.27053990589973154,0.39528891365275776,0.3270967741935484,0.004267107005051174,1.8208202192556798e-5,TRUE,IL,122,1681.3263455665522
2,NSB,18,0.3118476759300789,0.24773751708289143,0.38130569922121194,0.3194805194805195,-0.007632843550440582,5.826030066550239e-5,TRUE,IN,95,1342.3040595173163
2,NSB,19,0.3293574126809246,0.25696591741306024,0.4110326745852258,0.28534031413612565,0.04401709854479896,0.0019375049643025428,TRUE,IA,64,976.581360043162
2,NSB,20,0.30451695952772373,0.23776874008717916,0.37393923618397623,0.2644787644787645,0.040038195048959224,0.0016030570627785028,TRUE,KS,80,1209.0909967902996
2,NSB,21,0.3505357749177575,0.2806156972444981,0.4288050534816655,0.3541300527240773,-0.0035942778063198233,1.291883294900324e-5,TRUE,KY,77,1162.4805016068271
2,NSB,22,0.39396364141546203,0.3166925707185935,0.4805710645471185,0.40809248554913297,-0.014128844133670937,1.9962423655356764e-4,TRUE,LA,65,963.835081439526
2,NSB,23,0.29376347773714634,0.22879379454059418,0.3642631312970249,0.2982456140350877,-0.004482136297941364,2.0089545793323514e-5,TRUE,ME,72,1216.6595924292958
2,NSB,24,0.298422560794758,0.2350785670349415,0.3628657170092475,0.30939226519337015,-0.010969704398612168,1.2033441459293114e-4,TRUE,MD,112,1608.8686247501848
2,NSB,25,0.33313278814584263,0.2771723864142814,0.3945326245541043,0.3460096411355115,-0.012876852989668897,1.658133429175448e-4,TRUE,MA,142,2129.0106904539043
2,NSB,26,0.3383929729217411,0.2795659301000384,0.4005205549224278,0.40276356192425794,-0.06437058900251685,0.004143572728530944,FALSE,MI,141,2028.9713165885473
2,NSB,27,0.2892884379809194,0.22365770929515322,0.3549455614756628,0.31893004115226337,-0.029641603171343955,8.78624638567428e-4,TRUE,MN,92,1331.1723053259425
2,NSB,28,0.32484478725804217,0.2535621426679364,0.40027698830968605,0.33690476190476193,-0.012059974646719762,1.4544298847952346e-4,TRUE,MS,60,901.6288552540187
2,NSB,29,0.2902905867822504,0.22219876943962358,0.36101759699776215,0.31070496083550914,-0.020414374053258744,4.167466679863638e-4,TRUE,MO,84,1163.5511984161094
2,NSB,30,0.2750726022759248,0.20941314347942055,0.3445635307316973,0.27586206896551724,-7.894666895924551e-4,6.232576539760699e-7,TRUE,MT,64,1094.3365173467537
2,NSB,31,0.28578134964057617,0.2212171201406514,0.35217218721747,0.2688553682342502,0.01692598140632595,2.8648884656729185e-4,TRUE,NE,75,1213.8662023201211
2,NSB,32,0.3467605671971309,0.2781186407011611,0.42814414536879764,0.3879310344827586,-0.04117046728562773,0.0016950073765169434,TRUE,NV,64,1011.4541636402428
2,NSB,33,0.29610802338624764,0.23427831300057078,0.3644346707074568,0.3114874815905744,-0.015379458204326735,2.365277346586329e-4,TRUE,NH,82,1381.5362157664063
2,NSB,34,0.3946805752281698,0.3154741735436339,0.488969292679694,0.3675276752767528,0.02715289995141701,7.372799757716618e-4,TRUE,NJ,74,1090.5948928887703
2,NSB,35,0.323517953653764,0.2574269767665978,0.3904400222460657,0.3167062549485352,0.006811698705228797,4.6399239250815666e-5,TRUE,NM,82,1353.131220923858
2,NSB,36,0.3122527097608858,0.25398517696817047,0.37373063195822054,0.34244946492271106,-0.03019675516182524,9.118440223032193e-4,TRUE,NY,148,2002.0219004323005
2,NSB,37,0.2721401567456204,0.20154560697520463,0.3421850417078395,0.30879199428162973,-0.03665183753600931,0.0013433571947660211,TRUE,NC,84,1114.8546883003255
2,NSB,38,0.2801398420764906,0.20432035709194324,0.3593750868925154,0.3009079118028534,-0.020768069726362803,4.3131272015906714e-4,TRUE,ND,38,650.0063142938156
2,NSB,39,0.32362674285623877,0.25958017743059497,0.3932293299050604,0.3185703185703186,0.00505642428592018,2.5567426559243403e-5,TRUE,OH,97,1326.5561670638942
2,NSB,40,0.2760886596280139,0.19833039803773,0.3526508089849544,0.28644240570846075,-0.010353746080446868,1.072000578983689e-4,TRUE,OK,64,899.6015317801957
2,NSB,41,0.34170614013001105,0.2777454700665016,0.41243490428140606,0.3165644171779141,0.025141722952096934,6.321062329999978e-4,TRUE,OR,95,1492.4694642038096
2,NSB,42,0.3621906855708088,0.2994106466003427,0.4317300618574796,0.3404605263157895,0.02173015925501931,4.7219982124850136e-4,TRUE,PA,121,1712.138409956175
2,NSB,44,0.3352793785787503,0.26183931776220826,0.4182616271419192,0.3433667781493868,-0.008087399570636533,6.540603181513198e-5,TRUE,RI,52,906.8236073958067
2,NSB,45,0.30823221896897124,0.24500960023202514,0.37805171984907415,0.31290849673202614,-0.0046762777630549035,2.1867573717241774e-5,TRUE,SC,100,1457.8652217542647
2,NSB,46,0.2868936518512507,0.21383914317760333,0.3628203244393158,0.2953846153846154,-0.008490963533364704,7.209646172492921e-5,TRUE,SD,38,635.0843658230615
2,NSB,47,0.33299924889546584,0.2641053378301052,0.408470356754967,0.327212020033389,0.005787228862076832,3.34920179020551e-5,TRUE,TN,81,1162.5165432651725
2,NSB,48,0.3240629243203958,0.27441980437328517,0.3748666940076043,0.33565823888404533,-0.01159531456364954,1.344513198299831e-4,TRUE,TX,242,3443.2350295082006
2,NSB,49,0.2364324041544224,0.16898654652797723,0.30143399096178897,0.2304,0.0060324041544224105,3.638989988229276e-5,TRUE,UT,101,1573.0412049881527
2,NSB,50,0.3422738794497575,0.27241373908715594,0.4256208173473715,0.33587786259541985,0.0063960168543376605,4.0909031600971423e-5,TRUE,VT,50,948.9130820159605
2,NSB,51,0.2723302707983588,0.2078833431875231,0.3376408432235257,0.2716180371352785,7.122336630803194e-4,5.0727679082481e-7,TRUE,VA,113,1617.2851587668797
2,NSB,53,0.30194351521020696,0.24882697633748035,0.35650466538110515,0.32831683168316833,-0.026373316472961372,6.955518217829756e-4,TRUE,WA,171,2595.21090343394
2,NSB,54,0.285972701873112,0.22091376103051608,0.35338077926499517,0.27807486631016043,0.007897835562951594,6.237580657942292e-5,TRUE,WV,76,1175.1942308316388
2,NSB,55,0.3062836389721943,0.24007929222770363,0.3780450992423658,0.3069958847736626,-7.122458014682809e-4,5.072940817091938e-7,TRUE,WI,79,1133.99587264568
2,NSB,56,0.2888248195524152,0.21208450092402598,0.36321547676422206,0.2782152230971129,0.010609596455302295,1.1256353694436302e-4,TRUE,WY,40,697.6755487549432
3,NSB,01,0.3243292593656403,0.26517129843621545,0.37785652586816443,0.3007135575942915,0.02361570177134875,5.577013701532846e-4,TRUE,AL,76,1082.361559791973
3,NSB,04,0.3128587153672111,0.26290337361996863,0.36051954982542034,0.28578919769271105,0.027069517674500054,7.327587871300708e-4,TRUE,AZ,126,1858.176227982662
3,NSB,05,0.30885365150524663,0.24505569404416686,0.3630989990379052,0.2849035187287174,0.023950132776529243,5.736088600133804e-4,TRUE,AR,62,924.7789729490361
3,NSB,06,0.30728120286683447,0.26315837795800856,0.3485385484908581,0.3766891891891892,-0.06940798632235473,0.004817468565324182,FALSE,CA,318,4487.148422100378
3,NSB,08,0.338784901100051,0.2893683967604678,0.4003213686086399,0.2865264354747015,0.05225846562534947,0.002730947229515832,FALSE,CO,107,1641.6281863549573
3,NSB,09,0.34568775459745815,0.2880177454650072,0.41338778658489295,0.3638113570741097,-0.018123602476651568,3.2846496673169084e-4,TRUE,CT,50,770.8399450575271
3,NSB,10,0.3090779263549788,0.245955441879237,0.3614960192317385,0.3221957040572792,-0.013117777702300382,1.720760918469691e-4,TRUE,DE,61,1101.4849871378892
3,NSB,11,0.34158499152342925,0.2827207400143156,0.3951203985217037,0.2659758203799655,0.07560917114346377,0.005716746761001595,FALSE,DC,70,1303.4355762302796
3,NSB,12,0.328633290750686,0.2839000065932297,0.3755800739917508,0.35494880546075086,-0.02631551471006488,6.925063144556411e-4,TRUE,FL,201,2817.0435186544155
3,NSB,13,0.3481952282783611,0.2969210932323775,0.40074578922392456,0.3376770538243626,0.010518174453998497,1.1063199384474658e-4,TRUE,GA,114,1637.0904272966088
3,NSB,16,0.3083445172793604,0.2549316151624581,0.3640295076975903,0.27474747474747474,0.03359704253188567,0.0011287612668893345,TRUE,ID,79,1330.2835356750884
3,NSB,17,0.37138845967907635,0.31811869566030604,0.44184146841633964,0.3270967741935484,0.044291685485527976,0.0019617534031489297,TRUE,IL,113,1616.8209354039295
3,NSB,18,0.3114672015225548,0.25580701031207237,0.3652018451979533,0.3194805194805195,-0.008013317957964672,6.42132646954391e-5,TRUE,IN,82,1146.539578449271
3,NSB,19,0.3030471116206624,0.24337478238658355,0.3600816478011998,0.28534031413612565,0.01770679748453674,3.1353067715839665e-4,TRUE,IA,68,1012.3067251682717
3,NSB,20,0.2887094530891114,0.22237652203833222,0.34158618699201626,0.2644787644787645,0.024230688610346884,5.871262705315942e-4,TRUE,KS,65,941.2143768147198
3,NSB,21,0.3500952604264534,0.29821770322997393,0.41913316735496703,0.3541300527240773,-0.004034792297623935,1.627954888496543e-5,TRUE,KY,74,1130.1597292298113
3,NSB,22,0.36093212479549486,0.3016661140338363,0.4286568389990413,0.40809248554913297,-0.04716036075363811,0.0022240996264132895,TRUE,LA,68,981.2745355242912
3,NSB,23,0.2911547641829602,0.23734471676045693,0.34354679940346744,0.2982456140350877,-0.00709084985212749,5.0280151625416446e-5,TRUE,ME,76,1254.5115529860466
3,NSB,24,0.366715816045145,0.3149638853309441,0.42926978074628874,0.30939226519337015,0.057323550851774874,0.00328598948225602,FALSE,MD,95,1436.40626173891
3,NSB,25,0.3312785993570452,0.2859038465430308,0.38767760772630916,0.3460096411355115,-0.014731041778466347,2.1700359187892097e-4,TRUE,MA,125,1876.0343533946539
3,NSB,26,0.33306419812803506,0.2864126232305108,0.38570614142921533,0.40276356192425794,-0.06969936379622288,0.0048580013135982245,FALSE,MI,150,2177.0702336058184
3,NSB,27,0.29525649010099614,0.24188611266492993,0.3442494045670065,0.31893004115226337,-0.023673551051267228,5.604370193769557e-4,TRUE,MN,117,1699.021959182508
3,NSB,28,0.3472418124332366,0.2845753842956674,0.40379079723072875,0.33690476190476193,0.010337050528474667,1.068546136282384e-4,TRUE,MS,65,956.039240696255
3,NSB,29,0.29614888554963653,0.23450679004502056,0.349360041903265,0.31070496083550914,-0.014556075285872605,2.1187932772799125e-4,TRUE,MO,69,959.670891954068
3,NSB,30,0.29029045214714627,0.23253032569980314,0.341544203365157,0.27586206896551724,0.014428383181629034,2.0817824123591557e-4,TRUE,MT,56,967.8362461815135
3,NSB,31,0.32826769765484326,0.2736355984254021,0.39179270664598165,0.2688553682342502,0.059412329420593046,0.003529824887181066,FALSE,NE,68,1105.838915393289
3,NSB,32,0.35200919906875017,0.3005912544142406,0.418660203961434,0.3879310344827586,-0.03592183541400845,0.0012903782595111118,TRUE,NV,72,1119.7751303419982
3,NSB,33,0.3243268229212039,0.2745599933719688,0.38556168156758597,0.3114874815905744,0.012839341330629528,1.6484868580441162e-4,TRUE,NH,91,1584.9371317221035
3,NSB,34,0.36725142663609545,0.3144013885174728,0.43991882637695473,0.3675276752767528,-2.7624864065733945e-4,7.631331146502786e-8,TRUE,NJ,108,1543.8386723079716
3,NSB,35,0.33837735568331856,0.289865023696508,0.3922825732092856,0.3167062549485352,0.021671100734783344,4.6963660705712717e-4,TRUE,NM,98,1627.1349195823493
3,NSB,36,0.32797130157179977,0.2763287072599171,0.38339312238673545,0.34244946492271106,-0.014478163350911288,2.096172140156708e-4,TRUE,NY,112,1523.0986618341274
3,NSB,37,0.3394447402624963,0.281732537737726,0.3982719946683593,0.30879199428162973,0.03065274598086659,9.39590836167533e-4,TRUE,NC,95,1311.4234693211438
3,NSB,38,0.2889967263752073,0.22481683543929665,0.34213565422449277,0.3009079118028534,-0.011911185427646132,1.4187633829176955e-4,TRUE,ND,51,864.8992242106422
3,NSB,39,0.34367387049011044,0.29097609918054335,0.41483400718742514,0.3185703185703186,0.025103551919791856,6.301883189896853e-4,TRUE,OH,83,1151.6125015539817
3,NSB,40,0.3204993563268849,0.259515169274386,0.3758703669484833,0.28644240570846075,0.034056950618424175,0.001159875885425783,TRUE,OK,66,956.0397935492573
3,NSB,41,0.31456923023013256,0.26353117263580644,0.3690474242310624,0.3165644171779141,-0.0019951869477815576,3.980770956597888e-6,TRUE,OR,107,1646.1286805090951
3,NSB,42,0.32601100783974196,0.2790276561132504,0.37745239109261175,0.3404605263157895,-0.01444951847604753,2.0878858418963892e-4,TRUE,PA,143,2003.19948642815
3,NSB,44,0.3223529628929181,0.26372804810060685,0.38390379580086276,0.3433667781493868,-0.021013815256468726,4.415804316329978e-4,TRUE,RI,39,660.7148759966722
3,NSB,45,0.33440605599266326,0.27983682501573076,0.3946749901665533,0.31290849673202614,0.021497559260637122,4.621450541646049e-4,TRUE,SC,71,1041.012531216092
3,NSB,46,0.3128797289970667,0.25636181454812224,0.37802703105672475,0.2953846153846154,0.017495113612451263,3.060790003125775e-4,TRUE,SD,36,618.058983516861
3,NSB,47,0.3296471679085672,0.2776001838085617,0.38656091183068264,0.327212020033389,0.0024351478751781785,5.929945173984798e-6,TRUE,TN,80,1137.5746924373777
3,NSB,48,0.36412929165144586,0.32199871757381826,0.4120899740302661,0.33565823888404533,0.02847105276740053,8.106008456841053e-4,TRUE,TX,262,3769.2755372977604
3,NSB,49,0.29762247355870125,0.24402334249175778,0.3450429437271879,0.2304,0.06722247355870126,0.00451886095135029,FALSE,UT,119,1882.6942398841568
3,NSB,50,0.31916614059010756,0.2679431061730579,0.38467303395585717,0.33587786259541985,-0.01671172200531229,2.7928165238283903e-4,TRUE,VT,58,1092.1409630769176
3,NSB,51,0.3268826336296684,0.2752528745023538,0.3798113482231886,0.2716180371352785,0.05526459649438992,0.0030541756256877344,FALSE,VA,120,1740.6369895349294
3,NSB,53,0.31536480966791974,0.27198508431768237,0.3601650482994071,0.32831683168316833,-0.012952022015248588,1.677548742834841e-4,TRUE,WA,194,2950.3543622280263
3,NSB,54,0.2964768302294565,0.2343797590978542,0.3505502780820083,0.27807486631016043,0.01840196391929605,3.386322760870736e-4,TRUE,WV,56,887.6985762955791
3,NSB,55,0.30570843024987215,0.25054705057384796,0.3602619583498275,0.3069958847736626,-0.0012874545237904211,1.65753915082842e-6,TRUE,WI,92,1316.697163297052
3,NSB,56,0.3146393253297357,0.25660740862327774,0.3808394682303966,0.2782152230971129,0.036424102232622824,0.001326715223452559,TRUE,WY,40,707.0633057905497
4,NSB,01,0.33186049273351437,0.2907288881439392,0.36870511038474374,0.3007135575942915,0.031146935139222842,9.701315685669546e-4,TRUE,AL,69,976.9706995971427
4,NSB,04,0.31412592536153516,0.27974662783503024,0.34765226793163895,0.28578919769271105,0.028336727668824113,8.02970134977102e-4,TRUE,AZ,136,1976.6503733610334
4,NSB,05,0.3208964455792154,0.27736421022706687,0.3595478113740608,0.2849035187287174,0.035992926850497986,0.0012954907832652988,TRUE,AR,69,1024.3350830388158
4,NSB,06,0.34944492007222033,0.31950525239502614,0.39012061163928724,0.3766891891891892,-0.027244269116968867,7.422501997178235e-4,TRUE,CA,329,4771.472234193188
4,NSB,08,0.30600293349990854,0.26034620039398326,0.3367672518099102,0.2865264354747015,0.019476498025207012,3.793339753258926e-4,TRUE,CO,120,1774.0728873737787
4,NSB,09,0.32419105995966424,0.2855299557436545,0.36437270395914384,0.3638113570741097,-0.03962029711444548,0.0015697679434369368,TRUE,CT,71,1050.8487960385298
4,NSB,10,0.31678325138520436,0.2819246648448773,0.35396393857492686,0.3221957040572792,-0.005412452672074852,2.9294643927450208e-5,TRUE,DE,82,1492.4380984598408
4,NSB,11,0.344473312999344,0.3032797653794139,0.3848268510324687,0.2659758203799655,0.0784974926193785,0.006161856347529381,FALSE,DC,55,1020.9806293819595
4,NSB,12,0.32147049893905066,0.28888309712493065,0.3581493301187946,0.35494880546075086,-0.033478306521700196,0.001120797007560914,TRUE,FL,185,2568.6048184774477
4,NSB,13,0.3379366799132583,0.3005136942947383,0.3764195867489474,0.3376770538243626,2.596260888957369e-4,6.740570603529709e-8,TRUE,GA,131,1859.6790579061765
4,NSB,16,0.3030455511290419,0.26226427963572096,0.33525499450414653,0.27474747474747474,0.028298076381567172,8.007811268970098e-4,TRUE,ID,78,1288.0687166073956
4,NSB,17,0.3270913919829798,0.2915887831421061,0.3665352730752275,0.3270967741935484,-5.382210568560808e-6,2.8968190604327654e-11,TRUE,IL,105,1442.020280637396
4,NSB,18,0.31719587573177527,0.27621395213948285,0.3560889098066991,0.3194805194805195,-0.0022846437487442084,5.21959705867599e-6,TRUE,IN,79,1086.7153759561454
4,NSB,19,0.31079498867461214,0.27380638704363625,0.34976261111259277,0.28534031413612565,0.025454674538486488,6.479404558602723e-4,TRUE,IA,83,1259.9735157707782
4,NSB,20,0.3033001823863127,0.24992109379585872,0.3373216076187849,0.2644787644787645,0.03882141790754817,0.0015071024883525018,TRUE,KS,64,962.7327514325294
4,NSB,21,0.3205036493798817,0.2788891402174019,0.35946729080224127,0.3541300527240773,-0.03362640334419564,0.001130735001866532,TRUE,KY,74,1086.5667589219402
4,NSB,22,0.34416287470760665,0.3067568956164669,0.39144989587493084,0.40809248554913297,-0.06392961084152632,0.004086995142348999,FALSE,LA,54,780.8749328399027
4,NSB,23,0.29588073091423484,0.26285059227038376,0.3312629955109643,0.2982456140350877,-0.0023648831208528676,5.592672175294798e-6,TRUE,ME,73,1231.9278628735347
4,NSB,24,0.33160801644021903,0.29427228602121486,0.3693574988535495,0.30939226519337015,0.02221575124684888,4.935396034618676e-4,TRUE,MD,120,1800.9743811577357
4,NSB,25,0.3212674007945519,0.2903448247249295,0.36296007726416873,0.3460096411355115,-0.02474224034095962,6.121784570898096e-4,TRUE,MA,113,1729.2216600035297
4,NSB,26,0.32424209690792943,0.29098452495935434,0.3681590252880014,0.40276356192425794,-0.0785214650163285,0.006165620468310502,FALSE,MI,128,1845.2400847755168
4,NSB,27,0.306538779432304,0.2691747604109238,0.34346513479601903,0.31893004115226337,-0.012391261719959357,1.535433670125301e-4,TRUE,MN,90,1336.7693695261235
4,NSB,28,0.33376071164533816,0.28471210577248945,0.36954103009454264,0.33690476190476193,-0.0031440502594237696,9.885052033782672e-6,TRUE,MS,65,969.758276584829
4,NSB,29,0.3279072133567866,0.2951889164013427,0.3730111137881488,0.31070496083550914,0.01720225252127744,2.95917491805796e-4,TRUE,MO,77,1124.3374441005867
4,NSB,30,0.3136709700561566,0.28005056562361197,0.3657096387691601,0.27586206896551724,0.037808901090639335,0.0014295130016817484,FALSE,MT,62,1102.7906874497696
4,NSB,31,0.3099157006705309,0.2665680912807153,0.3446882809042044,0.2688553682342502,0.04106033243628071,0.001685950899777886,TRUE,NE,81,1285.068749446911
4,NSB,32,0.3243920098036248,0.2854117057809923,0.36537182183666994,0.3879310344827586,-0.0635390246791338,0.0040372076571755745,FALSE,NV,73,1126.499739325239
4,NSB,33,0.30818554395675757,0.2767031494038608,0.3526176405410565,0.3114874815905744,-0.0033019376338168094,1.090279213761575e-5,TRUE,NH,86,1509.1002274970504
4,NSB,34,0.32632766159975196,0.2881346076915482,0.36378522067539415,0.3675276752767528,-0.041200013677000824,0.001697441126985055,FALSE,NJ,107,1492.11409575083
4,NSB,35,0.311688506228287,0.2558353749865056,0.3477820737709826,0.3167062549485352,-0.0050177487202482385,2.5177802219552834e-5,TRUE,NM,74,1173.5931987850984
4,NSB,36,0.32981927532714617,0.2966325868109563,0.36996346620778275,0.34244946492271106,-0.012630189595564889,1.5952168921991558e-4,TRUE,NY,127,1688.502929961134
4,NSB,37,0.3301219700878767,0.28977871525679844,0.36794671557503333,0.30879199428162973,0.02132997580624696,4.549678678950806e-4,TRUE,NC,93,1288.8705659831119
4,NSB,38,0.30181586461678783,0.2520045206372577,0.33474955893659175,0.3009079118028534,9.079528139344095e-4,8.243783123314124e-7,TRUE,ND,53,888.0240021789203
4,NSB,39,0.32277721653954167,0.28641813953207196,0.3606045451613083,0.3185703185703186,0.004206897969223078,1.7697990523453258e-5,TRUE,OH,89,1233.9558835089917
4,NSB,40,0.33253826964726024,0.291959315474842,0.3715762405877042,0.28644240570846075,0.0460958639387995,0.002124828672264316,FALSE,OK,73,1070.788266702454
4,NSB,41,0.3084281778103952,0.27593493998247104,0.3449856558964518,0.3165644171779141,-0.008136239367518894,6.619839104556425e-5,TRUE,OR,109,1670.573282785925
4,NSB,42,0.32356926829026,0.2912464939693973,0.36707111067265097,0.3404605263157895,-0.016891258025529488,2.8531459768501433e-4,TRUE,PA,126,1777.9600416642022
4,NSB,44,0.3214114866096662,0.28558186747468106,0.3683095317267993,0.3433667781493868,-0.021955291539720645,4.820348265941289e-4,TRUE,RI,51,856.4122702822658
4,NSB,45,0.31363369967468646,0.2713202471018583,0.34868022529259496,0.31290849673202614,7.25202942660319e-4,5.259193080431859e-7,TRUE,SC,82,1179.3920125264353
4,NSB,46,0.3085430202044798,0.27040968848232194,0.3522198243650755,0.2953846153846154,0.013158404819864411,1.7314361740343096e-4,TRUE,SD,35,595.9481543359432
4,NSB,47,0.32195159757191283,0.28489859906145465,0.35985100270619463,0.327212020033389,-0.005260422461476177,2.7672044473203087e-5,TRUE,TN,94,1337.796300753815
4,NSB,48,0.343672136907892,0.3109052941061962,0.37628099936215964,0.33565823888404533,0.008013898023846666,6.42225615366135e-5,TRUE,TX,250,3505.69868187267
4,NSB,49,0.31314567353992345,0.27001979170592694,0.34514612049429316,0.2304,0.08274567353992346,0.0068468464895755895,FALSE,UT,107,1710.0564635339383
4,NSB,50,0.29416780865244935,0.25650392007220474,0.32947382267639924,0.33587786259541985,-0.041710053942970504,0.0017397285999255093,FALSE,VT,67,1214.7399322796048
4,NSB,51,0.3241065500593945,0.28751178565167435,0.36326786524241983,0.2716180371352785,0.05248851292411599,0.0027550439889850917,FALSE,VA,113,1661.318517969816
4,NSB,53,0.31507913539234117,0.2807396444612388,0.3484708813712573,0.32831683168316833,-0.013237696290827161,1.7523660308817917e-4,TRUE,WA,177,2697.0800914078163
4,NSB,54,0.3136853055221973,0.27760898366267517,0.35959168853784207,0.27807486631016043,0.03561043921203688,0.001268103380874174,TRUE,WV,52,854.4894613648985
4,NSB,55,0.30737950520966434,0.2672512358854092,0.3430990282472532,0.3069958847736626,3.8362043600176365e-4,1.4716463891818326e-7,TRUE,WI,72,1028.5111329101505
4,NSB,56,0.3083135506335378,0.273865515381578,0.3511223414310228,0.2782152230971129,0.03009832753642494,9.059093204899158e-4,TRUE,WY,45,819.7579516975666
5,NSB,01,0.3204660320308121,0.260512959461384,0.3818889059298832,0.3007135575942915,0.019752474436520562,3.9016024636539826e-4,TRUE,AL,80,1125.1192440401585
5,NSB,04,0.32957044271856095,0.27756636145348945,0.3920438611114615,0.28578919769271105,0.0437812450258499,0.0019167974160135069,TRUE,AZ,129,1927.893943101682
5,NSB,05,0.3057817825709928,0.24172196121501519,0.36804976781654075,0.2849035187287174,0.020878263842275424,4.3590190106766535e-4,TRUE,AR,59,878.4891511406599
5,NSB,06,0.32648454656517656,0.28568962719435886,0.36738185160023984,0.3766891891891892,-0.05020464262401264,0.002520506141004827,FALSE,CA,315,4478.7280681825905
5,NSB,08,0.31104034980044304,0.25983426981826174,0.3670698155141764,0.2865264354747015,0.024513914325741515,6.009319955697951e-4,TRUE,CO,135,2014.8077720869792
5,NSB,09,0.30779001308444837,0.24161035233858458,0.37035454115293154,0.3638113570741097,-0.056021343989661354,0.003138390982407966,TRUE,CT,58,857.3119010359043
5,NSB,10,0.2933597672680683,0.2308366950115615,0.35117505170386204,0.3221957040572792,-0.028835936789210925,8.315112505113681e-4,TRUE,DE,68,1214.0505363464504
5,NSB,11,0.3120524359481823,0.2413156824018607,0.37471508924529207,0.2659758203799655,0.04607661556821685,0.0021230545022212434,TRUE,DC,57,1045.1848530216457
5,NSB,12,0.34213568137592165,0.29665248780000064,0.3976739912815301,0.35494880546075086,-0.012813124084829208,1.6417614881323033e-4,TRUE,FL,202,2856.946792690901
5,NSB,13,0.3204276601027195,0.2614120833843368,0.37573072740964375,0.3376770538243626,-0.01724939372164308,2.975415837642597e-4,TRUE,GA,106,1481.4197911340787
5,NSB,16,0.2927503146313985,0.23635183694006323,0.3471404964309236,0.27474747474747474,0.01800283988392376,3.2410224388619606e-4,TRUE,ID,93,1556.72034743296
5,NSB,17,0.3295867620819668,0.2746745962360416,0.3925052043973507,0.3270967741935484,0.0024899878884184212,6.200039684470428e-6,TRUE,IL,116,1628.205591773329
5,NSB,18,0.2767238400507411,0.21333367657340874,0.33326110007276577,0.3194805194805195,-0.0427566794297784,0.0018281336358608354,TRUE,IN,85,1169.125016503987
5,NSB,19,0.28455915131710735,0.22385620566613423,0.3435380104434582,0.28534031413612565,-7.811628190182995e-4,6.102153498166166e-7,TRUE,IA,82,1238.5519026280942
5,NSB,20,0.28457244169809787,0.22427332024728325,0.3376646644364365,0.2644787644787645,0.02009367721933336,4.037558641947565e-4,TRUE,KS,89,1326.7666064913224
5,NSB,21,0.32526816080967064,0.26309524907184545,0.3955511386350987,0.3541300527240773,-0.02886189191440669,8.330088048788942e-4,TRUE,KY,73,1058.7311704671058
5,NSB,22,0.39333329935445327,0.3194987517917577,0.4938040233665668,0.40809248554913297,-0.014759186194679697,2.1783357712922374e-4,TRUE,LA,53,778.8777585184718
5,NSB,23,0.2994877438210671,0.24010388326635074,0.3704866847758729,0.2982456140350877,0.0012421297859793734,1.542886405217164e-6,TRUE,ME,56,926.7500529473978
5,NSB,24,0.3536484506389808,0.2995374067739571,0.4185017018939725,0.30939226519337015,0.04425618544561066,0.001958609950196281,TRUE,MD,123,1849.5298534029519
5,NSB,25,0.3159722752337581,0.26543676066439587,0.3735365967071435,0.3460096411355115,-0.030037365901753432,9.022433503158198e-4,TRUE,MA,131,1925.973571594856
5,NSB,26,0.3586681245137151,0.30299671781107895,0.4282294032954287,0.40276356192425794,-0.04409543741054284,0.0019444076004271008,TRUE,MI,142,2052.235799543366
5,NSB,27,0.31617902995312225,0.26460447940259757,0.3806296843067929,0.31893004115226337,-0.002751011199141118,7.568062617799851e-6,TRUE,MN,99,1444.4568238673526
5,NSB,28,0.35839707907003104,0.2962240918670923,0.43369812853474715,0.33690476190476193,0.021492317165269115,4.6191969713252145e-4,TRUE,MS,52,800.9193776654423
5,NSB,29,0.2924211916931915,0.22852536618880387,0.3484863281741872,0.31070496083550914,-0.018283769142317663,3.3429621404956755e-4,TRUE,MO,93,1333.4247284227974
5,NSB,30,0.28006752606543883,0.22249551102606752,0.3364824049342794,0.27586206896551724,0.0042054570999215946,1.7685869419280948e-5,TRUE,MT,77,1333.697822127363
5,NSB,31,0.3097646721680535,0.2512982041709869,0.37349518666521664,0.2688553682342502,0.040909303933803265,0.0016735711483482913,TRUE,NE,71,1156.05375357637
5,NSB,32,0.336770997543803,0.2790521410183554,0.407211984957526,0.3879310344827586,-0.0511600369389556,0.0026173493795953015,TRUE,NV,70,1121.167475145084
5,NSB,33,0.3243155221505469,0.2682453243898171,0.39695907195214364,0.3114874815905744,0.012828040559972498,1.6455862460829952e-4,TRUE,NH,76,1332.705856968281
5,NSB,34,0.3133234298582504,0.2510628908435022,0.3768908543222302,0.3675276752767528,-0.054204245418502384,0.0029381002213892367,TRUE,NJ,83,1144.4281207722709
5,NSB,35,0.3446653713504669,0.286253982672696,0.41244356983424635,0.3167062549485352,0.02795911640193166,7.81712189976764e-4,TRUE,NM,72,1217.4055473642768
5,NSB,36,0.29083791234775624,0.23146393587875685,0.34511024867575324,0.34244946492271106,-0.05161155257495481,0.0026637523591973244,TRUE,NY,121,1577.398576319573
5,NSB,37,0.33504155415804265,0.27634163803476497,0.3993684847498056,0.30879199428162973,0.02624955987641292,6.890393937053871e-4,TRUE,NC,84,1160.2880919885886
5,NSB,38,0.3113998582829525,0.24993215687084278,0.3869692008060046,0.3009079118028534,0.010491946480099101,1.1008094094126393e-4,TRUE,ND,40,696.6302600693929
5,NSB,39,0.3614653895885964,0.3002459819916754,0.440587019087377,0.3185703185703186,0.04289507101827783,0.0018399871176630986,TRUE,OH,84,1196.1827917469925
5,NSB,40,0.3051938401527073,0.2380925921516307,0.36589694988747595,0.28644240570846075,0.01875143444424654,3.5161629371687554e-4,TRUE,OK,74,1074.747047145753
5,NSB,41,0.320971826549014,0.2673167127672508,0.38796420724126246,0.3165644171779141,0.004407409371099902,1.9425257364459233e-5,TRUE,OR,96,1490.1346376190693
5,NSB,42,0.30958520881198565,0.25759323459416167,0.36617059140661246,0.3404605263157895,-0.030875317503803845,9.532852309606961e-4,TRUE,PA,127,1796.18298950704
5,NSB,44,0.32195835267203127,0.25858041829468165,0.39339102809401605,0.3433667781493868,-0.021408425477355553,4.5832068141948634e-4,TRUE,RI,51,860.0221841072745
5,NSB,45,0.32671936001449636,0.2667076948171251,0.39576990281650193,0.31290849673202614,0.01381086328247022,1.907399446070841e-4,TRUE,SC,70,1038.3782383588712
5,NSB,46,0.2780337370244298,0.2095472059856216,0.34242770433157244,0.2953846153846154,-0.017350878360185618,3.0105297986995753e-4,TRUE,SD,37,595.071373322596
5,NSB,47,0.3159979770077417,0.2586009145423568,0.3754218185121667,0.327212020033389,-0.011214043025647324,1.257547609810694e-4,TRUE,TN,95,1349.228840919637
5,NSB,48,0.3424467103844548,0.2972429414925113,0.39159280265561425,0.33565823888404533,0.006788471500409454,4.608334531187139e-5,TRUE,TX,235,3371.4862613305704
5,NSB,49,0.2584107555523741,0.19874044997952844,0.3142992572506297,0.2304,0.02801075555237409,7.846024266148559e-4,TRUE,UT,124,1979.1707796713945
5,NSB,50,0.28964113648599993,0.23041942842722857,0.350313117286107,0.33587786259541985,-0.04623672610941992,0.002137834841317514,TRUE,VT,55,1013.5540860857272
5,NSB,51,0.28088763658553045,0.21980806418685384,0.33639459724631604,0.2716180371352785,0.009269599450251964,8.592547396811152e-5,TRUE,VA,123,1771.0288401733974
5,NSB,53,0.282652686881507,0.23376048219175105,0.3278201342210859,0.32831683168316833,-0.04566414480166131,0.0020852141204670918,FALSE,WA,184,2769.296623630786
5,NSB,54,0.2985698102598826,0.24157959231429316,0.36097980648745964,0.27807486631016043,0.020494943949722177,4.2004272750225367e-4,TRUE,WV,66,1052.3844641403825
5,NSB,55,0.2823114595275824,0.22453615833679225,0.33894430165152334,0.3069958847736626,-0.024684425246080166,6.093208497293199e-4,TRUE,WI,88,1249.28663067647
5,NSB,56,0.3133457728679242,0.25261266945861127,0.3878928289671999,0.2782152230971129,0.035130549770811315,0.001234155527199451,TRUE,WY,49,912.0473152974934
6,NSB,01,0.28949945473545546,0.21284141972579362,0.3580342778490363,0.3007135575942915,-0.011214102858836061,1.2575610292855512e-4,TRUE,AL,67,937.333459343739
6,NSB,04,0.3153676995431933,0.2568695220360734,0.3764752871656395,0.28578919769271105,0.029578501850482275,8.748877717189834e-4,TRUE,AZ,120,1763.8218276051546
6,NSB,05,0.32812477055431083,0.2559898347367737,0.4019261909037846,0.2849035187287174,0.04322125182559344,0.0018680766093713645,TRUE,AR,45,684.8167851115346
6,NSB,06,0.34993527756528986,0.30465466314185297,0.3953096641546261,0.3766891891891892,-0.02675391162389934,7.157717871794162e-4,TRUE,CA,328,4689.220303596519
6,NSB,08,0.3089543259170225,0.2487099765396134,0.3689662269899783,0.2865264354747015,0.022427890442320964,5.03010269692752e-4,TRUE,CO,106,1593.2904651948256
6,NSB,09,0.35587021791896,0.29410697526609986,0.4250476042756997,0.3638113570741097,-0.007941139155149712,6.306169108145188e-5,TRUE,CT,73,1096.5045310535304
6,NSB,10,0.3444916442257794,0.28375752910965746,0.41271342228442653,0.3221957040572792,0.022295940168500172,4.971089479973395e-4,TRUE,DE,77,1394.343151867968
6,NSB,11,0.31142654658828456,0.23862864175869425,0.37978872361978244,0.2659758203799655,0.04545072620831908,0.002065768512863583,TRUE,DC,53,1014.5708195778158
6,NSB,12,0.3462464552057766,0.29616566299771363,0.3997200262544103,0.35494880546075086,-0.008702350254974234,7.573089996025012e-5,TRUE,FL,189,2686.9379026590514
6,NSB,13,0.34603574270191134,0.2873045159555966,0.4050881929535519,0.3376770538243626,0.008358688877548759,6.986767975165733e-5,TRUE,GA,134,1903.2674939411254
6,NSB,16,0.30736313483160244,0.24295324699255855,0.37159941410708675,0.27474747474747474,0.032615660084127696,0.0010637812827233605,TRUE,ID,77,1307.8878938514251
6,NSB,17,0.35076883813650406,0.2906830146783491,0.41247540211655825,0.3270967741935484,0.02367206394295568,5.603666113193823e-4,TRUE,IL,119,1665.9054661319935
6,NSB,18,0.33451503140542604,0.27403723321690376,0.40440967909590675,0.3194805194805195,0.015034511924906568,2.2603654882015782e-4,TRUE,IN,89,1269.9169464007598
6,NSB,19,0.3020414104024418,0.23758517830711573,0.3687737829375788,0.28534031413612565,0.016701096266316162,2.7892661649675965e-4,TRUE,IA,66,990.8485899860362
6,NSB,20,0.29810000405516374,0.23363906645404264,0.3635935375179116,0.2644787644787645,0.03362123957639923,0.001130387750653634,TRUE,KS,67,1007.176826113528
6,NSB,21,0.3516765754108728,0.28647700471119253,0.42800552374148626,0.3541300527240773,-0.0024534773132044996,6.01955092640917e-6,TRUE,KY,74,1100.4408035545262
6,NSB,22,0.40500985137733897,0.32926455920188114,0.49382717752815364,0.40809248554913297,-0.0030826341717939965,9.502633437112059e-6,TRUE,LA,51,756.4091090939796
6,NSB,23,0.3538961308113617,0.2882694491064176,0.4367077278496829,0.2982456140350877,0.05565051677627397,0.003096980017466351,TRUE,ME,70,1209.3004676848766
6,NSB,24,0.31643609670615047,0.25547545788684223,0.374648354101801,0.30939226519337015,0.007043831512780319,4.961556238043707e-5,TRUE,MD,119,1723.5669218400326
6,NSB,25,0.33538594026749596,0.2783335535635044,0.3955353583092356,0.3460096411355115,-0.010623700868015562,1.128630201330746e-4,TRUE,MA,128,1906.0052483469522
6,NSB,26,0.3794452468599024,0.3171964250622949,0.45204540433089396,0.40276356192425794,-0.023318315064355555,5.437438174405512e-4,TRUE,MI,136,1970.4005996435951
6,NSB,27,0.33689957388985264,0.2757511351067883,0.4069068697806544,0.31893004115226337,0.017969532737589278,3.229041068072928e-4,TRUE,MN,100,1488.6024507406762
6,NSB,28,0.3430406731547761,0.2729350643732234,0.4143656624255241,0.33690476190476193,0.00613591125001417,3.764940686805045e-5,TRUE,MS,61,917.1117578350652
6,NSB,29,0.34160667371924347,0.27618282928859733,0.41291306393624305,0.31070496083550914,0.030901712883734334,9.549158591487525e-4,TRUE,MO,79,1140.1195487675132
6,NSB,30,0.3275507022412446,0.26382744793012225,0.39870022789172527,0.27586206896551724,0.05168863327572737,0.002671714809912631,TRUE,MT,59,1049.4041308959424
6,NSB,31,0.2761187223175174,0.20959073264960498,0.34190601814655786,0.2688553682342502,0.007263354083267171,5.275631253891388e-5,TRUE,NE,75,1171.5284744567382
6,NSB,32,0.3768788873453269,0.3085811587526892,0.45535009694883766,0.3879310344827586,-0.011052147137431745,1.2214995634744072e-4,TRUE,NV,65,1033.5219919353556
6,NSB,33,0.29092519673799905,0.235897429823297,0.35065288015047513,0.3114874815905744,-0.02056228485257533,4.2280755835844887e-4,TRUE,NH,81,1399.892022849054
6,NSB,34,0.349691072113929,0.28425717276878104,0.4221115511266469,0.3675276752767528,-0.01783660316282376,3.181444123880546e-4,TRUE,NJ,85,1163.5619712463433
6,NSB,35,0.376348013209838,0.3134195381756468,0.443670042823724,0.3167062549485352,0.0596417582613028,0.003557139328499681,TRUE,NM,85,1445.885880275946
6,NSB,36,0.3749428651523333,0.31768607343733385,0.4378882367585447,0.34244946492271106,0.03249340022962227,0.0010558210584824166,TRUE,NY,136,1905.8350288688384
6,NSB,37,0.3641144101792661,0.3030540747562239,0.43310841427499064,0.30879199428162973,0.05532241589763637,0.003060569700751049,TRUE,NC,107,1513.5764132694576
6,NSB,38,0.3164510549692554,0.24959993480135956,0.38988514810342056,0.3009079118028534,0.015543143166401985,2.415892994912687e-4,TRUE,ND,50,880.4149093552571
6,NSB,39,0.3258622675182893,0.262259861424244,0.391392220667001,0.3185703185703186,0.0072919489479706945,5.317251945981092e-5,TRUE,OH,101,1375.2151595489279
6,NSB,40,0.3618718959978434,0.2939179027414811,0.43930197773666557,0.28644240570846075,0.07542949028938267,0.0056896080053160745,FALSE,OK,67,984.9277094084468
6,NSB,41,0.3452851069630667,0.2854477719141738,0.4129739612961604,0.3165644171779141,0.028720689785152576,8.248780217349675e-4,TRUE,OR,96,1484.052019467389
6,NSB,42,0.3390778998014239,0.28262048444906657,0.40086894502557857,0.3404605263157895,-0.0013826265143656036,1.9116560782267786e-6,TRUE,PA,136,1908.2565168012234
6,NSB,44,0.3113016456408436,0.24282296853271787,0.3768890168558424,0.3433667781493868,-0.032065132508543204,0.0010281727227904342,TRUE,RI,59,1014.0394343175801
6,NSB,45,0.3413611984905956,0.27859588470897,0.4102109056011749,0.31290849673202614,0.028452701758569454,8.095562373621013e-4,TRUE,SC,87,1269.4430710168895
6,NSB,46,0.2796029287788895,0.20770611034585634,0.34793322422244977,0.2953846153846154,-0.01578168660572593,2.4906163212134926e-4,TRUE,SD,39,634.1985364746831
6,NSB,47,0.29573825802836456,0.22545229718621929,0.3612939844285463,0.327212020033389,-0.03147376200502444,9.905976947489202e-4,TRUE,TN,78,1083.5084424089605
6,NSB,48,0.3236323669288283,0.2750397052688165,0.37139508226261325,0.33565823888404533,-0.012025871955217038,1.4462159628327565e-4,TRUE,TX,249,3497.597832036657
6,NSB,49,0.3096112539571369,0.25228604783977077,0.3653140654880439,0.2304,0.0792112539571369,0.0062744227534620375,FALSE,UT,130,2118.5008763575215
6,NSB,50,0.29762551903661705,0.23370402392321415,0.3636610235143982,0.33587786259541985,-0.038252343558802804,0.0014632417877406823,TRUE,VT,55,996.4100798300051
6,NSB,51,0.27688523443074264,0.21540858296794135,0.3369265680470592,0.2716180371352785,0.005267197295464154,2.77433673493449e-5,TRUE,VA,137,1986.951280502886
6,NSB,53,0.3484279501900516,0.29568341250939145,0.4070255599716443,0.32831683168316833,0.020111118506883296,4.0445708759790386e-4,TRUE,WA,169,2583.003822529
6,NSB,54,0.32577324653536754,0.26121086280313344,0.3974700145790371,0.27807486631016043,0.047698380225207115,0.0022751354761084293,TRUE,WV,58,948.829947996332
6,NSB,55,0.32108682453182413,0.2525611293302566,0.3937417110432828,0.3069958847736626,0.014090939758161558,1.9855458326813812e-4,TRUE,WI,71,1015.5508245911288
6,NSB,56,0.3046930828982523,0.2367079946471608,0.3727438752170633,0.2782152230971129,0.026477859801139425,7.010770596487952e-4,TRUE,WY,45,788.2357982172359
7,NSB,01,0.3357004636721888,0.26393152310741586,0.4092815651905026,0.3007135575942915,0.034986906077897284,0.001224083596903606,TRUE,AL,72,1025.2933063297826
7,NSB,04,0.3165626191301174,0.2582434624772131,0.38025962134351526,0.28578919769271105,0.030773421437406356,9.470034669642211e-4,TRUE,AZ,135,1976.2525840936278
7,NSB,05,0.2955106946175236,0.2177247846756403,0.3749794232554451,0.2849035187287174,0.01060717588880622,1.1251218033607201e-4,TRUE,AR,55,827.7475565579368
7,NSB,06,0.3857568074433891,0.3370284213446726,0.43551295779367233,0.3766891891891892,0.009067618254199883,8.222170080389893e-5,TRUE,CA,304,4392.6310925878015
7,NSB,08,0.254677965427626,0.19796703223545054,0.31370385835422354,0.2865264354747015,-0.03184847004707553,0.0010143250443394672,TRUE,CO,144,2102.1781069371154
7,NSB,09,0.38417057687905093,0.3073717380345452,0.4677518821736966,0.3638113570741097,0.02035921980494121,4.1449783106591037e-4,TRUE,CT,77,1171.4478202916791
7,NSB,10,0.286438690444554,0.2205699254769628,0.3531138373622478,0.3221957040572792,-0.03575701361272521,0.0012785640225006158,TRUE,DE,73,1291.8533401048817
7,NSB,11,0.2847601126722319,0.20990885352399813,0.36302105377945376,0.2659758203799655,0.018784292292266414,3.528496369212994e-4,TRUE,DC,52,962.0100070573061
7,NSB,12,0.3583982431613388,0.3055030194052737,0.4151787644380981,0.35494880546075086,0.0034494377005879207,1.1898620450237281e-5,TRUE,FL,198,2795.0063282430087
7,NSB,13,0.3055331663878292,0.24107369245514243,0.37087421278551647,0.3376770538243626,-0.0321438874365334,0.00103322949953253,TRUE,GA,121,1689.7432264383867
7,NSB,16,0.26350063314285493,0.2011231779372014,0.32767037120132375,0.27474747474747474,-0.011246841604619806,1.26491446079407e-4,TRUE,ID,89,1493.888274019667
7,NSB,17,0.32889123127771336,0.26751510351240443,0.3935933871718722,0.3270967741935484,0.0017944570841649798,3.2200762269098813e-06,TRUE,IL,130,1806.207485941191
7,NSB,18,0.2979831310105148,0.22999726778897944,0.3701128171986059,0.3194805194805195,-0.021497388470004652,4.6213771103028895e-4,TRUE,IN,68,966.9665831291978
7,NSB,19,0.31428721001404264,0.24754877815554607,0.3882015700365572,0.28534031413612565,0.02894689587791699,8.379227809669676e-4,TRUE,IA,82,1271.9600764779732
7,NSB,20,0.29207264060567567,0.22276770602812046,0.3674262644254279,0.2644787644787645,0.027593876126911165,7.61421999707318e-4,TRUE,KS,58,876.1580654945899
7,NSB,21,0.3079292522564303,0.23423434494820272,0.3847682029312892,0.3541300527240773,-0.04620080046764702,0.002134513963851333,TRUE,KY,68,987.3822947820022
7,NSB,22,0.3825445548642732,0.3034960586317982,0.47354174088430323,0.40809248554913297,-0.025547930684859776,6.526967622783997e-4,TRUE,LA,53,773.4176240478615
7,NSB,23,0.26371818336493147,0.19334944378675112,0.3343846856247763,0.2982456140350877,-0.034527430670156234,0.0011921434686824454,TRUE,ME,56,908.5976939860166
7,NSB,24,0.35281204138195854,0.2859022739196906,0.4257988460011441,0.30939226519337015,0.04341977618858839,0.001885276964267107,TRUE,MD,108,1606.0597041665246
7,NSB,25,0.3481872324741183,0.28886388033837085,0.41325788512538153,0.3460096411355115,0.002177591338606788,4.741904037975303e-6,TRUE,MA,140,2087.6125343691974
7,NSB,26,0.4207861380488153,0.34899624207840885,0.4940073177936022,0.40276356192425794,0.018022576124557377,3.2481325016546557e-4,TRUE,MI,138,2032.8091260464403
7,NSB,27,0.3373146872473531,0.2711242360744486,0.4118169747087774,0.31893004115226337,0.01838464609508972,3.3799521204169763e-4,TRUE,MN,94,1400.1334833286521
7,NSB,28,0.3510996460770893,0.2779094129305953,0.4318648932661807,0.33690476190476193,0.014194884172327393,2.0149473666579074e-4,TRUE,MS,57,846.0430886956841
7,NSB,29,0.26902309468041746,0.20166170971754505,0.3388812076786703,0.31070496083550914,-0.041681866155091674,0.0017373779661709768,TRUE,MO,71,1004.9337183528418
7,NSB,30,0.2947902157040482,0.23197201733102307,0.3616578732696232,0.27586206896551724,0.018928146738530938,3.5827473895535937e-4,TRUE,MT,78,1373.856134887476
7,NSB,31,0.3134855859947146,0.245212610337659,0.38648891330156143,0.2688553682342502,0.044630217760464386,0.001991856337346471,TRUE,NE,57,932.4099882726296
7,NSB,32,0.32418349957000536,0.25826789721488663,0.39671397137862663,0.3879310344827586,-0.06374753491275326,0.0040637482074526955,TRUE,NV,81,1254.0146841706141
7,NSB,33,0.32601132986001846,0.25849143460407953,0.40165922322550207,0.3114874815905744,0.014523848269444084,2.109421685538339e-4,TRUE,NH,59,1046.328193922021
7,NSB,34,0.34803186239542866,0.27872316492216237,0.4238372549999908,0.3675276752767528,-0.019495812881324126,3.800867199036037e-4,TRUE,NJ,88,1225.9826598767747
7,NSB,35,0.3378371857961546,0.2663612595136338,0.415034112612466,0.3167062549485352,0.02113093084761941,4.4651623848687363e-4,TRUE,NM,66,1098.1409505749077
7,NSB,36,0.3226206467413482,0.26176333929729956,0.38904986153648546,0.34244946492271106,-0.01982881818136284,3.931820304695455e-4,TRUE,NY,125,1663.8942521753079
7,NSB,37,0.34693695009794834,0.2798066576166009,0.4162859744494689,0.30879199428162973,0.038144955816318604,0.0014550376542288984,TRUE,NC,99,1383.9557027175983
7,NSB,38,0.3133768567694044,0.23739180658354606,0.3963619740446805,0.3009079118028534,0.012468944966550988,1.5547458857887721e-4,TRUE,ND,46,822.0891805998695
7,NSB,39,0.276852856776999,0.21195763466144016,0.3436402163364074,0.3185703185703186,-0.04171746179331959,0.0017403466184770795,TRUE,OH,102,1350.3125097431553
7,NSB,40,0.2727272219792558,0.19938848716070123,0.345433464929601,0.28644240570846075,-0.013715183729204938,1.8810626472584788e-4,TRUE,OK,73,1040.9432361029872
7,NSB,41,0.29219227979143725,0.23445116772068872,0.35224672644966215,0.3165644171779141,-0.024372137386476866,5.940010807853034e-4,TRUE,OR,119,1815.8730658977997
7,NSB,42,0.3420809877818827,0.28251576700557124,0.4063741054003427,0.3404605263157895,0.0016204614660931815,2.625895363092863e-6,TRUE,PA,131,1852.5582596468635
7,NSB,44,0.3574100874159295,0.27971059063358034,0.4474741983481073,0.3433667781493868,0.01404330926654268,1.9721453515576353e-4,TRUE,RI,40,698.763140593412
7,NSB,45,0.29553878035544867,0.22971073736022257,0.36595540586346725,0.31290849673202614,-0.01736971637657747,3.0170704700274357e-4,TRUE,SC,89,1281.927471648029
7,NSB,46,0.30846802071271034,0.23682809103447938,0.3894440225503703,0.2953846153846154,0.013083405328094933,1.7117549497922287e-4,TRUE,SD,46,764.6137873364029
7,NSB,47,0.3538874120037871,0.2858588902187442,0.4287895593834098,0.327212020033389,0.026675391970398088,7.115765367743787e-4,TRUE,TN,90,1273.8898206879753
7,NSB,48,0.3409283125994047,0.2897387657176571,0.39459009110667753,0.33565823888404533,0.005270073715359369,2.7773676965321704e-5,TRUE,TX,251,3514.9087574194496
7,NSB,49,0.2861178757261002,0.22608160362931712,0.35194693333009525,0.2304,0.05571787572610021,0.0031044816754291467,TRUE,UT,118,1872.8993198095436
7,NSB,50,0.33212163559035335,0.2618509674182947,0.4083031470181133,0.33587786259541985,-0.0037562270050665036,1.4109241313590876e-5,TRUE,VT,63,1202.4509445785166
7,NSB,51,0.30778392391375803,0.24939686932552813,0.36903886926064966,0.2716180371352785,0.03616588677847954,0.0013079713664738012,TRUE,VA,135,1950.2735485232488
7,NSB,53,0.31005429190774275,0.256419568395209,0.36549080691453517,0.32831683168316833,-0.01826253977542558,3.335203590490014e-4,TRUE,WA,171,2564.793185538184
7,NSB,54,0.3387594396358635,0.26602981137695303,0.4214541953393516,0.27807486631016043,0.060684573325703095,0.0036826174397226355,TRUE,WV,56,911.6562870992557
7,NSB,55,0.335858233274694,0.2681136933027678,0.40898454320338823,0.3069958847736626,0.02886234850103142,0.00083303516099499065,TRUE,WI,88,1291.1684800864803
7,NSB,56,0.2818557668987993,0.20525506307876495,0.36410864990100666,0.2782152230971129,0.0036405438016864355,1.3253559171997525e-5,TRUE,WY,34,583.4303882763805
8,NSB,01,0.32894946099397493,0.2621873139308093,0.4016610393964807,0.3007135575942915,0.028235903399683404,7.972662407962529e-4,TRUE,AL,74,1050.690748495988
8,NSB,04,0.25338866844286845,0.19437825405132972,0.3111328972198587,0.28578919769271105,-0.0324005292498426,0.001049794295669906,TRUE,AZ,134,1932.688692332469
8,NSB,05,0.2800617101808538,0.2062485137812417,0.35190030169608977,0.2849035187287174,-0.004841808547863591,2.3443110014164935e-5,TRUE,AR,50,733.4942162706812
8,NSB,06,0.34460172716342774,0.30025521577902653,0.3905071785575589,0.3766891891891892,-0.03208746202576146,0.0010296052192546837,TRUE,CA,318,4484.583101817463
8,NSB,08,0.2865685932784337,0.2298829697293553,0.34640790043262804,0.2865264354747015,4.215780373217903e-5,1.7772804155209283e-9,TRUE,CO,103,1541.0947681309815
8,NSB,09,0.29729804249647734,0.22749021698848448,0.37020729366836996,0.3638113570741097,-0.06651331457763238,0.0044240210161030835,TRUE,CT,58,868.1582402591531
8,NSB,10,0.310152658791635,0.250004867266862,0.3760350784067784,0.3221957040572792,-0.012043045265644203,1.4503493927035525e-4,TRUE,DE,86,1569.2979106840119
8,NSB,11,0.3586637509993405,0.28831435860183835,0.434658746513092,0.2659758203799655,0.09268793061937503,0.008591052482502078,FALSE,DC,53,997.5036964654316
8,NSB,12,0.33819674321691995,0.2825570965284244,0.3975752970969997,0.35494880546075086,-0.016752062243830912,2.806315894211852e-4,TRUE,FL,177,2482.4035694099643
8,NSB,13,0.328448702546551,0.2684298142725483,0.38788794120327563,0.3376770538243626,-0.009228351277811575,8.516246730668653e-5,TRUE,GA,129,1830.583867246974
8,NSB,16,0.256838984599968,0.19807651123355816,0.31806516389239503,0.27474747474747474,-0.017908490147506728,3.2071401936334555e-4,TRUE,ID,88,1436.23976464121
8,NSB,17,0.3501654486529925,0.2827210820878623,0.42340596871595726,0.3270967741935484,0.023068674459444105,5.321637413158088e-4,TRUE,IL,92,1274.7077797821667
8,NSB,18,0.3199365761645048,0.2539333968175606,0.391457085437805,0.3194805194805195,4.560566839853508e-4,2.0798769900771413e-7,TRUE,IN,76,1069.1994235358882
8,NSB,19,0.3114979656672573,0.24115145154097306,0.3885291216708353,0.28534031413612565,0.026157651531131643,6.842227336241136e-4,TRUE,IA,62,950.8975264520009
8,NSB,20,0.27781793031615704,0.2108437577231092,0.3432207852296178,0.2644787644787645,0.01333916583739253,1.7793334523745998e-4,TRUE,KS,65,977.8736181366428
8,NSB,21,0.330005697710599,0.2617331289759328,0.41125840838376015,0.3541300527240773,-0.024124355013478316,5.819845048163363e-4,TRUE,KY,70,1025.0703928955545
8,NSB,22,0.38688110662813785,0.3122749835657911,0.473385653595052,0.40809248554913297,-0.021211378920995116,4.4992259573003595e-4,TRUE,LA,59,856.8882775002937
8,NSB,23,0.29809429131686654,0.23555335293277122,0.36884161341132804,0.2982456140350877,-1.513227182211585e-4,2.2898565049840136e-8,TRUE,ME,71,1183.0554137271686
8,NSB,24,0.31921123292184994,0.2580183518828735,0.3832304869156019,0.30939226519337015,0.009818967728479788,9.641212725292753e-5,TRUE,MD,115,1688.6116989709612
8,NSB,25,0.35147556257180573,0.2899918234531658,0.4198419357224822,0.3460096411355115,0.005465921436294208,2.9876297147740533e-5,TRUE,MA,127,1898.0318174668307
8,NSB,26,0.355513745611627,0.2927152712365527,0.42502955375095774,0.40276356192425794,-0.04724981631263092,0.002232545141577363,TRUE,MI,131,1942.095916401568
8,NSB,27,0.2952410745921501,0.2338216907939291,0.35885538062263644,0.31893004115226337,-0.023688966560113267,5.611671366861646e-4,TRUE,MN,112,1610.9222720753805
8,NSB,28,0.37840330944280415,0.3016636351502968,0.469521501458011,0.33690476190476193,0.04149854753804222,0.00172212944776715,TRUE,MS,46,698.3941054777073
8,NSB,29,0.30727135198625416,0.23533088298851093,0.38289591248397636,0.31070496083550914,-0.0034336088492549766,1.1789669729682084e-5,TRUE,MO,68,959.0987565764133
8,NSB,30,0.30612504441397087,0.24258018311001944,0.37492953034222365,0.27586206896551724,0.030262975448453633,9.158476829937074e-4,TRUE,MT,67,1172.1609278469512
8,NSB,31,0.25002140068079226,0.1785352572346942,0.3182928096048506,0.2688553682342502,-0.018833967553457953,3.54718333804707e-4,TRUE,NE,67,1038.1919125982213
8,NSB,32,0.3237003305626514,0.25902782992503603,0.3950899656044582,0.3879310344827586,-0.06423070392010721,0.004125583326072476,TRUE,NV,80,1260.9549191931158
8,NSB,33,0.26352571459361657,0.2028590267258229,0.32579954071615225,0.3114874815905744,-0.04796176699695781,0.0023003310934704715,TRUE,NH,95,1604.3357133312725
8,NSB,34,0.29942013943861506,0.2384198418852716,0.36095803780816227,0.3675276752767528,-0.06810753583813772,0.0046386364379432145,FALSE,NJ,128,1791.14943355417
8,NSB,35,0.3223570148731706,0.2601455273480585,0.38731166145507256,0.3167062549485352,0.0056507599246353735,3.193108772586517e-5,TRUE,NM,88,1457.3181823082284
8,NSB,36,0.37263733304851687,0.31043830982105025,0.44333853170517856,0.34244946492271106,0.030187868125805817,9.113073819810428e-4,TRUE,NY,141,1952.228279141762
8,NSB,37,0.2926997509644366,0.22806717132719356,0.35603470072942567,0.30879199428162973,-0.01609224331719311,2.5896029497974633e-4,TRUE,NC,112,1519.4528583308243
8,NSB,38,0.304622608668205,0.2309890448398919,0.38980072716341,0.3009079118028534,0.0037146968653515855,1.3798972801452896e-5,TRUE,ND,38,650.8998149472131
8,NSB,39,0.3447270463061947,0.2752012205983607,0.4218989347666243,0.3185703185703186,0.02615672773587613,6.841744058487516e-4,TRUE,OH,90,1241.3286251676627
8,NSB,40,0.2788687500719789,0.21405496776261335,0.34433128531932455,0.28644240570846075,-0.007573655636481824,5.7360259700012905e-5,TRUE,OK,80,1146.383018673564
8,NSB,41,0.2666925281377882,0.20375000622069647,0.330898267804046,0.3165644171779141,-0.049871889040125905,0.0024872053164306305,TRUE,OR,87,1312.7958616574956
8,NSB,42,0.3298827991816486,0.26857327947194076,0.3950094725907812,0.3404605263157895,-0.010577727134140902,1.118883113243407e-4,TRUE,PA,133,1846.3359791770372
8,NSB,44,0.30324657448428555,0.23648439118764564,0.3773821544008454,0.3433667781493868,-0.04012020366510127,0.0016096307421292057,TRUE,RI,53,881.6055890015365
8,NSB,45,0.33219448354605857,0.2648568844360778,0.4051871403530313,0.31290849673202614,0.01928598681403243,3.7194928739103274e-4,TRUE,SC,75,1099.8102118557306
8,NSB,46,0.3051984279610275,0.2307697915976325,0.3871327926260012,0.2953846153846154,0.009813812576412062,9.631091728494355e-5,TRUE,SD,35,594.2764618266642
8,NSB,47,0.33702071227369457,0.27055781890065256,0.4110253046288551,0.327212020033389,0.009808692240305561,9.621044346503053e-5,TRUE,TN,87,1210.922728731921
8,NSB,48,0.331790649260243,0.2855063136390319,0.38133968412756053,0.33565823888404533,-0.0038675896238023477,1.4958249498143586e-5,TRUE,TX,251,3513.6847974669577
8,NSB,49,0.251223582780439,0.19436744566075143,0.3097588900565248,0.2304,0.020823582780439,4.3362159981379556e-4,TRUE,UT,135,2186.9589344971632
8,NSB,50,0.33811911191243915,0.26964934215804215,0.41607873975419946,0.33587786259541985,0.0022412493170193004,5.02319850103948e-6,TRUE,VT,68,1285.1024358342308
8,NSB,51,0.27739857549624447,0.2172841715742022,0.337164170467394,0.2716180371352785,0.005780538360965981,3.3414623742599273e-5,TRUE,VA,118,1703.9415063603367
8,NSB,53,0.33998685270242085,0.2838289697259382,0.39951979347022876,0.32831683168316833,0.011670021019252519,1.361893905897956e-4,TRUE,WA,165,2565.6801977505534
8,NSB,54,0.2764999522858232,0.2077276630031133,0.3468772446271213,0.27807486631016043,-0.0015749140243372373,2.480354184054112e-6,TRUE,WV,59,913.5696596066607
8,NSB,55,0.2825006229958109,0.22069138706582098,0.3478413490766431,0.3069958847736626,-0.024495261777851662,6.000178495654806e-4,TRUE,WI,88,1240.1614627610054
8,NSB,56,0.2626972514604265,0.1948015303500823,0.332671572841029,0.2782152230971129,-0.01551797163668639,2.4080744371700327e-4,TRUE,WY,44,766.0432138592013
9,NSB,01,0.3348001234748839,0.27361420075336684,0.39841364538920665,0.3007135575942915,0.03408656588059239,0.0011618939735319653,TRUE,AL,57,835.0344875703191
9,NSB,04,0.3265075456454029,0.27497481568819526,0.3821440621085952,0.28578919769271105,0.04071834795269186,0.0016579838599964853,TRUE,AZ,113,1664.1093406732532
9,NSB,05,0.33132365105172085,0.2741732354958343,0.39736774473811187,0.2849035187287174,0.04642013232300346,0.0021548286848851505,TRUE,AR,63,948.8661184465218
9,NSB,06,0.3718592522714189,0.3309601307523937,0.41746397344277464,0.3766891891891892,-0.004829936917770283,2.3328290629640306e-5,TRUE,CA,329,4734.865669916093
9,NSB,08,0.2881060878936887,0.22716932957778113,0.34111991391657237,0.2865264354747015,0.0015796524189871652,2.4953017648120027e-6,TRUE,CO,115,1692.4074608628919
9,NSB,09,0.3427408965321292,0.28925028830808686,0.40822813948973175,0.3638113570741097,-0.02107046054198053,4.439643074511584e-4,TRUE,CT,55,831.8715991993403
9,NSB,10,0.3163844761605611,0.26157967612179,0.3755077638410561,0.3221957040572792,-0.005811227896718119,3.3770369667594885e-5,TRUE,DE,66,1196.948556931922
9,NSB,11,0.3302619612958501,0.2680900114894242,0.3883345517566287,0.2659758203799655,0.06428614091588464,0.004132707913856977,FALSE,DC,59,1067.6306158880382
9,NSB,12,0.3523522524276745,0.30554919743888237,0.40452806960423965,0.35494880546075086,-0.0025965530330763764,6.74208765357813e-6,TRUE,FL,204,2873.4308454202537
9,NSB,13,0.3295034398797668,0.27321257186030257,0.3816114614458747,0.3376770538243626,-0.008173613944595759,6.680796491529025e-5,TRUE,GA,114,1605.8419116525122
9,NSB,16,0.295954751092384,0.24055241700929753,0.3496826313256106,0.27474747474747474,0.021207276344909265,4.4974856996934806e-4,TRUE,ID,84,1410.8415671909063
9,NSB,17,0.344078121321158,0.29196608888488285,0.40646297362494266,0.3270967741935484,0.016981347127609625,2.883661502683757e-4,TRUE,IL,98,1371.656338852571
9,NSB,18,0.31558843282767834,0.25557686207205016,0.3758879140788667,0.3194805194805195,-0.0038920866528411313,1.514833851322408e-5,TRUE,IN,65,920.6179724303872
9,NSB,19,0.31742808617480706,0.26132419051834177,0.3773166665760501,0.28534031413612565,0.032087772038681406,0.0010296251144063843,TRUE,IA,80,1228.19638082222
9,NSB,20,0.3294218007741094,0.2745591687401341,0.3924394599864175,0.2644787644787645,0.06494303629534487,0.004217597963258481,FALSE,KS,79,1232.4143360171756
9,NSB,21,0.335456234408948,0.28040022910395396,0.3999314224106878,0.3541300527240773,-0.01867381831512932,3.4871149046645925e-4,TRUE,KY,88,1288.9234118174504
9,NSB,22,0.34497230722030353,0.28300159749659964,0.410478092747593,0.40809248554913297,-0.06312017832882943,0.003984156912263229,TRUE,LA,60,853.6708030841378
9,NSB,23,0.27403399408807,0.21373939794936314,0.3281349349143424,0.2982456140350877,-0.024211619947017704,5.862025404588256e-4,TRUE,ME,66,1097.2202556986667
9,NSB,24,0.3148766376321933,0.25695927479799535,0.3679305936577103,0.30939226519337015,0.00548437243882316,3.0078341047723092e-5,TRUE,MD,98,1423.0310409456208
9,NSB,25,0.33783110815846756,0.28824355299090176,0.3979164600907209,0.3460096411355115,-0.008178532977043962,6.688840165659557e-5,TRUE,MA,123,1819.5484764322025
9,NSB,26,0.3557446697510494,0.3036023477826164,0.41820933720405346,0.40276356192425794,-0.04701889217320854,0.002210776221195811,TRUE,MI,141,2089.4961168026207
9,NSB,27,0.3336618398618264,0.28092195614725957,0.3960720463001518,0.31893004115226337,0.014731798709563038,2.1702589321908317e-4,TRUE,MN,106,1579.1692867192005
9,NSB,28,0.3345844623004652,0.26955689872350497,0.39569390070559063,0.33690476190476193,-0.0023202996042967494,5.383790253699652e-6,TRUE,MS,48,709.9200562601483
9,NSB,29,0.30451351461889414,0.24495187149676398,0.36023939285211815,0.31070496083550914,-0.006191446216614993,3.833400625323611e-5,TRUE,MO,87,1226.1006872058447
9,NSB,30,0.29778162227328137,0.242141704682856,0.35699850837602887,0.27586206896551724,0.021919553307764128,4.8046681721191335e-4,TRUE,MT,65,1124.169955861304
9,NSB,31,0.30072255543504156,0.23916181949493165,0.35516305598939607,0.2688553682342502,0.03186718720079135,0.0010155176200902798,TRUE,NE,65,1039.809597209689
9,NSB,32,0.323636987952229,0.2690458256590009,0.37934868014279294,0.3879310344827586,-0.06429404653052961,0.004133724419269907,FALSE,NV,82,1275.2415491411198
9,NSB,33,0.32014699768104765,0.2654364017843407,0.38541180675971404,0.3114874815905744,0.008659516090473274,7.498721892116553e-5,TRUE,NH,68,1199.4434506363277
9,NSB,34,0.3451895748304122,0.2926143995440571,0.4025959534998937,0.3675276752767528,-0.022338100446340603,4.989907315508023e-4,TRUE,NJ,112,1587.9676648346863
9,NSB,35,0.31600529645373204,0.254875187488356,0.369679178314245,0.3167062549485352,-7.009584948031722e-4,4.913428114367287e-7,TRUE,NM,77,1260.2107112597166
9,NSB,36,0.3492346167566567,0.29673780233750485,0.41033321750704765,0.34244946492271106,0.006785151833945624,4.603828540969566e-5,TRUE,NY,113,1567.2531580697178
9,NSB,37,0.3230863103638796,0.2644381192204567,0.3788751778041103,0.30879199428162973,0.014294316082249847,2.0432747225926663e-4,TRUE,NC,99,1362.55222359256
9,NSB,38,0.28811298465171936,0.22163833863838517,0.34870798662907293,0.3009079118028534,-0.012794927151134061,1.6371016080282759e-4,TRUE,ND,44,754.7765020894528
9,NSB,39,0.31379792418182606,0.25980810756285144,0.368366911677173,0.3185703185703186,-0.004772394388492529,2.277574819931498e-5,TRUE,OH,98,1309.9898265352638
9,NSB,40,0.31322928378360776,0.24834766374911088,0.37236929153827103,0.28644240570846075,0.026786878075147014,7.175368370127918e-4,TRUE,OK,63,910.4925836478728
9,NSB,41,0.3285354538004698,0.2790796518452816,0.3899057054372195,0.3165644171779141,0.011971036622555664,1.4330571781856892e-4,TRUE,OR,104,1604.6999627228458
9,NSB,42,0.34477204125144306,0.2945645081886932,0.4047784362842608,0.3404605263157895,0.004311514935653571,1.8589161040363815e-5,TRUE,PA,130,1857.0240120593444
9,NSB,44,0.33682340527197463,0.28214513896588234,0.3996211748089653,0.3433667781493868,-0.00654337287741219,4.2815728612853485e-5,TRUE,RI,63,1107.2934458319005
9,NSB,45,0.33459783099468543,0.28012882509203135,0.3970575718302854,0.31290849673202614,0.021689334262659288,4.704272207573661e-4,TRUE,SC,82,1186.7310835646133
9,NSB,46,0.30109076650914784,0.24045169180666037,0.3660873390626911,0.2953846153846154,0.0057061511245324326,3.256016065600274e-5,TRUE,SD,45,746.6278148853141
9,NSB,47,0.32025604743613556,0.261142001509273,0.37873475072292373,0.327212020033389,-0.006955972597253446,4.838555477374085e-5,TRUE,TN,78,1096.9230146565449
9,NSB,48,0.3322157219886699,0.2885058591524142,0.3743714938434929,0.33565823888404533,-0.003442516895375447,1.1850922574945406e-5,TRUE,TX,284,3988.984341710574
9,NSB,49,0.28940323322856476,0.2325699909915805,0.3385723853716829,0.2304,0.059003233228564766,0.0034813815314244092,FALSE,UT,125,1975.5936286953602
9,NSB,50,0.3046306981895913,0.24982614673385595,0.3656089601485143,0.33587786259541985,-0.03124716440582853,9.763852834048776e-4,TRUE,VT,64,1219.1112013044235
9,NSB,51,0.30041751073306344,0.24380416325631066,0.3514782299690635,0.2716180371352785,0.028799473597784953,8.294096795095126e-4,TRUE,VA,115,1657.4385082790568
9,NSB,53,0.30729146249124845,0.2599906238887887,0.3547314008597504,0.32831683168316833,-0.021025369191919885,4.420661496565338e-4,TRUE,WA,178,2689.741010849409
9,NSB,54,0.2729400678681626,0.2080787868823051,0.33041377142424655,0.27807486631016043,-0.005134798441997823,2.6366155039943274e-5,TRUE,WV,63,963.446410696658
9,NSB,55,0.2949268521045668,0.2400431461236882,0.348746105890442,0.3069958847736626,-0.012069032669095758,1.4566154956770067e-4,TRUE,WI,79,1123.448747475489
9,NSB,56,0.31367804916086334,0.2582291465018949,0.3781755533491201,0.2782152230971129,0.03546282606375045,0.0012576120324278184,TRUE,WY,54,962.6393707184898
10,NSB,01,0.30659574482986385,0.23432750283692272,0.3782032036431475,0.3007135575942915,0.005882187235572323,3.460012667432996e-5,TRUE,AL,64,900.2110085361296
10,NSB,04,0.279697885826596,0.22251716829518417,0.3374453642838604,0.28578919769271105,-0.006091311866115057,3.7104080250274093e-5,TRUE,AZ,135,1984.793314795837
10,NSB,05,0.3172777059625228,0.25498502839852144,0.38358518542112485,0.2849035187287174,0.03237418723380542,0.0010480879990494897,TRUE,AR,76,1150.3222359074957
10,NSB,06,0.379908418950365,0.3365996940501016,0.4270131108316564,0.3766891891891892,0.003219229761175779,1.0363440255239864e-5,TRUE,CA,351,5053.090939309258
10,NSB,08,0.30349974241159,0.244038565108203,0.3649850149226657,0.2865264354747015,0.016973306936888477,2.8809314837382647e-4,TRUE,CO,105,1555.757342200547
10,NSB,09,0.3363595305188184,0.2707643842743191,0.4107443962016367,0.3638113570741097,-0.027451826555291325,7.53602781221798e-4,TRUE,CT,66,976.9083640489894
10,NSB,10,0.3666563757526978,0.29858812660933187,0.44596007797962256,0.3221957040572792,0.04446067169541862,0.001976751327607798,TRUE,DE,66,1216.0879719710433
10,NSB,11,0.3011766439987914,0.23386176064097375,0.36540805195452164,0.2659758203799655,0.03520082361882593,0.0012390979834436932,TRUE,DC,71,1308.1511011771051
10,NSB,12,0.34911120692515496,0.29372091373673737,0.40823016502579373,0.35494880546075086,-0.0058375985355959,3.40775566627914e-5,TRUE,FL,170,2426.3572928609683
10,NSB,13,0.2991378257626934,0.23449493276805777,0.3612751808683778,0.3376770538243626,-0.038539228061669206,0.0014852720995893512,TRUE,GA,117,1648.3373409956787
10,NSB,16,0.29050885519200015,0.23084197306068482,0.3518589108378931,0.27474747474747474,0.015761380444525408,2.4842111351706795e-4,TRUE,ID,80,1344.9710929553503
10,NSB,17,0.2917854984554402,0.22995298111218407,0.3527295303115045,0.3270967741935484,-0.03531127573810816,0.0012468861942527062,TRUE,IL,104,1422.747962110033
10,NSB,18,0.31970194616028746,0.25650411317954724,0.3890876743359336,0.3194805194805195,2.214266797679887e-4,4.902977451307541e-8,TRUE,IN,80,1122.840446013692
10,NSB,19,0.321532344742851,0.2563603972917897,0.39089297773930237,0.28534031413612565,0.03619203060672532,0.0013098630794381426,TRUE,IA,75,1120.8352160165753
10,NSB,20,0.2794242215255732,0.2144400852596198,0.34408282090117803,0.2644787644787645,0.014945457046808719,2.233666863380044e-4,TRUE,KS,65,997.5967642394346
10,NSB,21,0.32104723276996305,0.25421942063334113,0.39314168761743157,0.3541300527240773,-0.03308281995411427,0.0010944729761163416,TRUE,KY,71,1047.2300818454778
10,NSB,22,0.3459076362821857,0.2727739020435103,0.42477814949495346,0.40809248554913297,-0.062184849266947284,0.003866955478352954,TRUE,LA,50,734.446893322186
10,NSB,23,0.3004906905991573,0.23903509719843077,0.3690621643663134,0.2982456140350877,0.0022450765640695813,5.040368778534477e-6,TRUE,ME,66,1089.5932988908548
10,NSB,24,0.2828134866778739,0.2213925741920359,0.34273341664735646,0.30939226519337015,-0.026578778515496226,7.064314673758037e-4,TRUE,MD,108,1584.9291263958683
10,NSB,25,0.3788144386546782,0.31653911025898945,0.4477861115107027,0.3460096411355115,0.03280479751916665,0.0010761547402735223,TRUE,MA,136,2107.0311792105795
10,NSB,26,0.35111552073368124,0.2922462557172776,0.41690368557871677,0.40276356192425794,-0.0516480411905767,0.0026675201588235073,TRUE,MI,147,2122.610358814003
10,NSB,27,0.32477192779203207,0.262008496731688,0.39404724401629965,0.31893004115226337,0.005841886639768701,3.412763951190804e-5,TRUE,MN,95,1380.2906731498015
10,NSB,28,0.3071221982779309,0.2321032514192794,0.37956324077876397,0.33690476190476193,-0.029782563626831016,8.870010961862378e-4,TRUE,MS,51,733.4710774566788
10,NSB,29,0.32139834557820496,0.25300323623866716,0.39330620747233225,0.31070496083550914,0.010693384742695822,1.1434847725531979e-4,TRUE,MO,72,1019.4821577645729
10,NSB,30,0.292867430999485,0.2281959408759614,0.363298173929572,0.27586206896551724,0.01700536203396774,2.8918233790631146e-4,TRUE,MT,62,1099.8427356473694
10,NSB,31,0.33083892253499736,0.2670784270499841,0.40087403282307754,0.2688553682342502,0.061983554300747146,0.00384196100375367,TRUE,NE,72,1180.7340782397146
10,NSB,32,0.3668285484213011,0.2973634120723126,0.44789229054362506,0.3879310344827586,-0.021102486061457537,4.453149179740096e-4,TRUE,NV,72,1142.8860806038629
10,NSB,33,0.3036057611968837,0.24337031810169543,0.3682447032440258,0.3114874815905744,-0.007881720393690672,6.212151636431945e-5,TRUE,NH,79,1333.122856138272
10,NSB,34,0.31831383098302357,0.2569801059785619,0.38376673062396194,0.3675276752767528,-0.049213844293729214,0.0024220024701674236,TRUE,NJ,98,1370.6589956973592
10,NSB,35,0.2972328398001178,0.22751181503378415,0.3645935849716121,0.3167062549485352,-0.01947341514841744,3.792138975426138e-4,TRUE,NM,69,1108.1182945955818
10,NSB,36,0.35139460209080337,0.2920853661819319,0.41437717921112455,0.34244946492271106,0.00894513716809231,8.001547895598651e-5,TRUE,NY,131,1802.6279257081626
10,NSB,37,0.3415074068805341,0.27844019258879865,0.41247840940411684,0.30879199428162973,0.03271541259890437,0.0010702982215165507,TRUE,NC,107,1513.3469062284992
10,NSB,38,0.31355426739634523,0.24598230612858749,0.3888517740606101,0.3009079118028534,0.01264635559349181,1.5993030979704156e-4,TRUE,ND,38,677.8979245370925
10,NSB,39,0.3081306973037842,0.24576069124473843,0.3721539064729006,0.3185703185703186,-0.010439621266534416,1.0898569218867763e-4,TRUE,OH,99,1331.4952452053078
10,NSB,40,0.29244293415643074,0.2221788846841085,0.36251571340663447,0.28644240570846075,0.006000528447969999,3.600634165489725e-5,TRUE,OK,68,964.6292172253435
10,NSB,41,0.3298455833805084,0.2735535070855136,0.38937184613054365,0.3165644171779141,0.013281166202594286,1.763893757009327e-4,TRUE,OR,127,1970.0839494913848
10,NSB,42,0.3005831264552408,0.2446216231093951,0.3573333078284871,0.3404605263157895,-0.03987739986054867,0.001590207019638087,TRUE,PA,136,1876.6536714472875
10,NSB,44,0.3292339525024694,0.26327823469681594,0.4059657089481858,0.3433667781493868,-0.014132825646917424,1.9973676076616691e-4,TRUE,RI,50,856.6275643485849
10,NSB,45,0.29588329437748134,0.2346443669317904,0.35851075616682704,0.31290849673202614,-0.0170252023545448,2.8985751521319776e-4,TRUE,SC,93,1334.805921349629
10,NSB,46,0.35070763090264484,0.27639496161630134,0.44530547072865034,0.2953846153846154,0.05532301551802943,0.003060636046008125,TRUE,SD,37,629.9653892356407
10,NSB,47,0.2883886095059734,0.22168168765577045,0.3558312910541177,0.327212020033389,-0.038823410527415614,0.0015072572049802456,TRUE,TN,83,1149.153146238045
10,NSB,48,0.35953065638753445,0.3116971837946031,0.41357131376689277,0.33565823888404533,0.02387241750348912,5.698923174608936e-4,TRUE,TX,259,3644.473198510064
10,NSB,49,0.27378367006704213,0.21204048539813114,0.33206847580434995,0.2304,0.043383670067042135,0.0018821428284859678,TRUE,UT,111,1749.1105609876017
10,NSB,50,0.2978904022189388,0.23055341848995353,0.3716485603211146,0.33587786259541985,-0.03798746037648104,0.0014430471458547172,TRUE,VT,51,917.8047123478544
10,NSB,51,0.30880065375503785,0.24883899220240557,0.37127201709325236,0.2716180371352785,0.03718261661975936,0.0013825469786920047,TRUE,VA,127,1847.7405702630326
10,NSB,53,0.2991392487794477,0.24744767538129447,0.3522744042672803,0.32831683168316833,-0.029177582903720634,8.513313441034906e-4,TRUE,WA,175,2623.726339820685
10,NSB,54,0.29609357682474535,0.2316003456487843,0.3655986988078851,0.27807486631016043,0.018018710514584924,3.246739286084133e-4,TRUE,WV,57,891.3182445341691
10,NSB,55,0.34161142996179805,0.2750606981437204,0.4176512364146785,0.3069958847736626,0.03461554518813548,0.001198235968671849,TRUE,WI,84,1220.7267351190908
10,NSB,56,0.27738566672824705,0.20702317245320334,0.34438078451463694,0.2782152230971129,-8.295563688658358e-4,6.881637691258707e-7,TRUE,WY,42,763.2838153460707
1,SB,01,0.3307367528078997,0.2833205504619034,0.36914440558859996,0.3007135575942915,0.03002319521360819,9.013922508344257e-4,TRUE,AL,72,990.995991853708
1,SB,04,0.3033939705807331,0.26667529095095593,0.33532250495527977,0.28578919769271105,0.017604772888022036,3.099280284388357e-4,TRUE,AZ,142,2083.2050904597972
1,SB,05,0.3116251741927081,0.27009606344264236,0.3465829248759581,0.2849035187287174,0.02672165546399069,7.140468707362235e-4,TRUE,AR,46,671.1368062878959
1,SB,06,0.3256125144096349,0.2884405508517732,0.3574690422681178,0.3766891891891892,-0.0510766747795543,0.0026088267065363584,FALSE,CA,300,4289.591789158838
1,SB,08,0.30295654469149025,0.26727759052115685,0.33572588317410107,0.2865264354747015,0.016430109216788724,2.699484888756058e-4,TRUE,CO,125,1877.7070497365498
1,SB,09,0.3339029390462018,0.2899718962353286,0.38692780904228735,0.3638113570741097,-0.029908418027907946,8.94513468932089e-4,TRUE,CT,61,908.3560027465476
1,SB,10,0.3348484684163191,0.2983260356898343,0.38591522378661247,0.3221957040572792,0.012652764359039892,1.6009244592539017e-4,TRUE,DE,67,1266.9294675534663
1,SB,11,0.337187397247143,0.27101864952108357,0.38263896797434394,0.2659758203799655,0.0712115768671775,0.005071088679909929,FALSE,DC,50,899.4664213641361
1,SB,12,0.33926715931874474,0.3032994355185453,0.3864714592374483,0.35494880546075086,-0.015681646142006123,2.459140257230955e-4,TRUE,FL,217,3049.265273921742
1,SB,13,0.3450820337656839,0.3071591975001522,0.3836519474241359,0.3376770538243626,0.007404979941321332,5.483372793137128e-5,TRUE,GA,114,1616.8005337782563
1,SB,16,0.2985870972553536,0.26464662569753195,0.33256956182918507,0.27474747474747474,0.023839622507878855,5.683276013181641e-4,TRUE,ID,76,1301.3098209911368
1,SB,17,0.33167582039295557,0.2991823465426635,0.3722068029519694,0.3270967741935484,0.0045790461994071885,2.0967664096305417e-5,TRUE,IL,118,1669.63954442939
1,SB,18,0.3162162444178652,0.28209616566232354,0.35707344256818574,0.3194805194805195,-0.003264275062654254,1.0655491684666433e-5,TRUE,IN,97,1357.1894958847893
1,SB,19,0.3000607114274873,0.2672708230616444,0.3361857625915439,0.28534031413612565,0.014720397291361653,2.1669009641552749e-4,TRUE,IA,80,1213.8238179740317
1,SB,20,0.2993982704815794,0.25706859843305974,0.3325585801866193,0.2644787644787645,0.034919506002814904,0.0012193718994806262,TRUE,KS,66,1008.9569420091326
1,SB,21,0.3213407618971975,0.28757087890282307,0.3601286906721319,0.3541300527240773,-0.03278929082687981,0.0010751375929297046,TRUE,KY,65,963.0183385360598
1,SB,22,0.33621616477377836,0.2907002525420552,0.37447229962151657,0.40809248554913297,-0.07187632077535461,0.005166205488201673,FALSE,LA,60,854.6248037980355
1,SB,23,0.3063826238891288,0.2574161969147158,0.3752785588278402,0.2982456140350877,0.008137009854041088,6.6210929364761775e-05,TRUE,ME,61,1051.7497827690847
1,SB,24,0.34070770131958555,0.30236673694344046,0.378529202424548,0.30939226519337015,0.0313154361262154,9.806565397750767e-4,TRUE,MD,109,1605.0378687534212
1,SB,25,0.32094697740350403,0.28343503487349286,0.36497870918200537,0.3460096411355115,-0.025062663732007495,6.281371133436839e-4,TRUE,MA,121,1828.8192380499327
1,SB,26,0.3285714528240643,0.29575177911477923,0.3740259951791182,0.40276356192425794,-0.07419210910019364,0.005504469052735036,FALSE,MI,146,2115.0175167507286
1,SB,27,0.3062445594907222,0.2733651234288045,0.35080905009515917,0.31893004115226337,-0.012685481661541154,1.6092144498529691e-4,TRUE,MN,98,1446.5927385881441
1,SB,28,0.3502980612123358,0.30566277802249453,0.39405430336510483,0.33690476190476193,0.01339329930757388,1.7938046634225898e-4,TRUE,MS,39,582.6251147496225
1,SB,29,0.30927679475527803,0.27249417676620713,0.34065032533169526,0.31070496083550914,-0.001428166080231108,2.0396583527226875e-6,TRUE,MO,85,1192.6229894747892
1,SB,30,0.28228225664167483,0.24173214224654088,0.31563721132001815,0.27586206896551724,0.006420187676157596,4.121880979708587e-5,TRUE,MT,79,1351.1463458676883
1,SB,31,0.3045315375838008,0.2693014657031282,0.34158830026062087,0.2688553682342502,0.03567616934955059,0.001272789059457813,FALSE,NE,64,1058.7503872757975
1,SB,32,0.3157959026599796,0.27880885704435765,0.352226367537546,0.3879310344827586,-0.07213513182277903,0.005203477243089708,FALSE,NV,74,1123.3857122694822
1,SB,33,0.30980070620086775,0.2702259782182017,0.3620255981862369,0.3114874815905744,-0.0016867753897066295,2.845211215319952e-6,TRUE,NH,75,1298.550526541381
1,SB,34,0.34722389399535697,0.3096183957772407,0.4015176373513845,0.3675276752767528,-0.020303781281395816,4.122435343227591e-4,TRUE,NJ,103,1455.332120930462
1,SB,35,0.3328381378671163,0.2954232450018709,0.37469332393957044,0.3167062549485352,0.016131882918581086,2.6023764649880823e-4,TRUE,NM,78,1316.1536655794296
1,SB,36,0.3347306050014928,0.29858247419806017,0.37519816771486125,0.34244946492271106,-0.007718859921218235,5.958079848338918e-5,TRUE,NY,123,1661.0998210098694
1,SB,37,0.3354860893227389,0.29602351867644483,0.37706480006063614,0.30879199428162973,0.026694095041109145,7.125747100637679e-4,TRUE,NC,104,1475.7593188758162
1,SB,38,0.3057054590361316,0.26758149857697405,0.3495745488459215,0.3009079118028534,0.004797547233278188,2.3016459455535193e-5,TRUE,ND,49,871.8795877549137
1,SB,39,0.3234509400008337,0.28892257383869263,0.3650652902558029,0.3185703185703186,0.0048806214305150974,2.3820465548003237e-5,TRUE,OH,96,1294.45871502274
1,SB,40,0.3180936885944049,0.2777811689427623,0.35136375835141775,0.28644240570846075,0.031651282885944154,0.0010018037083260613,TRUE,OK,71,1050.8391264739776
1,SB,41,0.2874843306655538,0.24804815666295188,0.32155901209698246,0.3165644171779141,-0.029080086512360326,8.45651431566361e-4,TRUE,OR,109,1655.2815414622523
1,SB,42,0.3210598661019774,0.28918356877062645,0.3595966213015682,0.3404605263157895,-0.019400660213812093,3.7638561673179147e-4,TRUE,PA,147,2060.867817206735
1,SB,44,0.318648268976931,0.27560235305969316,0.3621100482428983,0.3433667781493868,-0.024718509172455827,6.110046957087829e-4,TRUE,RI,69,1147.063741686034
1,SB,45,0.32262696478446423,0.27940226455115325,0.368181937256266,0.31290849673202614,0.00971846805243809,9.44486212862598e-5,TRUE,SC,83,1207.7645355569744
1,SB,46,0.29512397122194634,0.2605417311962518,0.3314304273507874,0.2953846153846154,-2.60644162669077e-4,6.793537953346425e-8,TRUE,SD,48,779.385662893915
1,SB,47,0.31651693259999486,0.2822120215563548,0.3496022637717132,0.327212020033389,-0.010695087433394146,1.1438489520794538e-4,TRUE,TN,77,1095.303162303359
1,SB,48,0.33501535244614533,0.29693451976258356,0.36729983314162773,0.33565823888404533,-6.428864379000032e-4,4.133029720357547e-7,TRUE,TX,223,3133.6720041483063
1,SB,49,0.3027520013422982,0.2682994448359042,0.33510561342540707,0.2304,0.07235200134229819,0.005234812098235919,FALSE,UT,107,1717.1532008630898
1,SB,50,0.298768794407386,0.25702194284681606,0.34620756195021296,0.33587786259541985,-0.037109068188033834,0.0013770829417841448,TRUE,VT,55,1004.7792704029811
1,SB,51,0.31601350693705466,0.2757744797246314,0.34840760360681466,0.2716180371352785,0.044395469801776166,0.0019709577389204194,FALSE,VA,129,1866.511363597658
1,SB,53,0.30862331054588527,0.2738603984812811,0.3507528780874649,0.32831683168316833,-0.019693521137283065,3.8783477478461487e-4,TRUE,WA,186,2817.7484332429945
1,SB,54,0.3027413801543375,0.2689480994107575,0.3420411047939097,0.27807486631016043,0.024666513844177063,6.084369052249787e-4,TRUE,WV,63,998.6958248566079
1,SB,55,0.305242003092519,0.2696975104673649,0.34835810695279734,0.3069958847736626,-0.0017538816811435987,3.0761009514510957e-6,TRUE,WI,82,1173.8443741165736
1,SB,56,0.29053148325648354,0.25535407789596926,0.32447188231776347,0.2782152230971129,0.012316260159370651,1.5169026431330077e-4,TRUE,WY,39,683.0910284061732
2,SB,01,0.32943973389290465,0.2636909953221495,0.3997494915013041,0.3007135575942915,0.028726176298613126,8.251932047390026e-4,TRUE,AL,68,995.649971249108
2,SB,04,0.25882106790878073,0.20045709027222902,0.31878564307316165,0.28578919769271105,-0.026968129783930317,7.272800240429094e-4,TRUE,AZ,117,1707.5329427312176
2,SB,05,0.29715057638704295,0.22683327689713395,0.36978153489754584,0.2849035187287174,0.012247057658325566,1.499904212863509e-4,TRUE,AR,51,752.3928399104523
2,SB,06,0.36348638388573723,0.3160888255042137,0.41209378963974774,0.3766891891891892,-0.01320280530345197,1.7431406788085947e-4,TRUE,CA,322,4618.918979154124
2,SB,08,0.2681864676030908,0.21081988331877002,0.32843527467420147,0.2865264354747015,-0.01833996787161074,3.363544215317142e-4,TRUE,CO,107,1594.28481305953
2,SB,09,0.3550101300439954,0.277306238953904,0.43584686413427476,0.3638113570741097,-0.008801227030114323,7.746159723561498e-5,TRUE,CT,73,1089.9604668439538
2,SB,10,0.29705056607872066,0.2291301571465934,0.3687890643831415,0.3221957040572792,-0.02514513797855855,6.322779639607477e-4,TRUE,DE,75,1342.246549895721
2,SB,11,0.29545018357263325,0.22080639408375768,0.3693067147313819,0.2659758203799655,0.029474363192667774,8.687380856132889e-4,TRUE,DC,67,1217.2012862533363
2,SB,12,0.3034843277313361,0.2497654133324544,0.3592631578714931,0.35494880546075086,-0.05146447772941476,0.002648592467961428,TRUE,FL,203,2787.6546501178927
2,SB,13,0.3113145538807608,0.25322628316076945,0.3664768556350022,0.3376770538243626,-0.02636249994360179,6.949814032764045e-4,TRUE,GA,141,1992.9478904583598
2,SB,16,0.3294036488172608,0.27130399641446556,0.3984176844236317,0.27474747474747474,0.05465617406978607,0.002987297363946755,TRUE,ID,87,1503.0521521111687
2,SB,17,0.329588393599648,0.2692407867389096,0.3935082521824115,0.3270967741935484,0.002491619406099599,6.208167264852118e-6,TRUE,IL,122,1681.3263455665522
2,SB,18,0.3159690547589893,0.25050269081335075,0.3805374905010056,0.3194805194805195,-0.0035114647215301886,1.2330384490551086e-5,TRUE,IN,95,1342.3040595173163
2,SB,19,0.3181289237189786,0.2556599806984793,0.3914070547216033,0.28534031413612565,0.03278860958285296,0.0010750929183767567,TRUE,IA,64,976.581360043162
2,SB,20,0.2925884719608961,0.22694186610401157,0.3606867373822581,0.2644787644787645,0.028109707482131596,7.90155654731005e-4,TRUE,KS,80,1209.0909967902996
2,SB,21,0.34172649325544474,0.2782199308521256,0.4208565687167739,0.3541300527240773,-0.012403559468632586,1.5384828749190506e-4,TRUE,KY,77,1162.4805016068271
2,SB,22,0.3879985645070857,0.3064754369630277,0.48303052524977785,0.40809248554913297,-0.02009392104204727,4.0376566284403004e-4,TRUE,LA,65,963.835081439526
2,SB,23,0.3041657213613108,0.22828370380062818,0.38738848781086827,0.2982456140350877,0.005920107326223112,3.5047670754000565e-5,TRUE,ME,72,1216.6595924292958
2,SB,24,0.29902471291575045,0.23554123751800832,0.3618891443320976,0.30939226519337015,-0.010367552277619707,1.0748614022917757e-4,TRUE,MD,112,1608.8686247501848
2,SB,25,0.34641231358814906,0.28755912296012875,0.4073261489984412,0.3460096411355115,4.026724526375314e-4,1.6214510411312494e-7,TRUE,MA,142,2129.0106904539043
2,SB,26,0.3365890822444271,0.27998986677367743,0.3990551731557816,0.40276356192425794,-0.06617447967983087,0.004379061760896349,FALSE,MI,141,2028.9713165885473
2,SB,27,0.2867093632919185,0.2264370741864169,0.35186525390690065,0.31893004115226337,-0.03222067786034488,0.0010381720817801189,TRUE,MN,92,1331.1723053259425
2,SB,28,0.32598483903653835,0.2550500780301832,0.39947741269239095,0.33690476190476193,-0.010919922868223575,1.1924471544795218e-4,TRUE,MS,60,901.6288552540187
2,SB,29,0.28903918820787883,0.22608803329874014,0.3529420800461517,0.31070496083550914,-0.02166577262763031,4.6940570355217474e-4,TRUE,MO,84,1163.5511984161094
2,SB,30,0.26889955633371815,0.20739783465453615,0.33417861723011055,0.27586206896551724,-0.006962512631799089,4.8476582147961884e-5,TRUE,MT,64,1094.3365173467537
2,SB,31,0.28014310280251986,0.22142341659857245,0.34385860908197274,0.2688553682342502,0.011287734568269647,1.2741295168370957e-4,TRUE,NE,75,1213.8662023201211
2,SB,32,0.3394282042379408,0.27097085390099984,0.41357720074449233,0.3879310344827586,-0.04850283024481783,0.0023525245417576153,TRUE,NV,64,1011.4541636402428
2,SB,33,0.31322102403923996,0.24459821799595993,0.38366201482264906,0.3114874815905744,0.0017335424486655815,3.00516942132546e-6,TRUE,NH,82,1381.5362157664063
2,SB,34,0.4035572390737579,0.323291721095532,0.496762040797565,0.3675276752767528,0.036029563797005115,0.0012981294674024616,TRUE,NJ,74,1090.5948928887703
2,SB,35,0.309402063724596,0.24791383603395734,0.3770803751776312,0.3167062549485352,-0.007304191223939216,5.335120943587066e-5,TRUE,NM,82,1353.131220923858
2,SB,36,0.331101119452607,0.26681043211854594,0.3928633719500274,0.34244946492271106,-0.011348345470104049,1.287849449088311e-4,TRUE,NY,148,2002.0219004323005
2,SB,37,0.27115618052251284,0.2025210950416837,0.3392298175713222,0.30879199428162973,-0.0376358137591169,0.001416454477310933,TRUE,NC,84,1114.8546883003255
2,SB,38,0.27030797575717797,0.19600780503743348,0.34549271112937463,0.3009079118028534,-0.030599936045675458,9.363560859994281e-4,TRUE,ND,38,650.0063142938156
2,SB,39,0.32668479398770806,0.2631396700198284,0.39356999845884166,0.3185703185703186,0.008114475417389466,6.584471129941795e-5,TRUE,OH,97,1326.5561670638942
2,SB,40,0.27455638812802674,0.20407254070434624,0.34264412762338414,0.28644240570846075,-0.011886017580434005,1.4127741392238623e-4,TRUE,OK,64,899.6015317801957
2,SB,41,0.3421456639550983,0.2788944879290933,0.4106626527973565,0.3165644171779141,0.025581246777184208,6.544001866751974e-4,TRUE,OR,95,1492.4694642038096
2,SB,42,0.3616885460295993,0.30032080647557535,0.4279574960213142,0.3404605263157895,0.02122801971380983,4.5062882096989884e-4,TRUE,PA,121,1712.138409956175
2,SB,44,0.35584167524195714,0.27884021278271204,0.4433686538794597,0.3433667781493868,0.012474897092570325,1.5562305747021955e-4,TRUE,RI,52,906.8236073958067
2,SB,45,0.2992440371612086,0.23553503866405168,0.3690242934319717,0.31290849673202614,-0.013664459570817522,1.8671745536250658e-4,TRUE,SC,100,1457.8652217542647
2,SB,46,0.27809714182198375,0.20890270171020903,0.35181626800639226,0.2953846153846154,-0.01728747356263166,2.9885674217868864e-4,TRUE,SD,38,635.0843658230615
2,SB,47,0.3218490151856881,0.2608602888449426,0.3914561206257424,0.327212020033389,-0.005363004847700914,2.8761820996463502e-5,TRUE,TN,81,1162.5165432651725
2,SB,48,0.32146081208201543,0.2709169015541758,0.3722084368673723,0.33565823888404533,-0.0141974268020299,2.0156692779899695e-4,TRUE,TX,242,3443.2350295082006
2,SB,49,0.24055238209918944,0.1734219352333129,0.30167190170641983,0.2304,0.01015238209918945,1.0307086228794238e-4,TRUE,UT,101,1573.0412049881527
2,SB,50,0.3584787729915671,0.2835379123404216,0.44670865406977056,0.33587786259541985,0.022600910396147256,5.108011507346771e-4,TRUE,VT,50,948.9130820159605
2,SB,51,0.2710178687191023,0.21112769307177995,0.3286691782600151,0.2716180371352785,-6.001684161762166e-4,3.6020212777546835e-7,TRUE,VA,113,1617.2851587668797
2,SB,53,0.3053736608498489,0.2510502070732536,0.3637791051738433,0.32831683168316833,-0.022943170833319426,5.263890878868792e-4,TRUE,WA,171,2595.21090343394
2,SB,54,0.2883291788881275,0.22287666812148332,0.3547699169231557,0.27807486631016043,0.01025431257796705,1.0515092644665326e-4,TRUE,WV,76,1175.1942308316388
2,SB,55,0.3072110663679754,0.24196405012891065,0.3809773692134043,0.3069958847736626,2.151815943128299e-4,4.630311853101131e-8,TRUE,WI,79,1133.99587264568
2,SB,56,0.2766208316679317,0.20949386022117988,0.349070915161644,0.2782152230971129,-0.0015943914291811634,2.5420840294463527e-6,TRUE,WY,40,697.6755487549432
3,SB,01,0.32194481044808854,0.2558069007596335,0.376660436483496,0.3007135575942915,0.02123125285379701,4.507660977418637e-4,TRUE,AL,76,1082.361559791973
3,SB,04,0.3092247224540654,0.25992264642801555,0.358498651279207,0.28578919769271105,0.023435524761354354,5.49223820840053e-4,TRUE,AZ,126,1858.176227982662
3,SB,05,0.30706810509695004,0.24272421022216878,0.3592467769580102,0.2849035187287174,0.022164586368232653,4.912688888748447e-4,TRUE,AR,62,924.7789729490361
3,SB,06,0.3047299835827443,0.2593472799797887,0.3452045464805227,0.3766891891891892,-0.07195920560644492,0.005178127271510614,FALSE,CA,318,4487.148422100378
3,SB,08,0.3316962647449718,0.2841802907959492,0.3941027957293509,0.2865264354747015,0.0451698292702703,0.0020403134763053677,TRUE,CO,107,1641.6281863549573
3,SB,09,0.36199676354569105,0.2989787002680949,0.4384999408591945,0.3638113570741097,-0.0018145935284186732,3.29274967337893e-6,TRUE,CT,50,770.8399450575271
3,SB,10,0.31731594866369667,0.25280086070903285,0.3733931259949532,0.3221957040572792,-0.004879755393582541,2.38120127011979e-5,TRUE,DE,61,1101.4849871378892
3,SB,11,0.3428528141716319,0.2786351903857366,0.40310309636615377,0.2659758203799655,0.0768769937916664,0.005910072174443915,FALSE,DC,70,1303.4355762302796
3,SB,12,0.325383540080642,0.2772023155952049,0.3762728629051759,0.35494880546075086,-0.02956526538010884,8.741049169962623e-4,TRUE,FL,201,2817.0435186544155
3,SB,13,0.3456083665825513,0.29010622906877714,0.40199930166917375,0.3376770538243626,0.007931312758188702,6.290572206820688e-5,TRUE,GA,114,1637.0904272966088
3,SB,16,0.3036135291662175,0.25016624185328457,0.35888213728845547,0.27474747474747474,0.028866054418742737,8.332490977058171e-4,TRUE,ID,79,1330.2835356750884
3,SB,17,0.36632746098797575,0.3131750014371678,0.4402290931283121,0.3270967741935484,0.03923068679442737,0.001539046786362458,TRUE,IL,113,1616.8209354039295
3,SB,18,0.3145115221895789,0.2564710811323135,0.36901704406828695,0.3194805194805195,-0.00496899729094058,2.4690934077374824e-5,TRUE,IN,82,1146.539578449271
3,SB,19,0.30064882513932306,0.24586393304803295,0.3545315501584053,0.28534031413612565,0.015308511003197411,2.3435050913501621e-4,TRUE,IA,68,1012.3067251682717
3,SB,20,0.2849808413264732,0.21882124250662177,0.3366636113482727,0.2644787644787645,0.020502076847708717,4.2033515506935377e-4,TRUE,KS,65,941.2143768147198
3,SB,21,0.34754957361158956,0.2957285439879514,0.4190055103298333,0.3541300527240773,-0.006580479112487769,4.330270534988782e-5,TRUE,KY,74,1130.1597292298113
3,SB,22,0.356372982854468,0.29969590318378986,0.4206278681951545,0.40809248554913297,-0.051719502694664965,0.0026749069589834568,TRUE,LA,68,981.2745355242912
3,SB,23,0.30306313075645314,0.23981751605916102,0.36866751324176084,0.2982456140350877,0.0048175167213654335,2.3208467360635556e-5,TRUE,ME,76,1254.5115529860466
3,SB,24,0.36768461680430736,0.31418008921379426,0.4325455843755155,0.30939226519337015,0.05829235161093721,0.0033979982563331337,FALSE,MD,95,1436.40626173891
3,SB,25,0.3440246377513278,0.2923429828424318,0.40153137994144217,0.3460096411355115,-0.0019850033841837256,3.940238435220843e-6,TRUE,MA,125,1876.0343533946539
3,SB,26,0.3321454958377582,0.28546603840302176,0.3830353229583844,0.40276356192425794,-0.07061806608649973,0.004986911257797244,FALSE,MI,150,2177.0702336058184
3,SB,27,0.2924788116192907,0.2405598834084625,0.3405543095094494,0.31893004115226337,-0.026451229532972687,6.996675438060065e-4,TRUE,MN,117,1699.021959182508
3,SB,28,0.34355479230551933,0.27936772115793973,0.4027369610007652,0.33690476190476193,0.006650030400757401,4.422290433099764e-5,TRUE,MS,65,956.039240696255
3,SB,29,0.29552216128644476,0.22706966431625708,0.34563261772146303,0.31070496083550914,-0.015182799549064374,2.3051740214706935e-4,TRUE,MO,69,959.670891954068
3,SB,30,0.28508571512914277,0.22712703640347615,0.33663394041568473,0.27586206896551724,0.009223646163625532,8.507564855176399e-5,TRUE,MT,56,967.8362461815135
3,SB,31,0.3220115484119174,0.27297600121551113,0.3850130129917345,0.2688553682342502,0.05315618017766721,0.0028255794910806206,FALSE,NE,68,1105.838915393289
3,SB,32,0.3443614947373994,0.29161171487586324,0.41422722387752353,0.3879310344827586,-0.04356953974535921,0.0018983047936224357,TRUE,NV,72,1119.7751303419982
3,SB,33,0.3369549226125033,0.28282378209454906,0.39991668515877327,0.3114874815905744,0.025467441021928938,6.485905522054288e-4,TRUE,NH,91,1584.9371317221035
3,SB,34,0.3738717249052965,0.31873118681189894,0.4462772557528707,0.3675276752767528,0.006344049628543735,4.0246965689425907e-5,TRUE,NJ,108,1543.8386723079716
3,SB,35,0.33364521885054155,0.2837354351835014,0.3883584813291897,0.3167062549485352,0.016938963902006332,2.8692849807347357e-4,TRUE,NM,98,1627.1349195823493
3,SB,36,0.3421690881791661,0.2862688672048282,0.3963893452411651,0.34244946492271106,-2.8037674354497444e-4,7.861111832088437e-8,TRUE,NY,112,1523.0986618341274
3,SB,37,0.3375799669775304,0.2837801174339778,0.39303458656652723,0.30879199428162973,0.028787972695900665,8.287473719399222e-4,TRUE,NC,95,1311.4234693211438
3,SB,38,0.28251737838222024,0.21542926433540394,0.33682997191313724,0.3009079118028534,-0.01839053342063318,3.38211719495426e-4,TRUE,ND,51,864.8992242106422
3,SB,39,0.3457092242772179,0.2953540322779149,0.4100173139521791,0.3185703185703186,0.027138905706899308,7.365202029679718e-4,TRUE,OH,83,1151.6125015539817
3,SB,40,0.31761363584487956,0.25788868115586283,0.36982739640806583,0.28644240570846075,0.031171230136418815,9.716455882175845e-4,TRUE,OK,66,956.0397935492573
3,SB,41,0.3096279836146102,0.25964813003975795,0.3660283699374941,0.3165644171779141,-0.006936433563303923,4.811411057812916e-5,TRUE,OR,107,1646.1286805090951
3,SB,42,0.33139326629691784,0.28460219415979243,0.3823570836299573,0.3404605263157895,-0.009067260018871648,8.221520424982827e-5,TRUE,PA,143,2003.19948642815
3,SB,44,0.33907476979608,0.27412456360455284,0.4044487306932121,0.3433667781493868,-0.004292008353306842,1.842133570485571e-5,TRUE,RI,39,660.7148759966722
3,SB,45,0.3323594737592546,0.2727683906030727,0.39703080986948713,0.31290849673202614,0.019450977027228478,3.7834050731377e-4,TRUE,SC,71,1041.012531216092
3,SB,46,0.30750108829323614,0.25128436257971754,0.37039466360570816,0.2953846153846154,0.012116472908620723,1.4680891574533994e-4,TRUE,SD,36,618.058983516861
3,SB,47,0.3264709658602137,0.2743499984959492,0.38381254743722537,0.327212020033389,-7.410541731753262e-4,5.491612875805664e-7,TRUE,TN,80,1137.5746924373777
3,SB,48,0.3610236083435517,0.3183809511428883,0.4098926547126649,0.33565823888404533,0.02536536945950635,6.434019678172574e-4,TRUE,TX,262,3769.2755372977604
3,SB,49,0.2963546022982953,0.2439317234888022,0.3435432024037868,0.2304,0.0659546022982953,0.0043500095643263,FALSE,UT,119,1882.6942398841568
3,SB,50,0.3342912617088278,0.27743305805204077,0.4052152559224316,0.33587786259541985,-0.001586600886592071,2.517302373334746e-6,TRUE,VT,58,1092.1409630769176
3,SB,51,0.32757462828644174,0.277361324030007,0.3779765640283107,0.2716180371352785,0.05595659115116325,0.003131140093258441,FALSE,VA,120,1740.6369895349294
3,SB,53,0.31183650845729755,0.26517378828016025,0.3589669477910675,0.32831683168316833,-0.016480323225870785,2.7160105362917603e-4,TRUE,WA,194,2950.3543622280263
3,SB,54,0.3007464115164828,0.2396249474534084,0.3549134715097253,0.27807486631016043,0.022671545206322363,5.139989620423185e-4,TRUE,WV,56,887.6985762955791
3,SB,55,0.3050300454331663,0.25337133718705734,0.3555716419373983,0.3069958847736626,-0.001965839340496267,3.864524312642798e-6,TRUE,WI,92,1316.697163297052
3,SB,56,0.30867131093916306,0.2535557676463263,0.3774027010886195,0.2782152230971129,0.030456087842050172,9.275732866426763e-4,TRUE,WY,40,707.0633057905497
4,SB,01,0.32913396993305466,0.28494381358849086,0.37087155521817006,0.3007135575942915,0.028420412338763135,8.077198375053198e-4,TRUE,AL,69,976.9706995971427
4,SB,04,0.30953485433872596,0.2717842146377166,0.3453479751431146,0.28578919769271105,0.023745656646014912,5.638562095504322e-4,TRUE,AZ,136,1976.6503733610334
4,SB,05,0.3157195639205929,0.27585426566125243,0.35327057912475834,0.2849035187287174,0.03081604519187553,9.496286412677149e-4,TRUE,AR,69,1024.3350830388158
4,SB,06,0.3498562030807708,0.316392197093632,0.39226142176192413,0.3766891891891892,-0.02683298610841839,7.200091434945743e-4,TRUE,CA,329,4771.472234193188
4,SB,08,0.2997301912594301,0.2560727199850526,0.332363352780372,0.2865264354747015,0.013203755784728599,1.7433916682275393e-4,TRUE,CO,120,1774.0728873737787
4,SB,09,0.3352955077036588,0.2905824622353389,0.38736734316847765,0.3638113570741097,-0.02851584937045093,8.131536653182467e-4,TRUE,CT,71,1050.8487960385298
4,SB,10,0.32085458284630447,0.27913953744111897,0.36369935810588006,0.3221957040572792,-0.0013411212109747384,1.7986061025263487e-6,TRUE,DE,82,1492.4380984598408
4,SB,11,0.3448468226075,0.2961610061895824,0.39347270743902835,0.2659758203799655,0.07887100222753451,0.0062206349923757545,FALSE,DC,55,1020.9806293819595
4,SB,12,0.31951052088944326,0.28188504180551116,0.36224438002001613,0.35494880546075086,-0.0354382845713076,0.0012558720133569782,TRUE,FL,185,2568.6048184774477
4,SB,13,0.3345283738134182,0.2949377811146806,0.37379646475903733,0.3376770538243626,-0.0031486800109443713,9.914185811320647e-6,TRUE,GA,131,1859.6790579061765
4,SB,16,0.30041259737174897,0.25800075246593723,0.33575958729708205,0.27474747474747474,0.025665122624274228,6.586985193190329e-4,TRUE,ID,78,1288.0687166073956
4,SB,17,0.326001050758865,0.28691629723106526,0.36711194468301533,0.3270967741935484,-0.0010957234346833933,1.2006098453143725e-6,TRUE,IL,105,1442.020280637396
4,SB,18,0.3179336497155713,0.2784275587200933,0.36025993326880756,0.3194805194805195,-0.0015468697649481666,2.3928060697107963e-6,TRUE,IN,79,1086.7153759561454
4,SB,19,0.30768395656040526,0.270272206761899,0.34563669563373484,0.28534031413612565,0.02234364242427961,4.992383567840675e-4,TRUE,IA,83,1259.9735157707782
4,SB,20,0.29627872470637673,0.24236385616205708,0.3332624082646802,0.2644787644787645,0.03179996022761222,0.0010112374704777192,TRUE,KS,64,962.7327514325294
4,SB,21,0.32027704946264024,0.28263429468042384,0.35762241536730366,0.3541300527240773,-0.03385300326143709,0.00114602582981887,TRUE,KY,74,1086.5667589219402
4,SB,22,0.3396911867941035,0.29527015146837166,0.39265600515107113,0.40809248554913297,-0.06840129875502948,0.004678737671374797,FALSE,LA,54,780.8749328399027
4,SB,23,0.3105293344424297,0.2619098685392176,0.3759099364459995,0.2982456140350877,0.012283720407341991,1.508897870457501e-4,TRUE,ME,73,1231.9278628735347
4,SB,24,0.33463050779305664,0.295773997086098,0.3743625960705649,0.30939226519337015,0.02523824259968649,6.369688895206298e-4,TRUE,MD,120,1800.9743811577357
4,SB,25,0.3319395626300035,0.2942487360940292,0.38235536988361685,0.3460096411355115,-0.01407007850550801,1.9796710915115853e-4,TRUE,MA,113,1729.2216600035297
4,SB,26,0.32375249079726015,0.28907865770304075,0.36533875662855697,0.40276356192425794,-0.07901107112699779,0.006242749360635504,FALSE,MI,128,1845.2400847755168
4,SB,27,0.3039139823350131,0.2648920025958288,0.3432718329735737,0.31893004115226337,-0.015016058817250266,2.2548202240311947e-4,TRUE,MN,90,1336.7693695261235
4,SB,28,0.3290910394157006,0.27845963644839006,0.3690187850445293,0.33690476190476193,-0.007813722489061314,6.105425913606254e-5,TRUE,MS,65,969.758276584829
4,SB,29,0.32243136934155303,0.28683466936717594,0.36484379871179756,0.31070496083550914,0.011726408506043895,1.375086564506186e-4,TRUE,MO,77,1124.3374441005867
4,SB,30,0.30984418103171857,0.27324005429748527,0.3623353584697908,0.27586206896551724,0.03398211206620133,0.001154783940479866,TRUE,MT,62,1102.7906874497696
4,SB,31,0.3041018529128504,0.26016708306396735,0.33889799588945024,0.2688553682342502,0.0352464846786002,0.0012423146821987985,TRUE,NE,81,1285.068749446911
4,SB,32,0.3215356493370722,0.2820192486217656,0.36227856927383184,0.3879310344827586,-0.06639538514568644,0.004408347168644039,FALSE,NV,73,1126.499739325239
4,SB,33,0.321375845650343,0.2804275833884471,0.3783737703881327,0.3114874815905744,0.009888364059768617,9.777974377852369e-5,TRUE,NH,86,1509.1002274970504
4,SB,34,0.3324856312081263,0.2894778129219869,0.37432867873220066,0.3675276752767528,-0.03504204406862649,0.0012279448525075608,TRUE,NJ,107,1492.11409575083
4,SB,35,0.30550012370907903,0.24971257647037148,0.34365543259857134,0.3167062549485352,-0.011206131239456185,1.255773773559158e-4,TRUE,NM,74,1173.5931987850984
4,SB,36,0.3394582625052998,0.30252498624177704,0.38265114506741293,0.34244946492271106,-0.002991202417411243,8.947291901926862e-6,TRUE,NY,127,1688.502929961134
4,SB,37,0.3272426753139019,0.2850657073660263,0.3670565703139258,0.30879199428162973,0.018450681032272154,3.404276305546474e-4,TRUE,NC,93,1288.8705659831119
4,SB,38,0.2985696890145515,0.24863378404192693,0.3377265585459709,0.3009079118028534,-0.0023382227883019246,5.467285807734427e-6,TRUE,ND,53,888.0240021789203
4,SB,39,0.32535184539353196,0.2866690764728555,0.3669518180877313,0.3185703185703186,0.0067815268232133685,4.59891060539624e-5,TRUE,OH,89,1233.9558835089917
4,SB,40,0.32431709881869375,0.28083854020036164,0.361402133666921,0.28644240570846075,0.037874693110233004,0.0014344923781943314,TRUE,OK,73,1070.788266702454
4,SB,41,0.30804295756092004,0.2717146269411664,0.3499133453693094,0.3165644171779141,-0.008521459616994076,7.261527400406082e-5,TRUE,OR,109,1670.573282785925
4,SB,42,0.32732651617708153,0.29452217765346356,0.3705424829020748,0.3404605263157895,-0.013134010138707963,1.7250222232368357e-4,TRUE,PA,126,1777.9600416642022
4,SB,44,0.3330695550051812,0.2889114724862749,0.39017767931209324,0.3433667781493868,-0.010297223144205614,1.0603280448156375e-4,TRUE,RI,51,856.4122702822658
4,SB,45,0.3090080474568371,0.25969868580349,0.35079463897923735,0.31290849673202614,-0.0039004492751890663,1.5213504548322913e-5,TRUE,SC,82,1179.3920125264353
4,SB,46,0.3036138572127746,0.2629421709990728,0.34485841616750174,0.2953846153846154,0.008229241828159206,6.772042106632507e-5,TRUE,SD,35,595.9481543359432
4,SB,47,0.31841003267304835,0.28283279089041147,0.35524161299480306,0.327212020033389,-0.008801987360340657,7.74749814915967e-5,TRUE,TN,94,1337.796300753815
4,SB,48,0.3387338298783746,0.3013132068416285,0.3747743851540195,0.33565823888404533,0.003075590994329247,9.459259964399166e-6,TRUE,TX,250,3505.69868187267
4,SB,49,0.30784378023007714,0.2639853859302983,0.3431512666975659,0.2304,0.07744378023007714,0.005997539096324487,FALSE,UT,107,1710.0564635339383
4,SB,50,0.30533304243878984,0.26318351414031615,0.35239175336592016,0.33587786259541985,-0.030544820156630015,9.329860384008713e-4,TRUE,VT,67,1214.7399322796048
4,SB,51,0.3234061195855904,0.28595168159881595,0.36041119537568056,0.2716180371352785,0.05178808245031191,0.0026820054838803046,FALSE,VA,113,1661.318517969816
4,SB,53,0.3128784587597755,0.2724368271015878,0.35128122252786914,0.32831683168316833,-0.01543837292339284,2.383433585217492e-4,TRUE,WA,177,2697.0800914078163
4,SB,54,0.3161425491060546,0.27973622731946896,0.36211285945502647,0.27807486631016043,0.038067682795894175,0.0014491484734488174,FALSE,WV,52,854.4894613648985
4,SB,55,0.30615815472960556,0.26290592023439946,0.34576933407031424,0.3069958847736626,-8.377300440570168e-4,7.017916267157713e-7,TRUE,WI,72,1028.5111329101505
4,SB,56,0.30289740074271565,0.26597573412995823,0.3446850223047928,0.2782152230971129,0.024682177645602765,6.092098933290929e-4,TRUE,WY,45,819.7579516975666
5,SB,01,0.32089037851042773,0.2546687862442295,0.3890574988580334,0.3007135575942915,0.020176820916136207,4.0710410228183153e-4,TRUE,AL,80,1125.1192440401585
5,SB,04,0.3297899467267876,0.27481020554819346,0.39189059712723645,0.28578919769271105,0.044000749034076525,0.0019360659155597862,TRUE,AZ,129,1927.893943101682
5,SB,05,0.30750523585056927,0.24080058385835884,0.37632400573932157,0.2849035187287174,0.022601717121851883,5.108376168562126e-4,TRUE,AR,59,878.4891511406599
5,SB,06,0.32616844601415024,0.28172532059972966,0.3718714133375958,0.3766891891891892,-0.05052074317503896,0.002552345490958246,FALSE,CA,315,4478.7280681825905
5,SB,08,0.3104705754296406,0.257612243803064,0.36792412140751196,0.2865264354747015,0.023944139954939103,5.733218381817111e-4,TRUE,CO,135,2014.8077720869792
5,SB,09,0.3073170712636172,0.24126727501324483,0.37673714718361023,0.3638113570741097,-0.05649428581049254,0.0031916043292376187,TRUE,CT,58,857.3119010359043
5,SB,10,0.2879256767880004,0.22344742504843934,0.35355522203810485,0.3221957040572792,-0.0342700272692788,0.0011744347690371127,TRUE,DE,68,1214.0505363464504
5,SB,11,0.3031606828147647,0.23218083674329743,0.3723410733972087,0.2659758203799655,0.03718486243479924,0.0013827139942949435,TRUE,DC,57,1045.1848530216457
5,SB,12,0.3448559972420736,0.29351447103253636,0.40098723896536465,0.35494880546075086,-0.010092808218677252,1.0186477773899908e-4,TRUE,FL,202,2856.946792690901
5,SB,13,0.3187737897026591,0.25793577919085364,0.3797179415108299,0.3376770538243626,-0.018903264121703456,3.5733339445488113e-4,TRUE,GA,106,1481.4197911340787
5,SB,16,0.29095527518122855,0.23300335102641784,0.34911770539455755,0.27474747474747474,0.016207800433753805,2.6269279490039006e-4,TRUE,ID,93,1556.72034743296
5,SB,17,0.33059082975960136,0.2716880038343981,0.39417751804252343,0.3270967741935484,0.003494055566052978,1.2208424298665798e-5,TRUE,IL,116,1628.205591773329
5,SB,18,0.27482379039084553,0.21007607416014984,0.33689262228813194,0.3194805194805195,-0.04465672908967394,0.0019942234529885306,TRUE,IN,85,1169.125016503987
5,SB,19,0.2831896379806058,0.22415716069975894,0.3430370022920105,0.28534031413612565,-0.0021506761555198373,4.625407925921588e-6,TRUE,IA,82,1238.5519026280942
5,SB,20,0.28074969723393783,0.21917767098922972,0.34080346069161505,0.2644787644787645,0.01627093275517333,2.647432527233723e-4,TRUE,KS,89,1326.7666064913224
5,SB,21,0.3253027894677951,0.2637579430413839,0.3949320338866127,0.3541300527240773,-0.02882726325628221,8.310111068469984e-4,TRUE,KY,73,1058.7311704671058
5,SB,22,0.4037527958945222,0.3232416491232758,0.500856140882433,0.40809248554913297,-0.00433968965461079,1.8832906298335917e-05,TRUE,LA,53,778.8777585184718
5,SB,23,0.3107820856890043,0.24144661532695535,0.3939197874245475,0.2982456140350877,0.012536471653916581,1.5716312152945394e-4,TRUE,ME,56,926.7500529473978
5,SB,24,0.3528556968300818,0.29596122705080674,0.41518716028270164,0.30939226519337015,0.043463431636711625,0.001889069889639105,TRUE,MD,123,1849.5298534029519
5,SB,25,0.31801582097175213,0.26030026347898455,0.3800061972210481,0.3460096411355115,-0.027993820163759398,7.836539673609023e-4,TRUE,MA,131,1925.973571594856
5,SB,26,0.36382229338462746,0.3053378542935072,0.43282667619273907,0.40276356192425794,-0.03894126853963048,0.0015164223954756146,TRUE,MI,142,2052.235799543366
5,SB,27,0.318525402379255,0.25957453623674276,0.38631817764518905,0.31893004115226337,-4.0463877300839224e-4,1.6373253662173718e-7,TRUE,MN,99,1444.4568238673526
5,SB,28,0.3627185328106489,0.29238959275990994,0.4412317603564257,0.33690476190476193,0.02581377090588699,6.663507683816177e-4,TRUE,MS,52,800.9193776654423
5,SB,29,0.29091595127812797,0.22990796765335886,0.3482288162203865,0.31070496083550914,-0.019789009557381165,3.916048992621231e-4,TRUE,MO,93,1333.4247284227974
5,SB,30,0.27749921020143975,0.21592092252397432,0.34179237673085167,0.27586206896551724,0.0016371412359225124,2.6802314263578914e-6,TRUE,MT,77,1333.697822127363
5,SB,31,0.3089460354901654,0.24893885272197458,0.3762467117250536,0.2688553682342502,0.0400906672559152,0.0016072616010245114,TRUE,NE,71,1156.05375357637
5,SB,32,0.3367842403364531,0.27584762050889106,0.4051938941467766,0.3879310344827586,-0.05114679414630552,0.0026159945514445523,TRUE,NV,70,1121.167475145084
5,SB,33,0.3312789305260408,0.2699873742734704,0.40893273725497215,0.3114874815905744,0.019791448935466416,3.917014509651747e-4,TRUE,NH,76,1332.705856968281
5,SB,34,0.30987647324386275,0.24594074728795823,0.3748471916473431,0.3675276752767528,-0.057651202032890037,0.003323661095837104,TRUE,NJ,83,1144.4281207722709
5,SB,35,0.34479046572389793,0.2840569062010163,0.41183624302178573,0.3167062549485352,0.028084210775362717,7.887228948749994e-4,TRUE,NM,72,1217.4055473642768
5,SB,36,0.2893463311425497,0.22789359533982417,0.35062310314864,0.34244946492271106,-0.05310313378016135,0.0028199428172737133,TRUE,NY,121,1577.398576319573
5,SB,37,0.3352122217737464,0.2729395656738442,0.4054204020128602,0.30879199428162973,0.026420227492116644,6.980284207351961e-4,TRUE,NC,84,1160.2880919885886
5,SB,38,0.3116799728473706,0.24368936398195237,0.3890508092561963,0.3009079118028534,0.010772061044517167,1.1603729914680428e-4,TRUE,ND,40,696.6302600693929
5,SB,39,0.3669312099895672,0.2984573675851069,0.4488390881857258,0.3185703185703186,0.0483608914192486,0.0023387758188643526,TRUE,OH,84,1196.1827917469925
5,SB,40,0.3036942361740415,0.23842403224199732,0.3695953907841535,0.28644240570846075,0.017251830465580764,2.9762565441314063e-4,TRUE,OK,74,1074.747047145753
5,SB,41,0.3220009045791394,0.2620361346458464,0.39042356021599733,0.3165644171779141,0.005436487401225265,2.9555395263681036e-5,TRUE,OR,96,1490.1346376190693
5,SB,42,0.30732933400404217,0.2533502715412986,0.36496080833567784,0.3404605263157895,-0.033131192311747326,0.0010976759039979852,TRUE,PA,127,1796.18298950704
5,SB,44,0.3231534446523954,0.2533077269755787,0.4008144099343811,0.3433667781493868,-0.020213333496991392,4.085788510605943e-4,TRUE,RI,51,860.0221841072745
5,SB,45,0.3269693823960103,0.261733186778698,0.4015753901072138,0.31290849673202614,0.014060885663984168,1.977085056556355e-4,TRUE,SC,70,1038.3782383588712
5,SB,46,0.27656478560785125,0.2082563820735539,0.3452774454565101,0.2953846153846154,-0.018819829776764163,3.541859928263791e-4,TRUE,SD,37,595.071373322596
5,SB,47,0.31476344670632195,0.25525694403110183,0.3774697914249614,0.327212020033389,-0.012448573327067058,1.549669778793654e-4,TRUE,TN,95,1349.228840919637
5,SB,48,0.3447383387983792,0.2996307694388878,0.39519553383678685,0.33565823888404533,0.009080099914333839,8.244821445428539e-5,TRUE,TX,235,3371.4862613305704
5,SB,49,0.2545030739852055,0.19362119460470015,0.31069197790245495,0.2304,0.024103073985205503,5.809581755362903e-4,TRUE,UT,124,1979.1707796713945
5,SB,50,0.2915298335581661,0.22422798443704245,0.3627389550839314,0.33587786259541985,-0.04434802903725377,0.0019667476794891035,TRUE,VT,55,1013.5540860857272
5,SB,51,0.2760576259817306,0.2146613721695741,0.33324264655654695,0.2716180371352785,0.004439588846452125,1.970994912554211e-5,TRUE,VA,123,1771.0288401733974
5,SB,53,0.27865133884277743,0.22955487914932735,0.3285790914960742,0.32831683168316833,-0.0496654928403909,0.00246666117907892,TRUE,WA,184,2769.296623630786
5,SB,54,0.29756012003496934,0.23666140759482318,0.3614129885983691,0.27807486631016043,0.019485253724808915,3.796751127201797e-4,TRUE,WV,66,1052.3844641403825
5,SB,55,0.2806020856627913,0.2204686419175777,0.3381941103226894,0.3069958847736626,-0.026393799110871252,6.966326315050282e-4,TRUE,WI,88,1249.28663067647
5,SB,56,0.3119835307968889,0.2520435138170909,0.3824617108692433,0.2782152230971129,0.03376830769977601,0.001140298604906752,TRUE,WY,49,912.0473152974934
6,SB,01,0.2866209517977712,0.21202453335852653,0.356736564987465,0.3007135575942915,-0.01409260579652033,1.986015381361184e-4,TRUE,AL,67,937.333459343739
6,SB,04,0.31617344436808764,0.2603073300433425,0.3746695430905793,0.28578919769271105,0.03038424667537659,9.232024460301334e-4,TRUE,AZ,120,1763.8218276051546
6,SB,05,0.32537509607119486,0.2564529842201382,0.398696377993196,0.2849035187287174,0.04047157734247747,0.001637948572588136,TRUE,AR,45,684.8167851115346
6,SB,06,0.35198717355694426,0.30701515483202846,0.39779575088651686,0.3766891891891892,-0.024702015632244945,6.101895762956736e-4,TRUE,CA,328,4689.220303596519
6,SB,08,0.3065115468268102,0.24768977167453957,0.36685648614644106,0.2865264354747015,0.019985111352108675,3.9940467575618307e-4,TRUE,CO,106,1593.2904651948256
6,SB,09,0.36306623715268826,0.29419817800863235,0.4374746500639125,0.3638113570741097,-7.451199214214554e-4,5.55203697299116e-7,TRUE,CT,73,1096.5045310535304
6,SB,10,0.34471775902779556,0.2795620776330662,0.41376869888224116,0.3221957040572792,0.022522054970516348,5.072429600949601e-4,TRUE,DE,77,1394.343151867968
6,SB,11,0.29509628496180335,0.21585796142495436,0.3702598015667208,0.2659758203799655,0.029120464581837868,8.480014574620738e-4,TRUE,DC,53,1014.5708195778158
6,SB,12,0.3427783048774239,0.28805644221396554,0.39961915563485,0.35494880546075086,-0.01217050058332697,1.4812108444876214e-4,TRUE,FL,189,2686.9379026590514
6,SB,13,0.34355375066958055,0.2836910763097915,0.40390995749827313,0.3376770538243626,0.005876696845217966,3.453556581059479e-5,TRUE,GA,134,1903.2674939411254
6,SB,16,0.3110530206287129,0.2513611190408904,0.3735794604767668,0.27474747474747474,0.03630554588123813,0.001318092661734687,TRUE,ID,77,1307.8878938514251
6,SB,17,0.3514092398309211,0.293860870435771,0.41613671212490777,0.3270967741935484,0.024312465637372715,5.91095985368429e-4,TRUE,IL,119,1665.9054661319935
6,SB,18,0.3371075054636752,0.27489389565013334,0.40534952997223384,0.3194805194805195,0.017626985983155707,3.1071063485036776e-4,TRUE,IN,89,1269.9169464007598
6,SB,19,0.30089071838294296,0.2349466326772917,0.36691917530321316,0.28534031413612565,0.015550404246817306,2.4181507223943372e-4,TRUE,IA,66,990.8485899860362
6,SB,20,0.293254280479935,0.22574495159290076,0.3608519764995418,0.2644787644787645,0.02877551600117051,8.2803032113362e-4,TRUE,KS,67,1007.176826113528
6,SB,21,0.3476916108610201,0.2867428183678743,0.4190666913040369,0.3541300527240773,-0.006438441863057254,4.145353362396816e-5,TRUE,KY,74,1100.4408035545262
6,SB,22,0.40246294884219613,0.32596521950608365,0.49869212331910917,0.40809248554913297,-0.005629536706936833,3.16916835347492e-5,TRUE,LA,51,756.4091090939796
6,SB,23,0.3726186220776533,0.2953574939960328,0.46452558393921106,0.2982456140350877,0.07437300804256558,0.005531344325299525,TRUE,ME,70,1209.3004676848766
6,SB,24,0.3131913172006689,0.2523068137569525,0.37466983781343455,0.30939226519337015,0.003799052007298742,1.4432796154160602e-5,TRUE,MD,119,1723.5669218400326
6,SB,25,0.3413313839277018,0.28442105463263223,0.4032227327262544,0.3460096411355115,-0.004678257207809733,2.1886090502423718e-5,TRUE,MA,128,1906.0052483469522
6,SB,26,0.37984077283586765,0.32038758434191367,0.450897588938014,0.40276356192425794,-0.022922789088390294,5.254542595908251e-4,TRUE,MI,136,1970.4005996435951
6,SB,27,0.3367528681321916,0.27631534605099506,0.40226696115522137,0.31893004115226337,0.017822826979928208,3.1765316155645684e-4,TRUE,MN,100,1488.6024507406762
6,SB,28,0.33941680846539707,0.2696521755294362,0.4125141294307879,0.33690476190476193,0.0025120465606351394,6.310377922798833e-6,TRUE,MS,61,917.1117578350652
6,SB,29,0.3356468480611646,0.2733279718185482,0.40411706260511826,0.31070496083550914,0.02494188722565549,6.220977383773165e-4,TRUE,MO,79,1140.1195487675132
6,SB,30,0.3246671084914992,0.25819271386905013,0.39725311233496363,0.27586206896551724,0.048805039525981975,0.002381931883132663,TRUE,MT,59,1049.4041308959424
6,SB,31,0.27468658673810165,0.20780178475735217,0.3389022110983768,0.2688553682342502,0.005831218503851432,3.400310923965933e-5,TRUE,NE,75,1171.5284744567382
6,SB,32,0.37619679436502346,0.30966580987219383,0.4554480468876081,0.3879310344827586,-0.011734240117735162,1.3769239114066532e-4,TRUE,NV,65,1033.5219919353556
6,SB,33,0.30061809486696495,0.23383942358296556,0.36626142776861476,0.3114874815905744,-0.010869386723609431,1.1814356774737697e-4,TRUE,NH,81,1399.892022849054
6,SB,34,0.35585773518980013,0.2848775838777027,0.43206150980474944,0.3675276752767528,-0.011669940086952657,1.3618750163306458e-4,TRUE,NJ,85,1163.5619712463433
6,SB,35,0.37238203897277705,0.3101203802807794,0.44405908847969466,0.3167062549485352,0.05567578402424184,0.0030997929267140224,TRUE,NM,85,1445.885880275946
6,SB,36,0.3787865420310211,0.31926310797582014,0.4462479775328946,0.34244946492271106,0.03633707710831002,0.0013203831727752683,TRUE,NY,136,1905.8350288688384
6,SB,37,0.3583616143536972,0.2966583180900839,0.4264488411014494,0.30879199428162973,0.049569620072067444,0.0024571472340891116,TRUE,NC,107,1513.5764132694576
6,SB,38,0.3165732008707333,0.2462422183571045,0.3918278479364591,0.3009079118028534,0.015665289067879895,2.4540128158023733e-4,TRUE,ND,50,880.4149093552571
6,SB,39,0.32841234539505276,0.2663811100985792,0.39114756229452485,0.3185703185703186,0.009842026824734174,9.686549201878704e-5,TRUE,OH,101,1375.2151595489279
6,SB,40,0.35468374595237545,0.28786554800573466,0.4295156526710578,0.28644240570846075,0.0682413402439147,0.0046568805182857324,FALSE,OK,67,984.9277094084468
6,SB,41,0.34793791127331963,0.28683379241838114,0.41569078089424716,0.3165644171779141,0.03137349409540552,9.84296131754445e-4,TRUE,OR,96,1484.052019467389
6,SB,42,0.3395371674700746,0.28425500813988014,0.3990951976115833,0.3404605263157895,-9.233588457148723e-4,8.525915579599012e-7,TRUE,PA,136,1908.2565168012234
6,SB,44,0.31825802643280715,0.24673552170075352,0.3903766221809064,0.3433667781493868,-0.02510875171657967,6.304494127648425e-4,TRUE,RI,59,1014.0394343175801
6,SB,45,0.34050118473561725,0.27342494275138496,0.4162722516289459,0.31290849673202614,0.027592688003591104,7.613564312635204e-4,TRUE,SC,87,1269.4430710168895
6,SB,46,0.279478337298241,0.20635381505578004,0.34896329317086555,0.2953846153846154,-0.015906278086374404,2.5300968256107456e-4,TRUE,SD,39,634.1985364746831
6,SB,47,0.29540689268729187,0.2268321703986308,0.3609786149552583,0.327212020033389,-0.03180512734609714,0.001011566125501456,TRUE,TN,78,1083.5084424089605
6,SB,48,0.32425847458936174,0.2747027225086489,0.3738713645832651,0.33565823888404533,-0.01139976429468359,1.2995462597434283e-4,TRUE,TX,249,3497.597832036657
6,SB,49,0.3100335195619567,0.25467824122262667,0.36629755086691085,0.2304,0.07963351956195669,0.0063414974378245385,FALSE,UT,130,2118.5008763575215
6,SB,50,0.3035903865645537,0.236173389833477,0.37313294921075835,0.33587786259541985,-0.032287476030866125,0.0010424811084437545,TRUE,VT,55,996.4100798300051
6,SB,51,0.2746846190104338,0.2124119454846221,0.33368104774157403,0.2716180371352785,0.0030665818751552942,9.40392439703096e-6,TRUE,VA,137,1986.951280502886
6,SB,53,0.35180680275274984,0.2987627378172164,0.41187439490991,0.32831683168316833,0.023489971069581506,5.517787408497761e-4,TRUE,WA,169,2583.003822529
6,SB,54,0.3199055671579506,0.25675576869560623,0.39111058062374005,0.27807486631016043,0.04183070084779017,0.0017498075334173133,TRUE,WV,58,948.829947996332
6,SB,55,0.3237539670366306,0.25826377392674227,0.39496724278338363,0.3069958847736626,0.016758082262968044,2.8083332113240417e-4,TRUE,WI,71,1015.5508245911288
6,SB,56,0.3003069476823822,0.23137237627213939,0.36947079856178633,0.2782152230971129,0.022091724585269312,4.8804429515139256e-4,TRUE,WY,45,788.2357982172359
7,SB,01,0.3366389973400213,0.2633178411041881,0.4146378950551608,0.3007135575942915,0.03592543974572976,0.0012906372209240595,TRUE,AL,72,1025.2933063297826
7,SB,04,0.30950878388405706,0.2532627377277045,0.36866179362929985,0.28578919769271105,0.02371958619134601,5.626187690886923e-4,TRUE,AZ,135,1976.2525840936278
7,SB,05,0.2932257069553049,0.22673593506907658,0.36364852780209955,0.2849035187287174,0.008322188226587535,6.925881687875218e-5,TRUE,AR,55,827.7475565579368
7,SB,06,0.38196439920201025,0.3328428734768756,0.4339748076323102,0.3766891891891892,0.005275210012821052,2.7827840679367486e-5,TRUE,CA,304,4392.6310925878015
7,SB,08,0.25169985631621755,0.19849116944685247,0.3040960674179951,0.2865264354747015,-0.03482657915848397,0.0012128906158821503,TRUE,CO,144,2102.1781069371154
7,SB,09,0.4068679968768281,0.3272206880610363,0.49241951543187273,0.3638113570741097,0.0430566398027184,0.0018538742311010343,TRUE,CT,77,1171.4478202916791
7,SB,10,0.29089847227797827,0.22331583261165272,0.3614981345177006,0.3221957040572792,-0.03129723177930094,0.00097951671704728455,TRUE,DE,73,1291.8533401048817
7,SB,11,0.2730582618880887,0.19503221005004023,0.3520169781704264,0.2659758203799655,0.007082441508123205,5.01609777159865e-5,TRUE,DC,52,962.0100070573061
7,SB,12,0.35829097575378377,0.3013049818407658,0.41868591847091363,0.35494880546075086,0.003342170293032909,1.117010226763168e-5,TRUE,FL,198,2795.0063282430087
7,SB,13,0.3076785334699816,0.2455285497941911,0.3704281124634837,0.3376770538243626,-0.029998520354380998,8.99911223452211e-4,TRUE,GA,121,1689.7432264383867
7,SB,16,0.26165923990615725,0.20202948905098395,0.32144219274594976,0.27474747474747474,-0.013088234841317492,1.7130189126147712e-4,TRUE,ID,89,1493.888274019667
7,SB,17,0.33225041880434125,0.2725691840585014,0.3965884372295692,0.3270967741935484,0.0051536446107928735,2.656005277435443e-5,TRUE,IL,130,1806.207485941191
7,SB,18,0.3062289209977444,0.2365362464707867,0.3786332287930718,0.3194805194805195,-0.013251598482775073,1.7560486234868662e-4,TRUE,IN,68,966.9665831291978
7,SB,19,0.31415629597185674,0.25109045460089957,0.38127247971158074,0.28534031413612565,0.028815981835731086,8.303608091571839e-4,TRUE,IA,82,1271.9600764779732
7,SB,20,0.2765555488989388,0.20242937520478632,0.3537222160080334,0.2644787644787645,0.012076784420174291,1.458487219313645e-4,TRUE,KS,58,876.1580654945899
7,SB,21,0.3081890811324251,0.2444271158965347,0.3770389664021831,0.3541300527240773,-0.045940971591652224,0.002110572870784997,TRUE,KY,68,987.3822947820022
7,SB,22,0.376719650080701,0.29514763006921424,0.4667255935108072,0.40809248554913297,-0.03137283546843195,9.842548053293017e-4,TRUE,LA,53,773.4176240478615
7,SB,23,0.26621273005606255,0.18552379470794084,0.3503690396093315,0.2982456140350877,-0.03203288397902515,0.0010261056560136861,TRUE,ME,56,908.5976939860166
7,SB,24,0.3458168804815387,0.28245194737578827,0.41359347660193635,0.30939226519337015,0.03642461528816854,0.001326752598891081,TRUE,MD,108,1606.0597041665246
7,SB,25,0.36486852246181856,0.30279172881961824,0.4270547605826111,0.3460096411355115,0.01885888132630703,3.5565740487973206e-4,TRUE,MA,140,2087.6125343691974
7,SB,26,0.4164518425089662,0.3467447069494387,0.4912952140320763,0.40276356192425794,0.013688280584708279,1.8736902536570162e-4,TRUE,MI,138,2032.8091260464403
7,SB,27,0.34193368998296103,0.2787340641197578,0.4114294943545306,0.31893004115226337,0.023003648830697665,5.291678595260581e-4,TRUE,MN,94,1400.1334833286521
7,SB,28,0.35061740169957356,0.27695112859701954,0.4327895348450857,0.33690476190476193,0.013712639794811632,1.880364901422516e-4,TRUE,MS,57,846.0430886956841
7,SB,29,0.2724936851472264,0.20333474958169528,0.3383224279398073,0.31070496083550914,-0.03821127568828275,0.0014601015897259485,TRUE,MO,71,1004.9337183528418
7,SB,30,0.28898197669762027,0.22884640162081768,0.35429336916383164,0.27586206896551724,0.013119907732103031,1.721319788988969e-4,TRUE,MT,78,1373.856134887476
7,SB,31,0.30070174359603646,0.23542492903672843,0.37547394890276753,0.2688553682342502,0.03184637536178625,0.0010141916236837863,TRUE,NE,57,932.4099882726296
7,SB,32,0.3176005418860261,0.2546009109052096,0.3885065857874378,0.3879310344827586,-0.07033049259673252,0.004946378188899048,TRUE,NV,81,1254.0146841706141
7,SB,33,0.3399644251631899,0.26702319635002664,0.41987708996852907,0.3114874815905744,0.028476943572615543,8.109363152379297e-4,TRUE,NH,59,1046.328193922021
7,SB,34,0.35447278979765134,0.28379345337298384,0.43213872773157896,0.3675276752767528,-0.013054885479101441,1.7043003487245367e-4,TRUE,NJ,88,1225.9826598767747
7,SB,35,0.3218344461509308,0.2559179367229335,0.39657704874329835,0.3167062549485352,0.0051281912023956044,2.6298345008327674e-5,TRUE,NM,66,1098.1409505749077
7,SB,36,0.3441814602988343,0.279634822291428,0.4108455359410653,0.34244946492271106,0.0017319953761232298,2.9998079829122486e-6,TRUE,NY,125,1663.8942521753079
7,SB,37,0.3389498176550205,0.26895730469362455,0.41098174718402136,0.30879199428162973,0.03015782337339079,9.094943106206359e-4,TRUE,NC,99,1383.9557027175983
7,SB,38,0.31536576339047295,0.24162436295307188,0.397733394222382,0.3009079118028534,0.01445785158761953,2.0902947252963256e-4,TRUE,ND,46,822.0891805998695
7,SB,39,0.288419269583806,0.22377378774971868,0.35518486727496723,0.3185703185703186,-0.030151048986512607,9.09085754987083e-4,TRUE,OH,102,1350.3125097431553
7,SB,40,0.2675071997438371,0.20061603910282336,0.33288649767206835,0.28644240570846075,-0.01893520596462367,3.5854202492271976e-4,TRUE,OK,73,1040.9432361029872
7,SB,41,0.2886923576968275,0.22989648472453234,0.34907649794661405,0.3165644171779141,-0.02787205948108662,7.768516997172305e-4,TRUE,OR,119,1815.8730658977997
7,SB,42,0.3416244394405372,0.2839187197858061,0.4029724673394977,0.3404605263157895,0.0011639131247477286,1.3546937619600215e-6,TRUE,PA,131,1852.5582596468635
7,SB,44,0.38674177858645004,0.3010646744025279,0.47727186383319864,0.3433667781493868,0.043375000437063216,0.0018813906629152341,TRUE,RI,40,698.763140593412
7,SB,45,0.28951416690197473,0.21729427914829247,0.36509811097510836,0.31290849673202614,-0.023394329830051408,5.472946681972331e-4,TRUE,SC,89,1281.927471648029
7,SB,46,0.30620901472775325,0.23821964710516802,0.38057476802324,0.2953846153846154,0.010824399343137836,1.1716762113972281e-4,TRUE,SD,46,764.6137873364029
7,SB,47,0.3426741427075162,0.27537481069105896,0.42091258933275166,0.327212020033389,0.015462122674127221,2.3907723758975912e-4,TRUE,TN,90,1273.8898206879753
7,SB,48,0.33665273230820986,0.28603877366290686,0.3877400677943079,0.33565823888404533,9.94493424164522e-4,9.890171707064759e-7,TRUE,TX,251,3514.9087574194496
7,SB,49,0.2785490701705778,0.22305519214812974,0.3366761211773863,0.2304,0.04814907017057779,0.002318332958291224,TRUE,UT,118,1872.8993198095436
7,SB,50,0.349855613978252,0.2773236407567011,0.4283048605960005,0.33587786259541985,0.013977751382832138,1.9537753372026573e-4,TRUE,VT,63,1202.4509445785166
7,SB,51,0.30567641299229703,0.2487863091823188,0.36418187700791604,0.2716180371352785,0.03405837585701854,0.0011599729660179434,TRUE,VA,135,1950.2735485232488
7,SB,53,0.3045400490902767,0.25036948400613657,0.36289307748621585,0.32831683168316833,-0.02377678259289162,5.65335390469634e-4,TRUE,WA,171,2564.793185538184
7,SB,54,0.3322190765390516,0.26349537416894125,0.4122768109251451,0.27807486631016043,0.054144210228891154,0.0029315955013103617,TRUE,WV,56,911.6562870992557
7,SB,55,0.3442999831034518,0.2766949842917993,0.4191663374578697,0.3069958847736626,0.037304098329789204,0.0013915957521985817,TRUE,WI,88,1291.1684800864803
7,SB,56,0.27162152044224697,0.203307729652893,0.345872457161195,0.2782152230971129,-0.006593702654865918,4.347691470078586e-5,TRUE,WY,34,583.4303882763805
8,SB,01,0.3360288846009912,0.2671077851041183,0.406706830280375,0.3007135575942915,0.03531532700669965,0.0012471723215901295,TRUE,AL,74,1050.690748495988
8,SB,04,0.24898160009131973,0.19396013744598095,0.3027154425102479,0.28578919769271105,-0.03680759760139132,0.0013547992411859482,TRUE,AZ,134,1932.688692332469
8,SB,05,0.2869934853039246,0.21518090811927926,0.35660307304292516,0.2849035187287174,0.002089966575207214,4.3679602854833705e-6,TRUE,AR,50,733.4942162706812
8,SB,06,0.33758775599112917,0.2924897195434393,0.38647207128752625,0.3766891891891892,-0.03910143319806003,0.0015289220781423511,TRUE,CA,318,4484.583101817463
8,SB,08,0.27247116476939326,0.21630695288229282,0.3365926448506305,0.2865264354747015,-0.014055270705308265,1.9755063459949668e-4,TRUE,CO,103,1541.0947681309815
8,SB,09,0.31645925715816936,0.24360203533470756,0.39519262988060544,0.3638113570741097,-0.04735209991594036,0.002242221366449199,TRUE,CT,58,868.1582402591531
8,SB,10,0.31272552504289214,0.25195581452086685,0.37882577031899134,0.3221957040572792,-0.00947017901438707,8.968429056453726e-5,TRUE,DE,86,1569.2979106840119
8,SB,11,0.3569338059764943,0.2793134604599884,0.4410559868283054,0.2659758203799655,0.09095798559652885,0.008273355143778348,FALSE,DC,53,997.5036964654316
8,SB,12,0.34167739277305137,0.28564388247780526,0.40064462980022936,0.35494880546075086,-0.013271412687699491,1.7613039472723103e-4,TRUE,FL,177,2482.4035694099643
8,SB,13,0.33258493621701585,0.2723312689502741,0.39349144773036526,0.3376770538243626,-0.005092117607346736,2.5929661727050642e-5,TRUE,GA,129,1830.583867246974
8,SB,16,0.2539305287920117,0.19556908654171792,0.30935536727881463,0.27474747474747474,-0.020816945955463018,4.333452389126681e-4,TRUE,ID,88,1436.23976464121
8,SB,17,0.34850057796946926,0.28660036907840036,0.4169945442698175,0.3270967741935484,0.021403803775920882,4.58122816078125e-4,TRUE,IL,92,1274.7077797821667
8,SB,18,0.3284441892463828,0.2604170818792822,0.4014361888424257,0.3194805194805195,0.008963669765863325,8.034737567145227e-5,TRUE,IN,76,1069.1994235358882
8,SB,19,0.30621205943279506,0.24241291838743786,0.3795258096238765,0.28534031413612565,0.02087174529666941,4.356297517290416e-4,TRUE,IA,62,950.8975264520009
8,SB,20,0.26557710784237737,0.19904640486231526,0.33446214198200686,0.2644787644787645,0.0010983433636128637,1.2063581443924194e-6,TRUE,KS,65,977.8736181366428
8,SB,21,0.32905719423877455,0.2659624735819327,0.4006903790556807,0.3541300527240773,-0.025072858485302774,6.286482326240193e-4,TRUE,KY,70,1025.0703928955545
8,SB,22,0.38593517942300887,0.30683552382575907,0.48091852483693653,0.40809248554913297,-0.0221573061261241,4.909462147667765e-4,TRUE,LA,59,856.8882775002937
8,SB,23,0.30677279143354,0.2322491910126413,0.38622327298057557,0.2982456140350877,0.008527177398452324,7.271275438467614e-5,TRUE,ME,71,1183.0554137271686
8,SB,24,0.3222767546258245,0.2621111776081155,0.38170423106023155,0.30939226519337015,0.012884489432454349,1.660100679350278e-4,TRUE,MD,115,1688.6116989709612
8,SB,25,0.35923924501473725,0.30095184031787897,0.42288509176882183,0.3460096411355115,0.013229603879225726,1.7502241880122438e-4,TRUE,MA,127,1898.0318174668307
8,SB,26,0.35624846668021587,0.29604602522369716,0.42540285461069316,0.40276356192425794,-0.04651509524404207,0.002163654085562305,TRUE,MI,131,1942.095916401568
8,SB,27,0.2977204788241182,0.2384929203505347,0.36081862092937533,0.31893004115226337,-0.021209562328145193,4.4984553415147575e-4,TRUE,MN,112,1610.9222720753805
8,SB,28,0.3799441366583969,0.3038727544969293,0.46880071414526103,0.33690476190476193,0.04303937475363495,0.0018523877791838297,TRUE,MS,46,698.3941054777073
8,SB,29,0.30382512735802664,0.2418764433035442,0.3713373478163201,0.31070496083550914,-0.0068798334774825,4.733210867788895e-5,TRUE,MO,68,959.0987565764133
8,SB,30,0.29434456500028744,0.22952444078352338,0.36601727160772113,0.27586206896551724,0.0184824960347702,3.416026596752962e-4,TRUE,MT,67,1172.1609278469512
8,SB,31,0.2493307023891115,0.18499883805953457,0.31197147521089896,0.2688553682342502,-0.019524665845138706,3.812125763643259e-4,TRUE,NE,67,1038.1919125982213
8,SB,32,0.3067585972931169,0.24472840133696416,0.3800171845411535,0.3879310344827586,-0.08117243718964173,0.006588964559306332,FALSE,NV,80,1260.9549191931158
8,SB,33,0.2791667140186394,0.21283166891525246,0.3454331694888628,0.3114874815905744,-0.03232076757193497,0.0010446320164390433,TRUE,NH,95,1604.3357133312725
8,SB,34,0.30774647662863847,0.24663575076968283,0.3704646497243817,0.3675276752767528,-0.05978119864811432,0.0035737917118053054,TRUE,NJ,128,1791.14943355417
8,SB,35,0.30700339427674855,0.2482204654780209,0.3747721212743479,0.3167062549485352,-0.009702860671786662,9.41455052161043e-5,TRUE,NM,88,1457.3181823082284
8,SB,36,0.37717944219979577,0.31883999097598625,0.4479448552473501,0.34244946492271106,0.03472997727708471,0.0012061713216668204,TRUE,NY,141,1952.228279141762
8,SB,37,0.2954840330484092,0.23319791807697812,0.3579221570329377,0.30879199428162973,-0.013307961233220533,1.7710183218490056e-4,TRUE,NC,112,1519.4528583308243
8,SB,38,0.3006408762231032,0.22656898963350108,0.3821447884382297,0.3009079118028534,-2.6703557975021885e-4,7.130800085253549e-8,TRUE,ND,38,650.8998149472131
8,SB,39,0.3473717213709389,0.2816121551392417,0.4200716125697712,0.3185703185703186,0.028801402800620324,8.295208032835802e-4,TRUE,OH,90,1241.3286251676627
8,SB,40,0.2757576029068662,0.21140001560297866,0.340408116641267,0.28644240570846075,-0.010684802801594562,1.14165010908963e-4,TRUE,OK,80,1146.383018673564
8,SB,41,0.2641723207094747,0.20030841466775834,0.3278430063297608,0.3165644171779141,-0.0523920964684394,0.00274493177235826,TRUE,OR,87,1312.7958616574956
8,SB,42,0.3315084111136107,0.27690529381548035,0.3920837761879279,0.3404605263157895,-0.008952115202178812,8.0140366593081e-5,TRUE,PA,133,1846.3359791770372
8,SB,44,0.3209295681213833,0.24829297551741492,0.39825185052995926,0.3433667781493868,-0.02243721002800353,5.034283938407421e-4,TRUE,RI,53,881.6055890015365
8,SB,45,0.33035700122641093,0.25996921312867954,0.4080975089236259,0.31290849673202614,0.017448504494384787,3.044503090905661e-4,TRUE,SC,75,1099.8102118557306
8,SB,46,0.2944218738693631,0.22614234807557398,0.37141564161881524,0.2953846153846154,-9.6274151525233e-4,9.268712251903523e-7,TRUE,SD,35,594.2764618266642
8,SB,47,0.3310404701888143,0.2710745148528457,0.4016956803255811,0.327212020033389,0.003828450155425267,1.4657030592575752e-5,TRUE,TN,87,1210.922728731921
8,SB,48,0.32885877198720104,0.2823177282946562,0.3782951969744339,0.33565823888404533,-0.006799466896844297,4.6232750081281416e-5,TRUE,TX,251,3513.6847974669577
8,SB,49,0.24562898144597542,0.1936550617576143,0.2983297615132693,0.2304,0.015228981445975426,2.3192187588186376e-4,TRUE,UT,135,2186.9589344971632
8,SB,50,0.3521191019280354,0.28339249485744633,0.43269975646941516,0.33587786259541985,0.016241239332615565,2.637778550592989e-4,TRUE,VT,68,1285.1024358342308
8,SB,51,0.28358588185557443,0.22102430154265892,0.3414060986946176,0.2716180371352785,0.01196784472029594,1.432293072491154e-4,TRUE,VA,118,1703.9415063603367
8,SB,53,0.3350571282207823,0.2763814680265334,0.3982593553234869,0.32831683168316833,0.006740296537613988,4.543159741497111e-5,TRUE,WA,165,2565.6801977505534
8,SB,54,0.28411654331067987,0.21861999358555767,0.35125458673390964,0.27807486631016043,0.006041677000519441,3.650186097860559e-5,TRUE,WV,59,913.5696596066607
8,SB,55,0.2891465470044077,0.22448098825040502,0.35607289616458815,0.3069958847736626,-0.017849337769254903,3.185988588009496e-4,TRUE,WI,88,1240.1614627610054
8,SB,56,0.25251372313398346,0.19017506805472237,0.31652125616725096,0.2782152230971129,-0.025701499963129426,6.605671003547419e-4,TRUE,WY,44,766.0432138592013
9,SB,01,0.3315745901487937,0.27133465904622095,0.39564761153055816,0.3007135575942915,0.030861032554502177,9.524033303300432e-4,TRUE,AL,57,835.0344875703191
9,SB,04,0.31981619214710716,0.26977148602543977,0.37358287655332134,0.28578919769271105,0.03402699445439611,0.0011578363515995036,TRUE,AZ,113,1664.1093406732532
9,SB,05,0.3194787028794656,0.2621188341919123,0.38456264900004067,0.2849035187287174,0.03457518415074823,0.0011954433590581515,TRUE,AR,63,948.8661184465218
9,SB,06,0.37356650326234897,0.33028012121908423,0.42016012161160543,0.3766891891891892,-0.0031226859268402296,9.751167397686023e-6,TRUE,CA,329,4734.865669916093
9,SB,08,0.2843767536668607,0.23010660136221278,0.33195107380804395,0.2865264354747015,-0.0021496818078408086,4.621131874961727e-6,TRUE,CO,115,1692.4074608628919
9,SB,09,0.3702062428867016,0.3044655213097919,0.4450518466268107,0.3638113570741097,0.0063948858125918995,4.089456455608916e-5,TRUE,CT,55,831.8715991993403
9,SB,10,0.3191350908913233,0.25819684410827737,0.37921173961037286,0.3221957040572792,-0.0030606131659559055,9.36735295162263e-6,TRUE,DE,66,1196.948556931922
9,SB,11,0.31362343856697267,0.24258874743751366,0.38182373494543853,0.2659758203799655,0.04764761818700719,0.0022702955188948185,TRUE,DC,59,1067.6306158880382
9,SB,12,0.3528712636688641,0.30375146406804165,0.40675483680391483,0.35494880546075086,-0.002077541791886739,4.316179897035962e-6,TRUE,FL,204,2873.4308454202537
9,SB,13,0.32916291001642434,0.2737993120262002,0.3831282783454003,0.3376770538243626,-0.008514143807938246,7.249064478225318e-5,TRUE,GA,114,1605.8419116525122
9,SB,16,0.2946567003925307,0.24377824902516784,0.3460444681370972,0.27474747474747474,0.019909225645055983,3.9637726578575484e-4,TRUE,ID,84,1410.8415671909063
9,SB,17,0.34295466845381756,0.2909391201827448,0.40349190423966386,0.3270967741935484,0.01585789426026918,2.5147281036987817e-4,TRUE,IL,98,1371.656338852571
9,SB,18,0.3202031784859748,0.26218232976495615,0.3810093508171788,0.3194805194805195,7.226590054553172e-4,5.222360381656682e-7,TRUE,IN,65,920.6179724303872
9,SB,19,0.3147976040801618,0.2651692498698781,0.37445940359929863,0.28534031413612565,0.029457289944036125,8.677319308470118e-4,TRUE,IA,80,1228.19638082222
9,SB,20,0.31759300130323936,0.2634332522617876,0.3784549314615421,0.2644787644787645,0.05311423682447486,0.002821122153446401,TRUE,KS,79,1232.4143360171756
9,SB,21,0.32708224161034777,0.2780253894292597,0.3817937168123072,0.3541300527240773,-0.02704781111372956,7.315840860439922e-4,TRUE,KY,88,1288.9234118174504
9,SB,22,0.3351246087882856,0.27399887708676174,0.403444026133679,0.40809248554913297,-0.07296787676084737,0.00532431103898621,FALSE,LA,60,853.6708030841378
9,SB,23,0.27726786681771126,0.20405742316727493,0.35065730389241556,0.2982456140350877,-0.02097774721737644,4.4006587831614503e-4,TRUE,ME,66,1097.2202556986667
9,SB,24,0.3097825587287151,0.24992310478459978,0.3629310173615239,0.30939226519337015,3.9029353534492106e-4,1.5232904373203714e-7,TRUE,MD,98,1423.0310409456208
9,SB,25,0.3566173271041162,0.30132275560683536,0.4166678109446782,0.3460096411355115,0.010607685968604674,1.1252300160853249e-4,TRUE,MA,123,1819.5484764322025
9,SB,26,0.35457471305249544,0.304250622697197,0.4142793262717849,0.40276356192425794,-0.0481888488717625,0.0023221651555855663,TRUE,MI,141,2089.4961168026207
9,SB,27,0.33062922742227774,0.27819978886209723,0.39447097308387324,0.31893004115226337,0.011699186270014372,1.368709593804928e-4,TRUE,MN,106,1579.1692867192005
9,SB,28,0.32878759486162323,0.2651812685872923,0.38978310343747813,0.33690476190476193,-0.008117167043138696,6.5888400806217e-5,TRUE,MS,48,709.9200562601483
9,SB,29,0.3033606877303778,0.24919036054730032,0.3519997124240255,0.31070496083550914,-0.00734427310513136,5.393834744275583e-5,TRUE,MO,87,1226.1006872058447
9,SB,30,0.2901411277120041,0.23455709839370437,0.34630938435284386,0.27586206896551724,0.014279058746486883,2.0389151868562358e-4,TRUE,MT,65,1124.169955861304
9,SB,31,0.2968726399205851,0.24128883111104588,0.3483532277885111,0.2688553682342502,0.028017271686334888,7.849675127459026e-4,TRUE,NE,65,1039.809597209689
9,SB,32,0.3225216798777948,0.26913405975315496,0.37792728746255133,0.3879310344827586,-0.06540935460496383,0.004278383669837903,FALSE,NV,82,1275.2415491411198
9,SB,33,0.3342495519210858,0.2708959779929171,0.40692142714981816,0.3114874815905744,0.02276207033051142,5.181118457311482e-4,TRUE,NH,68,1199.4434506363277
9,SB,34,0.35532740252319295,0.3020170586320036,0.4159817397249378,0.3675276752767528,-0.012200272753559838,1.4884665526125455e-4,TRUE,NJ,112,1587.9676648346863
9,SB,35,0.30732858511538463,0.24873337991717734,0.3612518268730631,0.3167062549485352,-0.009377669833150581,8.794069149958245e-5,TRUE,NM,77,1260.2107112597166
9,SB,36,0.36662567266940554,0.311592370782915,0.42599009203012406,0.34244946492271106,0.02417620774669449,5.844890210113306e-4,TRUE,NY,113,1567.2531580697178
9,SB,37,0.31823641231829064,0.26121629077783404,0.37601843984543837,0.30879199428162973,0.009444418036660907,8.919703205120585e-5,TRUE,NC,99,1362.55222359256
9,SB,38,0.2870559709585822,0.2164789789703056,0.3508266239105952,0.3009079118028534,-0.013851940844271216,1.9187626515318915e-4,TRUE,ND,44,754.7765020894528
9,SB,39,0.3169717535655811,0.26147295334320436,0.3695303053958278,0.3185703185703186,-0.0015985650047374844,2.5554100743713537e-6,TRUE,OH,98,1309.9898265352638
9,SB,40,0.30316373628828536,0.24750092728400735,0.3578743349238829,0.28644240570846075,0.01672133057982461,2.796028963597777e-4,TRUE,OK,63,910.4925836478728
9,SB,41,0.32768805896013514,0.27609531178006064,0.3898814865811755,0.3165644171779141,0.011123641782221028,1.2373540649917339e-4,TRUE,OR,104,1604.6999627228458
9,SB,42,0.34293761714913806,0.2938474763701304,0.40544709204872087,0.3404605263157895,0.002477090833348572,6.1359789966595225e-6,TRUE,PA,130,1857.0240120593444
9,SB,44,0.3610630451199232,0.29823352546087767,0.43121193360144544,0.3433667781493868,0.01769626697053639,3.131578646924972e-4,TRUE,RI,63,1107.2934458319005
9,SB,45,0.3317326299225676,0.26766980134681384,0.40247177020377006,0.31290849673202614,0.018824133190541437,3.543479903752437e-4,TRUE,SC,82,1186.7310835646133
9,SB,46,0.2974290342078491,0.24042308174068935,0.354926460850593,0.2953846153846154,0.0020444188232336957,4.1796483247922495e-6,TRUE,SD,45,746.6278148853141
9,SB,47,0.312967653161198,0.2610842430503782,0.3672596009583182,0.327212020033389,-0.014244366872190994,2.0290198758957226e-4,TRUE,TN,78,1096.9230146565449
9,SB,48,0.32594675839462506,0.2810228424747631,0.3702585090983939,0.33565823888404533,-0.009711480489420277,9.43128532963907e-5,TRUE,TX,284,3988.984341710574
9,SB,49,0.2856509249242947,0.23457617194002484,0.3336194632120737,0.2304,0.05525092492429473,0.0030526647049900525,FALSE,UT,125,1975.5936286953602
9,SB,50,0.325694237484833,0.261880296066183,0.3949270152059358,0.33587786259541985,-0.010183625110586847,1.0370622039297497e-4,TRUE,VT,64,1219.1112013044235
9,SB,51,0.29360269353510937,0.24019609761627086,0.3438189690457336,0.2716180371352785,0.021984656399830882,4.8332511701862493e-4,TRUE,VA,115,1657.4385082790568
9,SB,53,0.3062420424709979,0.2549201429482941,0.36135786202012254,0.32831683168316833,-0.02207478921217043,4.8729631876175605e-4,TRUE,WA,178,2689.741010849409
9,SB,54,0.2733228726790751,0.21155531877374273,0.32530769600902665,0.27807486631016043,-0.004751993631085305,2.2581443469875303e-5,TRUE,WV,63,963.446410696658
9,SB,55,0.30338341790635476,0.24402383377615222,0.36379125532397333,0.3069958847736626,-0.0036124668673078175,1.3049916867396757e-5,TRUE,WI,79,1123.448747475489
9,SB,56,0.30136970648458994,0.24946859371678198,0.3597862423017041,0.2782152230971129,0.023154483387477054,5.361301009409509e-4,TRUE,WY,54,962.6393707184898
10,SB,01,0.29933741817513865,0.23328301268287258,0.36594620966963753,0.3007135575942915,-0.0013761394191528775,1.893759700946419e-6,TRUE,AL,64,900.2110085361296
10,SB,04,0.28166493709880014,0.22471631379848037,0.3359319254030095,0.28578919769271105,-0.004124260593910911,1.7009525446486383e-5,TRUE,AZ,135,1984.793314795837
10,SB,05,0.3070685498745583,0.24882578713938974,0.3701964144225709,0.2849035187287174,0.022165031145840897,4.91288605696097e-4,TRUE,AR,76,1150.3222359074957
10,SB,06,0.3806051723448399,0.3349334340227249,0.428656012503368,0.3766891891891892,0.003915983155650726,1.533492407534022e-5,TRUE,CA,351,5053.090939309258
10,SB,08,0.2929596940993389,0.2408044566780983,0.35054774416886203,0.2865264354747015,0.006433258624637395,4.1386816531471424e-5,TRUE,CO,105,1555.757342200547
10,SB,09,0.3625947386838172,0.288197936446128,0.4414900503598258,0.3638113570741097,-0.0012166183902925232,1.4801603075979703e-6,TRUE,CT,66,976.9083640489894
10,SB,10,0.3624188729626084,0.2935627523680344,0.44495414471353306,0.3221957040572792,0.040223168905329176,0.0016179033167866399,TRUE,DE,66,1216.0879719710433
10,SB,11,0.2868195038171548,0.21753404103188168,0.3567332770959004,0.2659758203799655,0.020843683437189342,4.344591392297613e-4,TRUE,DC,71,1308.1511011771051
10,SB,12,0.34230077214430893,0.2857619714765437,0.4020630431306804,0.35494880546075086,-0.012648033316441931,1.5997274677382508e-4,TRUE,FL,170,2426.3572928609683
10,SB,13,0.29646675167070086,0.23701040052192954,0.35625114292273485,0.3376770538243626,-0.041210302153661726,0.0016982890035960963,TRUE,GA,117,1648.3373409956787
10,SB,16,0.2929818684510466,0.23503407265760562,0.35124912608592707,0.27474747474747474,0.018234393703571883,3.3249311373686195e-4,TRUE,ID,80,1344.9710929553503
10,SB,17,0.30376429549430095,0.24275614805531176,0.3598985516071188,0.3270967741935484,-0.023332478699247428,5.444045622508349e-4,TRUE,IL,104,1422.747962110033
10,SB,18,0.3201509476557529,0.2580507701703222,0.3897257130228848,0.3194805194805195,6.704281752334396e-4,4.494739381468395e-7,TRUE,IN,80,1122.840446013692
10,SB,19,0.3239968072900642,0.2625725857149496,0.3891108511334462,0.28534031413612565,0.03865649315393854,0.0014943244629604974,TRUE,IA,75,1120.8352160165753
10,SB,20,0.27517829051108517,0.20825311912917976,0.33853351901287976,0.2644787644787645,0.010699526032320661,1.144798573163075e-4,TRUE,KS,65,997.5967642394346
10,SB,21,0.31372673429136577,0.25588272756673125,0.37514842209807275,0.3541300527240773,-0.040403318432711555,0.0016324281403750894,TRUE,KY,71,1047.2300818454778
10,SB,22,0.33647278742728476,0.26519521401937624,0.4202688497601448,0.40809248554913297,-0.07161969812184821,0.005129381159064667,TRUE,LA,50,734.446893322186
10,SB,23,0.316123861599571,0.23452590622280278,0.4014417090312955,0.2982456140350877,0.017878247564483307,3.196317359769533e-4,TRUE,ME,66,1089.5932988908548
10,SB,24,0.28659377703054895,0.22326081279076146,0.3447938968019055,0.30939226519337015,-0.022798488162821207,5.197710625102987e-4,TRUE,MD,108,1584.9291263958683
10,SB,25,0.38600900653849296,0.32631336838439373,0.4478311070539853,0.3460096411355115,0.039999365402981435,0.0015999492326412281,TRUE,MA,136,2107.0311792105795
10,SB,26,0.3503029332328768,0.29634558842911707,0.41265353075579386,0.40276356192425794,-0.05246062869138113,0.0027521175626949606,TRUE,MI,147,2122.610358814003
10,SB,27,0.33269797866634526,0.2722928536293421,0.3999526108573974,0.31893004115226337,0.013767937514081896,1.8955610339166357e-4,TRUE,MN,95,1380.2906731498015
10,SB,28,0.30073626974548623,0.23423393914446583,0.36973817576011847,0.33690476190476193,-0.0361684921592757,0.0013081598250755879,TRUE,MS,51,733.4710774566788
10,SB,29,0.310965310722779,0.2552322989875058,0.37398029512892894,0.31070496083550914,2.6034988726986175e-4,6.778206380142972e-8,TRUE,MO,72,1019.4821577645729
10,SB,30,0.29490569939440114,0.2305283316220491,0.35893739014451875,0.27586206896551724,0.019043630428883906,3.6265985991191304e-4,TRUE,MT,62,1099.8427356473694
10,SB,31,0.32151348104009675,0.2654792518683432,0.3847625225536025,0.2688553682342502,0.052658112805846535,0.002772876844273259,TRUE,NE,72,1180.7340782397146
10,SB,32,0.356297211426556,0.29360026307905795,0.42996998886362964,0.3879310344827586,-0.031633823056202603,0.0010006987611511353,TRUE,NV,72,1142.8860806038629
10,SB,33,0.3244953414908579,0.2539286194564143,0.39740622213692633,0.3114874815905744,0.013007859900283525,1.692044191854041e-4,TRUE,NH,79,1333.122856138272
10,SB,34,0.3300457136156137,0.26694553826661893,0.3958510228815411,0.3675276752767528,-0.037481961661139096,0.0014048974499671011,TRUE,NJ,98,1370.6589956973592
10,SB,35,0.29034943151139864,0.22691416872708375,0.35641982945327183,0.3167062549485352,-0.02635682343713658,6.94682141696392e-4,TRUE,NM,69,1108.1182945955818
10,SB,36,0.3639095345219451,0.3066948606043832,0.4235910951595846,0.34244946492271106,0.021460069599234022,4.6053458720396825e-4,TRUE,NY,131,1802.6279257081626
10,SB,37,0.32636781266299136,0.26200176733666036,0.3980682252691823,0.30879199428162973,0.01757581838136163,3.0890939177460934e-4,TRUE,NC,107,1513.3469062284992
10,SB,38,0.3222297149146035,0.24865998123235739,0.4023856063264464,0.3009079118028534,0.02132180311175008,4.546192879362355e-4,TRUE,ND,38,677.8979245370925
10,SB,39,0.31024231984953116,0.2489368787528844,0.37418564775377827,0.3185703185703186,-0.008327998720787433,6.935556269343712e-5,TRUE,OH,99,1331.4952452053078
10,SB,40,0.2903771445360821,0.22511556436549557,0.3528080179519665,0.28644240570846075,0.0039347388276213535,1.5482169641591063e-5,TRUE,OK,68,964.6292172253435
10,SB,41,0.3304708557512419,0.2757385616308601,0.39087345337392243,0.3165644171779141,0.013906438573327795,1.933890337937392e-4,TRUE,OR,127,1970.0839494913848
10,SB,42,0.30657134633432387,0.2520379663698331,0.3592882972200087,0.3404605263157895,-0.03388917998146562,0.0011484765198161702,TRUE,PA,136,1876.6536714472875
10,SB,44,0.35791611015530694,0.2836652631827128,0.4378766006702369,0.3433667781493868,0.014549332005920124,2.1168306181849168e-4,TRUE,RI,50,856.6275643485849
10,SB,45,0.2862610817399401,0.22084991466874812,0.3541739042185773,0.31290849673202614,-0.02664741499208606,7.10084725760453e-4,TRUE,SC,93,1334.805921349629
10,SB,46,0.3420473254816849,0.2758473389318527,0.4251412101239047,0.2953846153846154,0.046662710097069515,0.002177408513603153,TRUE,SD,37,629.9653892356407
10,SB,47,0.2869859609625949,0.22980834080834356,0.3432622550338532,0.327212020033389,-0.04022605907079413,0.0016181358283670186,TRUE,TN,83,1149.153146238045
10,SB,48,0.3505706958332303,0.3012772164458682,0.4031131277471621,0.33565823888404533,0.014912456949184971,2.2238137226129515e-4,TRUE,TX,259,3644.473198510064
10,SB,49,0.27552525519820886,0.21778849044085824,0.331239796047081,0.2304,0.04512525519820887,0.0020362886567034766,TRUE,UT,111,1749.1105609876017
10,SB,50,0.32236093096138896,0.2489965492806853,0.39864623813779554,0.33587786259541985,-0.013516931634030893,1.8270744079906508e-4,TRUE,VT,51,917.8047123478544
10,SB,51,0.2990370880647089,0.2465818340754034,0.3536547182899751,0.2716180371352785,0.027419050929430422,7.518043538706993e-4,TRUE,VA,127,1847.7405702630326
10,SB,53,0.2991676391853239,0.24440826370417046,0.35728641379363923,0.32831683168316833,-0.029149192497844423,8.496754232763896e-4,TRUE,WA,175,2623.726339820685
10,SB,54,0.29008641588501394,0.22826332174413486,0.35235208491015235,0.27807486631016043,0.012011549574853508,1.442773231891635e-4,TRUE,WV,57,891.3182445341691
10,SB,55,0.3449936619938557,0.28150415078051017,0.4197331768293136,0.3069958847736626,0.03799777722019315,0.0014438310736754297,TRUE,WI,84,1220.7267351190908
10,SB,56,0.2796101399983192,0.21658386586565204,0.34078999557621437,0.2782152230971129,0.0013949169012063,1.9457931612709867e-6,TRUE,WY,42,763.2838153460707
1,MRP,01,0.331352597299674,0.29350710344267106,0.35742715262078245,0.3007135575942915,0.030639039705382454,9.387507540680025e-4,TRUE,AL,72,990.995991853708
1,MRP,04,0.3109596044874506,0.2782343781237266,0.3380888465881245,0.28578919769271105,0.02517040679473953,6.335493782126699e-4,TRUE,AZ,142,2083.2050904597972
1,MRP,05,0.3190764622223336,0.2824139452880459,0.349255046345041,0.2849035187287174,0.034172943493616215,0.0011677900670178868,TRUE,AR,46,671.1368062878959
1,MRP,06,0.33358453615398637,0.3005659719750785,0.3590619206945241,0.3766891891891892,-0.04310465303520283,0.0018580111132852207,FALSE,CA,300,4289.591789158838
1,MRP,08,0.30999786186428574,0.2770482209494726,0.3388172714884868,0.2865264354747015,0.023471426389584216,5.509078567616703e-4,TRUE,CO,125,1877.7070497365498
1,MRP,09,0.32378204821590445,0.2935116487711019,0.3614187455341572,0.3638113570741097,-0.04002930885820527,0.001602345567665591,FALSE,CT,61,908.3560027465476
1,MRP,10,0.32368755975995817,0.29804431721408464,0.3608473149736822,0.3221957040572792,0.001491855702678957,2.2256334376157243e-6,TRUE,DE,67,1266.9294675534663
1,MRP,11,0.34599284954896126,0.2984893877687996,0.3788086474136827,0.2659758203799655,0.08001702916899578,0.006402724957031921,FALSE,DC,50,899.4664213641361
1,MRP,12,0.3328620057847344,0.30746234602223754,0.3690395495164788,0.35494880546075086,-0.022086799676016455,4.878267199284806e-4,TRUE,FL,217,3049.265273921742
1,MRP,13,0.34305429796601583,0.31122832893978813,0.3733948125174223,0.3376770538243626,0.005377244141653248,2.8914754558944174e-5,TRUE,GA,114,1616.8005337782563
1,MRP,16,0.3054142916030101,0.27418881864982914,0.3375190877188368,0.27474747474747474,0.03066681685553535,9.40453656050947e-4,TRUE,ID,76,1301.3098209911368
1,MRP,17,0.3283112643077505,0.29967879293317556,0.36301494619712404,0.3270967741935484,0.0012144901142021047,1.4749862374946414e-6,TRUE,IL,118,1669.63954442939
1,MRP,18,0.3124789096705467,0.2801606913123594,0.34520239001537467,0.3194805194805195,-0.007001609809972775,4.9022539931107005e-5,TRUE,IN,97,1357.1894958847893
1,MRP,19,0.3004229307560222,0.2698821105793242,0.32898065647623526,0.28534031413612565,0.015082616619896572,2.274853241027803e-4,TRUE,IA,80,1213.8238179740317
1,MRP,20,0.30734835622622764,0.2730185310790311,0.3358665272071991,0.2644787644787645,0.04286959174746313,0.001837801896594159,FALSE,KS,66,1008.9569420091326
1,MRP,21,0.32002967980404734,0.2909126387488427,0.35614444595104067,0.3541300527240773,-0.03410037292002999,0.0011628354332851145,TRUE,KY,65,963.0183385360598
1,MRP,22,0.34236237968062677,0.30533409588685917,0.37433660330690716,0.40809248554913297,-0.0657301058685062,0.004320446817485032,FALSE,LA,60,854.6248037980355
1,MRP,23,0.28803032346997015,0.2598278220715886,0.3202916862188228,0.2982456140350877,-0.010215290565117552,1.0435216132977967e-4,TRUE,ME,61,1051.7497827690847
1,MRP,24,0.33929770543888815,0.30608772334466516,0.37020057045895566,0.30939226519337015,0.029905440245518,8.943353562782477e-4,TRUE,MD,109,1605.0378687534212
1,MRP,25,0.31145365088336835,0.28392942773140195,0.342858506010403,0.3460096411355115,-0.034555990252143176,0.0011941164623062142,FALSE,MA,121,1828.8192380499327
1,MRP,26,0.3224051794684751,0.2985217984808515,0.3629088750396692,0.40276356192425794,-0.08035838245578286,0.006457469630909871,FALSE,MI,146,2115.0175167507286
1,MRP,27,0.30361954261256785,0.27851990566331,0.34061858102231224,0.31893004115226337,-0.015310498539695516,2.3441136553401854e-4,TRUE,MN,98,1446.5927385881441
1,MRP,28,0.35255121213942,0.3164130904474422,0.3871089459973065,0.33690476190476193,0.01564645023465805,2.448114049456309e-4,TRUE,MS,39,582.6251147496225
1,MRP,29,0.3125845806430694,0.27591072419960505,0.3392771113167558,0.31070496083550914,0.00187961980756024,3.5329706209727932e-6,TRUE,MO,85,1192.6229894747892
1,MRP,30,0.28821009015859095,0.2527468318728986,0.31273134440883804,0.27586206896551724,0.01234802119307371,1.524736273845975e-4,TRUE,MT,79,1351.1463458676883
1,MRP,31,0.30945160296348634,0.27991345224237224,0.3423385428960136,0.2688553682342502,0.040596234729236125,0.0016480542741912373,FALSE,NE,64,1058.7503872757975
1,MRP,32,0.3229355671324797,0.2898665977104844,0.35245504800659355,0.3879310344827586,-0.06499546735027895,0.004224410776081176,FALSE,NV,74,1123.3857122694822
1,MRP,33,0.2970411597038217,0.2706024512809046,0.33237389005053697,0.3114874815905744,-0.014446321886752655,2.086962160556688e-4,TRUE,NH,75,1298.550526541381
1,MRP,34,0.33490225777201416,0.30906321284083693,0.3703193181914221,0.3675276752767528,-0.03262541750473863,0.0010644178673585058,TRUE,NJ,103,1455.332120930462
1,MRP,35,0.33718458011227115,0.3061618042359344,0.37474084865799095,0.3167062549485352,0.020478325163735933,4.193618015117003e-4,TRUE,NM,78,1316.1536655794296
1,MRP,36,0.3247610662651106,0.2955597030847094,0.35463454282763807,0.34244946492271106,-0.017688398657600468,3.1287944707020205e-4,TRUE,NY,123,1661.0998210098694
1,MRP,37,0.3346527378609353,0.3042785460743694,0.3649652790349699,0.30879199428162973,0.025860743579305567,6.687780584745942e-4,TRUE,NC,104,1475.7593188758162
1,MRP,38,0.30642875745870285,0.2788807389291465,0.34288224929169564,0.3009079118028534,0.005520845655849427,3.0479736755711487e-5,TRUE,ND,49,871.8795877549137
1,MRP,39,0.3190939549776076,0.291683075246887,0.3500563554507472,0.3185703185703186,5.236364072890298e-4,2.7419508703856274e-7,TRUE,OH,96,1294.45871502274
1,MRP,40,0.3261184931702509,0.2877019257746041,0.35606391381321617,0.28644240570846075,0.03967608746179013,0.0015741919162756202,FALSE,OK,71,1050.8391264739776
1,MRP,41,0.29582313945360744,0.26150687661642874,0.32506979261996444,0.3165644171779141,-0.020741277724306673,4.3020060163682016e-4,TRUE,OR,109,1655.2815414622523
1,MRP,42,0.31474519381212573,0.28754742864914207,0.3464772865757198,0.3404605263157895,-0.025715332503663757,6.612783257739858e-4,TRUE,PA,147,2060.867817206735
1,MRP,44,0.3109944236017978,0.278708674051554,0.3400977618767272,0.3433667781493868,-0.03237235454758902,0.0010479693389548075,FALSE,RI,69,1147.063741686034
1,MRP,45,0.3223084418842217,0.2919999756281259,0.3554154890700917,0.31290849673202614,0.009399945152195555,8.835896886428471e-5,TRUE,SC,83,1207.7645355569744
1,MRP,46,0.2963770929175049,0.26229100706333,0.3292046132721164,0.2953846153846154,9.92477532889502e-4,9.850116532904323e-7,TRUE,SD,48,779.385662893915
1,MRP,47,0.31923910606520706,0.28166407766600476,0.3515877250157286,0.327212020033389,-0.00797291396818195,6.356735714403084e-5,TRUE,TN,77,1095.303162303359
1,MRP,48,0.3422538143731353,0.3061602757753709,0.3693976149471675,0.33565823888404533,0.006595575489089955,4.350161603228421e-5,TRUE,TX,223,3133.6720041483063
1,MRP,49,0.3091792852295944,0.27810254476731744,0.3389069737660665,0.2304,0.07877928522959443,0.006206175781285795,FALSE,UT,107,1717.1532008630898
1,MRP,50,0.29002917804133155,0.26019025297390463,0.32108535493904466,0.33587786259541985,-0.045848684554088304,0.0021021018753402954,FALSE,VT,55,1004.7792704029811
1,MRP,51,0.3183992720407489,0.28470101306168477,0.345679241359099,0.2716180371352785,0.046781234905470426,0.0021884839392808044,FALSE,VA,129,1866.511363597658
1,MRP,53,0.3116900934830292,0.28480036906654566,0.3414536231803667,0.32831683168316833,-0.016626738200139157,2.764484231759667e-4,TRUE,WA,186,2817.7484332429945
1,MRP,54,0.30225255044722205,0.2723869414331053,0.3351865809437072,0.27807486631016043,0.024177684137061617,5.84560410231521e-4,TRUE,WV,63,998.6958248566079
1,MRP,55,0.30181497239472505,0.27348756967784177,0.33246237991417166,0.3069958847736626,-0.00518091237893753,2.6841853078228137e-5,TRUE,WI,82,1173.8443741165736
1,MRP,56,0.29655256937454283,0.2628675791469684,0.3260736098247022,0.2782152230971129,0.018337346277429944,3.3625826849837385e-4,TRUE,WY,39,683.0910284061732
2,MRP,01,0.3339744337975982,0.264198377902961,0.4089360588806836,0.3007135575942915,0.0332608762033067,0.001106285885811694,TRUE,AL,68,995.649971249108
2,MRP,04,0.25962991951107744,0.20005778816091624,0.32074501785494136,0.28578919769271105,-0.026159278181633605,6.84307834984092e-4,TRUE,AZ,117,1707.5329427312176
2,MRP,05,0.29979227803595826,0.22484057005324243,0.3765614875447525,0.2849035187287174,0.014888759307240873,2.2167515370895172e-4,TRUE,AR,51,752.3928399104523
2,MRP,06,0.364755052589574,0.3174996076146298,0.41147234520051784,0.3766891891891892,-0.011934136599615175,1.4242361637827446e-4,TRUE,CA,322,4618.918979154124
2,MRP,08,0.27754079200247056,0.214918848593882,0.336999280657779,0.2865264354747015,-0.008985643472230964,8.074178861004694e-5,TRUE,CO,107,1594.28481305953
2,MRP,09,0.33375646107126383,0.2673168316804298,0.4066513024730671,0.3638113570741097,-0.030054896002845888,9.032967737418817e-4,TRUE,CT,73,1089.9604668439538
2,MRP,10,0.287624661631416,0.22858048731828845,0.35522967733780203,0.3221957040572792,-0.03457104242586323,0.0011951569744108354,TRUE,DE,75,1342.246549895721
2,MRP,11,0.3054145787993879,0.24144973839035164,0.3715104287600347,0.2659758203799655,0.039438758419422404,0.0015554156656655616,TRUE,DC,67,1217.2012862533363
2,MRP,12,0.3063503750135757,0.25437235492129834,0.35785944748114257,0.35494880546075086,-0.048598430447175156,0.002361807441928921,TRUE,FL,203,2787.6546501178927
2,MRP,13,0.3149716325748659,0.2560712009249215,0.3764263656783443,0.3376770538243626,-0.022705421249496704,5.155361541170965e-4,TRUE,GA,141,1992.9478904583598
2,MRP,16,0.3364266661953107,0.27269662298549957,0.4066679838167712,0.27474747474747474,0.06167919144783596,0.0038043226576588004,TRUE,ID,87,1503.0521521111687
2,MRP,17,0.33062226132437866,0.2686129136574993,0.39765128074068956,0.3270967741935484,0.003525487130830285,1.2429059509649953e-5,TRUE,IL,122,1681.3263455665522
2,MRP,18,0.3120375826999317,0.25392634036103173,0.3751001715233236,0.3194805194805195,-0.007442936780587772,5.539730791982627e-5,TRUE,IN,95,1342.3040595173163
2,MRP,19,0.3284491459962457,0.2581486331636853,0.4007957140114045,0.28534031413612565,0.043108831860120045,0.001858371384344101,TRUE,IA,64,976.581360043162
2,MRP,20,0.3038549945886432,0.23948662498781062,0.3685419199541701,0.2644787644787645,0.039376230109878674,0.001550487497666116,TRUE,KS,80,1209.0909967902996
2,MRP,21,0.34909854731047296,0.27886749494987856,0.42941789563664967,0.3541300527240773,-0.005031505413604365,2.5316046727130028e-5,TRUE,KY,77,1162.4805016068271
2,MRP,22,0.3896938531839093,0.3139577988891423,0.472696754116228,0.40809248554913297,-0.018398632365223655,3.385096729106554e-4,TRUE,LA,65,963.835081439526
2,MRP,23,0.2921265090295789,0.22872447037958624,0.36072660746395074,0.2982456140350877,-0.006119105005508829,3.744344606844321e-5,TRUE,ME,72,1216.6595924292958
2,MRP,24,0.2989482926172617,0.23580998624710447,0.359507109574532,0.30939226519337015,-0.010443972576108462,1.0907656317050563e-4,TRUE,MD,112,1608.8686247501848
2,MRP,25,0.3350038331283505,0.28194122865633436,0.39576983498066703,0.3460096411355115,-0.011005808007161,1.2112780989048918e-4,TRUE,MA,142,2129.0106904539043
2,MRP,26,0.33801053988358504,0.28059625352138523,0.4070247350325424,0.40276356192425794,-0.0647530220406729,0.004192953863399871,TRUE,MI,141,2028.9713165885473
2,MRP,27,0.2912005311665668,0.2319936697814571,0.35883230079829515,0.31893004115226337,-0.027729509985696565,7.689257240468455e-4,TRUE,MN,92,1331.1723053259425
2,MRP,28,0.32490403833511494,0.250897646949425,0.3981760478567726,0.33690476190476193,-0.012000723569646987,1.4401736619508072e-4,TRUE,MS,60,901.6288552540187
2,MRP,29,0.29109120476126404,0.22434982156034863,0.35676332226707225,0.31070496083550914,-0.019613756074245092,3.8469942733998627e-4,TRUE,MO,84,1163.5511984161094
2,MRP,30,0.2767785590159202,0.20990165458466756,0.34577072824038974,0.27586206896551724,9.164900504029516e-4,8.399540124876048e-7,TRUE,MT,64,1094.3365173467537
2,MRP,31,0.2865252740990615,0.21894605592148403,0.3510750751226559,0.2688553682342502,0.017669905864811264,3.122255732712915e-4,TRUE,NE,75,1213.8662023201211
2,MRP,32,0.34705135303984985,0.27710904703107386,0.426558588349836,0.3879310344827586,-0.040879681442908766,0.0016711483548736993,TRUE,NV,64,1011.4541636402428
2,MRP,33,0.2993819237174241,0.2344748809060574,0.3681302254309463,0.3114874815905744,-0.012105557873150263,1.4654453142019032e-4,TRUE,NH,82,1381.5362157664063
2,MRP,34,0.39234123116258357,0.3188574989920239,0.4856366230302684,0.3675276752767528,0.024813555885830785,6.157125556992476e-4,TRUE,NJ,74,1090.5948928887703
2,MRP,35,0.323663805845924,0.2532641794381097,0.39263039811209915,0.3167062549485352,0.006957550897388809,4.840751448975582e-5,TRUE,NM,82,1353.131220923858
2,MRP,36,0.31337706719049374,0.2581384795893196,0.3690585514578347,0.34244946492271106,-0.029072397732217314,8.452043099002345e-4,TRUE,NY,148,2002.0219004323005
2,MRP,37,0.27489607988204046,0.20498206459120563,0.3430417401727004,0.30879199428162973,-0.03389591439958928,0.0011489330129842838,TRUE,NC,84,1114.8546883003255
2,MRP,38,0.28197459217585474,0.20743918139173217,0.35938729835351874,0.3009079118028534,-0.01893331962699868,3.5847059209809343e-4,TRUE,ND,38,650.0063142938156
2,MRP,39,0.32157388071329523,0.2558677552587121,0.3886866136565978,0.3185703185703186,0.0030035621429766457,9.021385546722461e-6,TRUE,OH,97,1326.5561670638942
2,MRP,40,0.27368265068969383,0.20057649161839838,0.34160492633147044,0.28644240570846075,-0.012759755018766916,1.628113481389475e-4,TRUE,OK,64,899.6015317801957
2,MRP,41,0.3390335684278215,0.2715143198773162,0.41322685343014215,0.3165644171779141,0.022469151249907393,5.04862757891215e-4,TRUE,OR,95,1492.4694642038096
2,MRP,42,0.35977936096493535,0.2958750639393494,0.4308523892730298,0.3404605263157895,0.019318834649145855,3.7321737220103845e-4,TRUE,PA,121,1712.138409956175
2,MRP,44,0.3343602348227726,0.26602229208761446,0.4173648774884047,0.3433667781493868,-0.009006543326614214,8.111782269417902e-5,TRUE,RI,52,906.8236073958067
2,MRP,45,0.30947738081550125,0.24613360391308756,0.3717044152071026,0.31290849673202614,-0.003431115916524896,1.1772556432630478e-5,TRUE,SC,100,1457.8652217542647
2,MRP,46,0.2874522132086009,0.21472627954923917,0.36647036931293114,0.2953846153846154,-0.007932402176014486,6.292300428203934e-5,TRUE,SD,38,635.0843658230615
2,MRP,47,0.3332574776728126,0.2674136631470669,0.40995976011251134,0.327212020033389,0.0060454576394236015,3.6547558070065184e-5,TRUE,TN,81,1162.5165432651725
2,MRP,48,0.3238336427681903,0.2777224842618135,0.3746382789148688,0.33565823888404533,-0.011824596115855013,1.3982107330309346e-4,TRUE,TX,242,3443.2350295082006
2,MRP,49,0.23850888102777473,0.17592888950340188,0.2974066185441767,0.2304,0.00810888102777474,6.575395152260511e-5,TRUE,UT,101,1573.0412049881527
2,MRP,50,0.3398316314576971,0.26857755149754686,0.4257595346038721,0.33587786259541985,0.003953768862277274,1.563228821631333e-5,TRUE,VT,50,948.9130820159605
2,MRP,51,0.2732805585026219,0.21237369953938234,0.33665261334885954,0.2716180371352785,0.0016625213673434058,2.763977296873388e-6,TRUE,VA,113,1617.2851587668797
2,MRP,53,0.302893713276523,0.24705664314712136,0.3569842027523385,0.32831683168316833,-0.02542311840664535,6.463349495183096e-4,TRUE,WA,171,2595.21090343394
2,MRP,54,0.2855795275158193,0.2242131536658687,0.35042655634870457,0.27807486631016043,0.007504661205658847,5.63199398117209e-5,TRUE,WV,76,1175.1942308316388
2,MRP,55,0.30908258220021245,0.24767650348649928,0.3786221712741904,0.3069958847736626,0.0020866974265498772,4.35430614996988e-6,TRUE,WI,79,1133.99587264568
2,MRP,56,0.29049301604576766,0.22072887078892656,0.3660639590326491,0.2782152230971129,0.012277792948654775,1.5074419969003693e-4,TRUE,WY,40,697.6755487549432
3,MRP,01,0.32653443030477775,0.2687570177202321,0.38142833350291605,0.3007135575942915,0.02582087271048622,6.66717467531132e-4,TRUE,AL,76,1082.361559791973
3,MRP,04,0.3138360564253597,0.2627471558184465,0.36847847742222545,0.28578919769271105,0.028046858732648672,7.866262847691511e-4,TRUE,AZ,126,1858.176227982662
3,MRP,05,0.3117430860155504,0.24989328553542603,0.3615712108328297,0.2849035187287174,0.02683956728683301,7.203623721444367e-4,TRUE,AR,62,924.7789729490361
3,MRP,06,0.31048711767242054,0.26455935786701723,0.3502499174914596,0.3766891891891892,-0.06620207151676866,0.0043827142731113515,FALSE,CA,318,4487.148422100378
3,MRP,08,0.33490461946564093,0.28775064155046115,0.3938148641670131,0.2865264354747015,0.048378183990939405,0.0023404486862611856,FALSE,CO,107,1641.6281863549573
3,MRP,09,0.3423361524840819,0.29274422853934295,0.41236276660009064,0.3638113570741097,-0.02147520459002783,4.611844121835524e-4,TRUE,CT,50,770.8399450575271
3,MRP,10,0.31100681372377464,0.2537395855528537,0.3593798025723559,0.3221957040572792,-0.011188890333504564,1.2519126689519188e-4,TRUE,DE,61,1101.4849871378892
3,MRP,11,0.3433533142760617,0.28378657586972394,0.39207854838972056,0.2659758203799655,0.07737749389609622,0.0059872765616404075,FALSE,DC,70,1303.4355762302796
3,MRP,12,0.3282254566738198,0.2838331624713295,0.3772655317188885,0.35494880546075086,-0.026723348786931056,7.141373703879695e-4,TRUE,FL,201,2817.0435186544155
3,MRP,13,0.34720137085689284,0.2918510843556429,0.40291728745427985,0.3376770538243626,0.00952431703253026,9.071261493614603e-5,TRUE,GA,114,1637.0904272966088
3,MRP,16,0.3087931691423402,0.2565219040373374,0.36155872031924347,0.27474747474747474,0.03404569439486543,0.0011591093068285716,TRUE,ID,79,1330.2835356750884
3,MRP,17,0.3661593711993814,0.31524418167045554,0.43728586379251866,0.3270967741935484,0.03906259700583303,0.001525886484840116,TRUE,IL,113,1616.8209354039295
3,MRP,18,0.31219740564561926,0.25533819541852587,0.36108877299889264,0.3194805194805195,-0.007283113834900212,5.304374713211488e-5,TRUE,IN,82,1146.539578449271
3,MRP,19,0.3029833391988198,0.24707238742953647,0.35562765849754197,0.28534031413612565,0.017643025062694162,3.1127633336285434e-4,TRUE,IA,68,1012.3067251682717
3,MRP,20,0.29206375582652583,0.21913784564727473,0.34195616971072346,0.2644787644787645,0.027584991347761323,7.60931747656067e-4,TRUE,KS,65,941.2143768147198
3,MRP,21,0.34644463254610647,0.29781636309687587,0.4141161045084923,0.3541300527240773,-0.007685420177970859,5.9065683311961624e-5,TRUE,KY,74,1130.1597292298113
3,MRP,22,0.35850490588643075,0.3059631803495512,0.4206949368792847,0.40809248554913297,-0.04958757966270222,0.0024589280568048386,TRUE,LA,68,981.2745355242912
3,MRP,23,0.29224328800161137,0.24167289253168414,0.3420938465230255,0.2982456140350877,-0.006002326033476335,3.6027917812147754e-5,TRUE,ME,76,1254.5115529860466
3,MRP,24,0.3633813778220671,0.3132395321205192,0.4265119232194072,0.30939226519337015,0.053989112628696934,0.002914824282434123,FALSE,MD,95,1436.40626173891
3,MRP,25,0.3292887054649193,0.2832225060628083,0.3846008888863501,0.3460096411355115,-0.01672093567059224,2.79589689700084e-4,TRUE,MA,125,1876.0343533946539
3,MRP,26,0.33157607635766145,0.28916911914921534,0.3832816226660739,0.40276356192425794,-0.07118748556659649,0.0050676581012943835,FALSE,MI,150,2177.0702336058184
3,MRP,27,0.2966655803620419,0.24350420325096883,0.3433014498300858,0.31893004115226337,-0.022264460790221485,4.9570621427931e-4,TRUE,MN,117,1699.021959182508
3,MRP,28,0.3477131551028257,0.2928523779647467,0.4031281237936417,0.33690476190476193,0.01080839319806376,1.1682136352395094e-4,TRUE,MS,65,956.039240696255
3,MRP,29,0.2983637571149719,0.2270821536103251,0.34637356908833816,0.31070496083550914,-0.012341203720537264,1.5230530927180281e-4,TRUE,MO,69,959.670891954068
3,MRP,30,0.2932422447520767,0.2349080627789995,0.3409521012355414,0.27586206896551724,0.017380175786559482,3.0207051037170853e-4,TRUE,MT,56,967.8362461815135
3,MRP,31,0.32575143777511234,0.27762405004055307,0.38549068628653804,0.2688553682342502,0.056896069540862126,0.003237162729198619,FALSE,NE,68,1105.838915393289
3,MRP,32,0.34757998848034344,0.296870930015708,0.41583955169401476,0.3879310344827586,-0.04035104600241518,0.001628206913489026,TRUE,NV,72,1119.7751303419982
3,MRP,33,0.32108098608409313,0.274708389308141,0.3839270243076679,0.3114874815905744,0.009593504493518756,9.203532846716457e-5,TRUE,NH,91,1584.9371317221035
3,MRP,34,0.3614658344518502,0.31557555714412255,0.42935901011719213,0.3675276752767528,-0.006061840824902576,3.674591418645554e-5,TRUE,NJ,108,1543.8386723079716
3,MRP,35,0.33522023388050637,0.2884462056310965,0.38981166500120445,0.3167062549485352,0.018513978931971153,3.4276741589347174e-4,TRUE,NM,98,1627.1349195823493
3,MRP,36,0.32859874191114624,0.2777830259564023,0.3829231726899606,0.34244946492271106,-0.013850723011564814,1.9184252794309106e-4,TRUE,NY,112,1523.0986618341274
3,MRP,37,0.3379539397948568,0.28412005377142524,0.3930013753525054,0.30879199428162973,0.02916194551322704,8.504190661164226e-4,TRUE,NC,95,1311.4234693211438
3,MRP,38,0.29184134949235174,0.2278245676593094,0.3434414971235993,0.3009079118028534,-0.00906656231050168,8.220255213020956e-5,TRUE,ND,51,864.8992242106422
3,MRP,39,0.34148514187470147,0.2946159799147162,0.3993769492255191,0.3185703185703186,0.02291482330438288,5.250891270710887e-4,TRUE,OH,83,1151.6125015539817
3,MRP,40,0.32132510454547925,0.26257872327056975,0.37363284766807825,0.28644240570846075,0.0348826988370185,0.0012168026781541317,TRUE,OK,66,956.0397935492573
3,MRP,41,0.3148992914609224,0.2676239814972355,0.36719571931876355,0.3165644171779141,-0.0016651257169917333,2.772643653387234e-6,TRUE,OR,107,1646.1286805090951
3,MRP,42,0.3265070026894508,0.2840245772824992,0.37110123727038946,0.3404605263157895,-0.01395352362633867,1.9470082159079148e-4,TRUE,PA,143,2003.19948642815
3,MRP,44,0.32069465983244405,0.2671008723069245,0.37769307056721996,0.3433667781493868,-0.02267211831694277,5.140249489774518e-4,TRUE,RI,39,660.7148759966722
3,MRP,45,0.3337924660870556,0.2795684381998841,0.39522468360472085,0.31290849673202614,0.020883969355029453,4.361401760218093e-4,TRUE,SC,71,1041.012531216092
3,MRP,46,0.31250219264060286,0.25586491356098673,0.3734521831346936,0.2953846153846154,0.01711757725598745,2.930114511146988e-4,TRUE,SD,36,618.058983516861
3,MRP,47,0.32947589653965254,0.2792896630301809,0.39055439765310646,0.327212020033389,0.002263876506263529,5.125136835611963e-6,TRUE,TN,80,1137.5746924373777
3,MRP,48,0.3610684185216118,0.32102977537240773,0.4087110506951316,0.33565823888404533,0.025410179637566477,6.45677229213398e-4,TRUE,TX,262,3769.2755372977604
3,MRP,49,0.30062240595685125,0.2493777997711738,0.3454025580404356,0.2304,0.07022240595685125,0.004931186298368818,FALSE,UT,119,1882.6942398841568
3,MRP,50,0.3190894987326482,0.2694731720020802,0.379799917565427,0.33587786259541985,-0.01678836386277166,2.8184916118881737e-4,TRUE,VT,58,1092.1409630769176
3,MRP,51,0.32622891981750424,0.276350353166996,0.3804478963408618,0.2716180371352785,0.05461088268222575,0.0029823485073318242,FALSE,VA,120,1740.6369895349294
3,MRP,53,0.3162039043734069,0.27051493754975936,0.3631249128876929,0.32831683168316833,-0.012112927309761434,1.4672300801156436e-4,TRUE,WA,194,2950.3543622280263
3,MRP,54,0.2979397080422208,0.2369691310473527,0.3518199728945295,0.27807486631016043,0.01986484173206038,3.9461193703980757e-4,TRUE,WV,56,887.6985762955791
3,MRP,55,0.3060592533136376,0.25629567639388395,0.3541781183895925,0.3069958847736626,-9.366314600249837e-4,8.772784919085326e-7,TRUE,WI,92,1316.697163297052
3,MRP,56,0.3133272282542522,0.2611966734570716,0.3760331762638645,0.2782152230971129,0.0351120051571393,0.001232852906154977,TRUE,WY,40,707.0633057905497
4,MRP,01,0.331875244616943,0.291466665125675,0.3634963051223251,0.3007135575942915,0.031161687022651485,9.710507380976859e-4,TRUE,AL,69,976.9706995971427
4,MRP,04,0.3140671213150949,0.2823811530905404,0.3466665715428872,0.28578919769271105,0.02827792362238385,7.996409643933745e-4,TRUE,AZ,136,1976.6503733610334
4,MRP,05,0.3223259585597568,0.2834190990061114,0.352885615474999,0.2849035187287174,0.037422439831039433,0.0014004390029077668,TRUE,AR,69,1024.3350830388158
4,MRP,06,0.3455614434246196,0.31916721194308084,0.38087440250313664,0.3766891891891892,-0.031127745764569614,9.689365563836815e-4,TRUE,CA,329,4771.472234193188
4,MRP,08,0.30875256782687727,0.2689072919607273,0.33376556500831306,0.2865264354747015,0.022226132352175743,4.940009593364332e-4,TRUE,CO,120,1774.0728873737787
4,MRP,09,0.32418146227766126,0.2873011723318895,0.3570353521065718,0.3638113570741097,-0.03962989479644846,0.001570528561577573,FALSE,CT,71,1050.8487960385298
4,MRP,10,0.31649357886083795,0.2860286917338396,0.3477499386786156,0.3221957040572792,-0.0057021251964412545,3.2514231755890216e-5,TRUE,DE,82,1492.4380984598408
4,MRP,11,0.3435241356462276,0.30369123896945677,0.37563613431572995,0.2659758203799655,0.0775483152662621,0.00601374120063558,FALSE,DC,55,1020.9806293819595
4,MRP,12,0.3207105131153439,0.29187985445686504,0.3532074057503152,0.35494880546075086,-0.034238292345406984,0.0011722606627295544,FALSE,FL,185,2568.6048184774477
4,MRP,13,0.3374245496800936,0.3006400639095252,0.37549576139240337,0.3376770538243626,-2.525041442689724e-4,6.375834287300603e-8,TRUE,GA,131,1859.6790579061765
4,MRP,16,0.3048389286593684,0.2666781753015803,0.33430296105628377,0.27474747474747474,0.030091453911893662,9.054955985316204e-4,TRUE,ID,78,1288.0687166073956
4,MRP,17,0.32697269572583537,0.28995668174412015,0.36456241328422445,0.3270967741935484,-1.240784677130069e-4,1.5395466150007695e-8,TRUE,IL,105,1442.020280637396
4,MRP,18,0.3182777720455329,0.28545084102984813,0.35013559686421947,0.3194805194805195,-0.0012027474349865508,1.4466013923667272e-6,TRUE,IN,79,1086.7153759561454
4,MRP,19,0.31178512928205016,0.27734797769974157,0.3474643834518392,0.28534031413612565,0.026444815145924505,6.993282481021181e-4,TRUE,IA,83,1259.9735157707782
4,MRP,20,0.30758832340462605,0.2561028713763715,0.33724153192508183,0.2644787644787645,0.043109558925861546,0.001858434070782329,TRUE,KS,64,962.7327514325294
4,MRP,21,0.32144266905160657,0.28059463344632807,0.3554138483919676,0.3541300527240773,-0.03268738367247076,0.001068465051351308,TRUE,KY,74,1086.5667589219402
4,MRP,22,0.3424371553454379,0.3082300272500021,0.386619469020809,0.40809248554913297,-0.06565533020369507,0.004310622384156235,FALSE,LA,54,780.8749328399027
4,MRP,23,0.2976137112300254,0.2660409038975156,0.33271579645999383,0.2982456140350877,-6.319028050623121e-4,3.9930115504561843e-7,TRUE,ME,73,1231.9278628735347
4,MRP,24,0.3317215177420502,0.29672085137389625,0.36279681209282044,0.30939226519337015,0.022329252548680067,4.985955193827353e-4,TRUE,MD,120,1800.9743811577357
4,MRP,25,0.3201496101383777,0.29089439338041967,0.36052171849129505,0.3460096411355115,-0.0258600309971338,6.687412031727209e-4,TRUE,MA,113,1729.2216600035297
4,MRP,26,0.32232494267697,0.2912068300740228,0.35760593481773,0.40276356192425794,-0.08043861924728796,0.006470371466410165,FALSE,MI,128,1845.2400847755168
4,MRP,27,0.3072669202369333,0.2724901620999646,0.3419470609102665,0.31893004115226337,-0.01166312091533006,1.3602838948560951e-4,TRUE,MN,90,1336.7693695261235
4,MRP,28,0.33536413176986757,0.2931872409779711,0.3691570989064853,0.33690476190476193,-0.0015406301348943607,2.373541212544616e-6,TRUE,MS,65,969.758276584829
4,MRP,29,0.32747671318719884,0.29722275665247516,0.3674758048308187,0.31070496083550914,0.016771752351689706,2.8129167694640917e-4,TRUE,MO,77,1124.3374441005867
4,MRP,30,0.31252031301847044,0.28421786726283255,0.3596472732749264,0.27586206896551724,0.036658244052953204,0.001343826857045879,FALSE,MT,62,1102.7906874497696
4,MRP,31,0.31259092112956166,0.27182168167604054,0.34402175111912114,0.2688553682342502,0.04373555289531145,0.0019127985870585854,FALSE,NE,81,1285.068749446911
4,MRP,32,0.32366162489405603,0.2916030901361785,0.3595036050428766,0.3879310344827586,-0.06426940958870259,0.004130557008880416,FALSE,NV,73,1126.499739325239
4,MRP,33,0.30831861367290714,0.27676468922404934,0.35158091288629384,0.3114874815905744,-0.0031688679176672396,1.0041723879620707e-5,TRUE,NH,86,1509.1002274970504
4,MRP,34,0.32645211325656975,0.2927261291111211,0.3556505776876471,0.3675276752767528,-0.04107556202018303,0.0016872017952739027,FALSE,NJ,107,1492.11409575083
4,MRP,35,0.31305837683555526,0.2613672407660836,0.34560163357446394,0.3167062549485352,-0.003647878112979952,1.3307014727158176e-5,TRUE,NM,74,1173.5931987850984
4,MRP,36,0.32921621767933607,0.29659643367927047,0.3643498943548194,0.34244946492271106,-0.01323324724337499,1.7511883260429179e-4,TRUE,NY,127,1688.502929961134
4,MRP,37,0.3299276064081283,0.2885701171880599,0.36380106081947056,0.30879199428162973,0.02113561212649856,4.46714099961793e-4,TRUE,NC,93,1288.8705659831119
4,MRP,38,0.3063936417659705,0.262681843964359,0.3364686106842734,0.3009079118028534,0.005485729963117081,3.0093233228240528e-5,TRUE,ND,53,888.0240021789203
4,MRP,39,0.3232697057272317,0.28966907710716033,0.3601952644956907,0.3185703185703186,0.004699387156913093,2.2084239650559723e-5,TRUE,OH,89,1233.9558835089917
4,MRP,40,0.3323929757673731,0.2987610113746651,0.3658992752367123,0.28644240570846075,0.04595057005891234,0.0021114548887390117,FALSE,OK,73,1070.788266702454
4,MRP,41,0.3093951803335058,0.2801372194685712,0.3449618405420649,0.3165644171779141,-0.007169236844408289,5.139795693122132e-5,TRUE,OR,109,1670.573282785925
4,MRP,42,0.3224657744773241,0.29498161785023486,0.36338957722791276,0.3404605263157895,-0.017994751838465384,3.238110937279533e-4,TRUE,PA,126,1777.9600416642022
4,MRP,44,0.32042249952491086,0.2880992127797233,0.3617183795046842,0.3433667781493868,-0.022944278624475956,5.264399215975842e-4,TRUE,RI,51,856.4122702822658
4,MRP,45,0.3151482750899236,0.27833406247518744,0.3441529349465602,0.31290849673202614,0.0022397783578974595,5.01660709250584e-6,TRUE,SC,82,1179.3920125264353
4,MRP,46,0.30782220594397514,0.269914241666631,0.3441624578736585,0.2953846153846154,0.012437590559359724,1.5469365892227413e-4,TRUE,SD,35,595.9481543359432
4,MRP,47,0.3215099061067849,0.29022966802012656,0.3524885448316121,0.327212020033389,-0.00570211392660408,3.25141032319722e-5,TRUE,TN,94,1337.796300753815
4,MRP,48,0.3430517473287813,0.3117547200291273,0.3752309982308747,0.33565823888404533,0.007393508444735963,5.4663967122382004e-5,TRUE,TX,250,3505.69868187267
4,MRP,49,0.31478439012759335,0.2712669158809298,0.34484058163069675,0.2304,0.08438439012759336,0.007120725297205875,FALSE,UT,107,1710.0564635339383
4,MRP,50,0.2965643388096047,0.25848593289393157,0.3276409946086879,0.33587786259541985,-0.03931352378581515,0.0015455531524578537,FALSE,VT,67,1214.7399322796048
4,MRP,51,0.32521286600790655,0.29415072515980156,0.355303009110021,0.2716180371352785,0.053594828872628064,0.0028724056818862868,FALSE,VA,113,1661.318517969816
4,MRP,53,0.3150430217672586,0.27857546860905896,0.3429277237952016,0.32831683168316833,-0.013273809915909707,1.7619402968370286e-4,TRUE,WA,177,2697.0800914078163
4,MRP,54,0.3132229396265011,0.2855475793641237,0.34727118866541506,0.27807486631016043,0.03514807331634068,0.0012353870578508596,FALSE,WV,52,854.4894613648985
4,MRP,55,0.30833387567236703,0.26833745888171473,0.3371005802973828,0.3069958847736626,0.0013379908987044553,1.790219645015956e-6,TRUE,WI,72,1028.5111329101505
4,MRP,56,0.3082803739598995,0.27641098508522516,0.35288255554515774,0.2782152230971129,0.030065150862786605,9.039132964021181e-4,TRUE,WY,45,819.7579516975666
5,MRP,01,0.32207174034087277,0.26372782352495616,0.3855082955333685,0.3007135575942915,0.021358182746581245,4.5617197023636077e-4,TRUE,AL,80,1125.1192440401585
5,MRP,04,0.330173126847696,0.2791241925024201,0.38805232751049773,0.28578919769271105,0.04438392915498496,0.0019699331672347236,TRUE,AZ,129,1927.893943101682
5,MRP,05,0.3056154444332389,0.2390663541044766,0.37319836288023694,0.2849035187287174,0.020711925704521517,4.2898386638961914e-4,TRUE,AR,59,878.4891511406599
5,MRP,06,0.3262490442151316,0.28414639730440333,0.36912020723288463,0.3766891891891892,-0.05044014497405758,0.0025442082250039457,FALSE,CA,315,4478.7280681825905
5,MRP,08,0.3126276488293187,0.26160007360892273,0.36632505734736565,0.2865264354747015,0.02610121335461718,6.812733385832462e-4,TRUE,CO,135,2014.8077720869792
5,MRP,09,0.30654257832014165,0.23815805800979528,0.3797986288015496,0.3638113570741097,-0.057268778753968075,0.003279713019970945,TRUE,CT,58,857.3119010359043
5,MRP,10,0.29128673283607043,0.22901635825772346,0.3534922708762949,0.3221957040572792,-0.03090897122120878,9.553645019535126e-4,TRUE,DE,68,1214.0505363464504
5,MRP,11,0.3111730038591215,0.24278651923847314,0.3745712827679917,0.2659758203799655,0.04519718347915602,0.002042785394448494,TRUE,DC,57,1045.1848530216457
5,MRP,12,0.3425366189720648,0.2963733132451064,0.39584309256202116,0.35494880546075086,-0.012412186488686083,1.5406237342992137e-4,TRUE,FL,202,2856.946792690901
5,MRP,13,0.31836717491812,0.2596767260082681,0.3775027424084614,0.3376770538243626,-0.019309878906242584,3.728714233737523e-4,TRUE,GA,106,1481.4197911340787
5,MRP,16,0.29252117786392373,0.23392041785116452,0.3502627668029915,0.27474747474747474,0.01777370311644899,3.1590452247166857e-4,TRUE,ID,93,1556.72034743296
5,MRP,17,0.3303594142743676,0.2739721093796664,0.39187586502343874,0.3270967741935484,0.0032626400808192235,1.0644820296968069e-5,TRUE,IL,116,1628.205591773329
5,MRP,18,0.27572998320509884,0.20902106619873273,0.3358043518145203,0.3194805194805195,-0.04375053627542064,0.0019141094243868971,TRUE,IN,85,1169.125016503987
5,MRP,19,0.28395929509074314,0.22528399067391966,0.34497000592550053,0.28534031413612565,-0.0013810190453825144,1.9072136037092313e-6,TRUE,IA,82,1238.5519026280942
5,MRP,20,0.28441056489037625,0.22315083111233977,0.34556173613625185,0.2644787644787645,0.019931800411611744,3.972766676483261e-4,TRUE,KS,89,1326.7666064913224
5,MRP,21,0.32268926949005294,0.2626739060415149,0.3933964264651555,0.3541300527240773,-0.03144078323402438,9.885228503689087e-4,TRUE,KY,73,1058.7311704671058
5,MRP,22,0.3933446239228098,0.32101476472372054,0.4848916872305223,0.40809248554913297,-0.014747861626323189,2.1749942254917605e-4,TRUE,LA,53,778.8777585184718
5,MRP,23,0.30229522191197256,0.2460487336641841,0.3689991912050212,0.2982456140350877,0.004049607876884853,1.6399323956527846e-5,TRUE,ME,56,926.7500529473978
5,MRP,24,0.3539993552109243,0.29599146148742916,0.4147154723497831,0.30939226519337015,0.04460709001755414,0.0019897924798341782,TRUE,MD,123,1849.5298534029519
5,MRP,25,0.317646896025659,0.2677771243076258,0.3760700329849459,0.3460096411355115,-0.02836274510985254,8.044453101664641e-4,TRUE,MA,131,1925.973571594856
5,MRP,26,0.3612956808639453,0.30327061052034004,0.43098755236136205,0.40276356192425794,-0.04146788106031263,0.0017195851596322348,TRUE,MI,142,2052.235799543366
5,MRP,27,0.31681535746754264,0.25720127253178543,0.38623660073790966,0.31893004115226337,-0.0021146836847207306,4.471887086424046e-6,TRUE,MN,99,1444.4568238673526
5,MRP,28,0.3562979161202009,0.2900648632392081,0.4296197219230176,0.33690476190476193,0.019393154215438968,3.760944304237982e-4,TRUE,MS,52,800.9193776654423
5,MRP,29,0.2905074737161027,0.23023687641257196,0.349070981370242,0.31070496083550914,-0.020197487119406443,4.0793848593858917e-4,TRUE,MO,93,1333.4247284227974
5,MRP,30,0.279550286428128,0.22585132937108388,0.33425063062957294,0.27586206896551724,0.0036882174626107767,1.3602948051507075e-5,TRUE,MT,77,1333.697822127363
5,MRP,31,0.31028363876205345,0.2510592735603166,0.37244855057756937,0.2688553682342502,0.041428270527803235,0.0017163015989248502,TRUE,NE,71,1156.05375357637
5,MRP,32,0.3377026256312993,0.27761117634248106,0.4061926080685789,0.3879310344827586,-0.050228408851459294,0.0025228930557493544,TRUE,NV,70,1121.167475145084
5,MRP,33,0.32760814345850453,0.26734012849885075,0.3989526419391115,0.3114874815905744,0.016120661867930153,2.5987573906013727e-4,TRUE,NH,76,1332.705856968281
5,MRP,34,0.31507974653626253,0.2520832684347545,0.3760515109963575,0.3675276752767528,-0.05244792874049026,0.002750785229167544,TRUE,NJ,83,1144.4281207722709
5,MRP,35,0.3438333195358691,0.28624193720596314,0.4091058992677546,0.3167062549485352,0.027127064587333882,7.35877633125384e-4,TRUE,NM,72,1217.4055473642768
5,MRP,36,0.2913618131082568,0.2313243054419207,0.34866324167528534,0.34244946492271106,-0.05108765181445424,0.0026099481679149094,TRUE,NY,121,1577.398576319573
5,MRP,37,0.3352231270782988,0.27715259577227447,0.40495636704346494,0.30879199428162973,0.026431132796669088,6.986047809151562e-4,TRUE,NC,84,1160.2880919885886
5,MRP,38,0.31164445019357256,0.24446439073282242,0.3881735902335676,0.3009079118028534,0.010736538390719141,1.1527325661538597e-4,TRUE,ND,40,696.6302600693929
5,MRP,39,0.3653334273876795,0.2991465399364092,0.4496305887030411,0.3185703185703186,0.0467631088173609,0.0021867883462643365,TRUE,OH,84,1196.1827917469925
5,MRP,40,0.3039396837155986,0.24123616048537347,0.3659405584086197,0.28644240570846075,0.01749727800713785,3.0615473765906995e-4,TRUE,OK,74,1074.747047145753
5,MRP,41,0.3213274634542778,0.26670544593662265,0.38539452409075375,0.3165644171779141,0.004763046276363703,2.2686609830782134e-5,TRUE,OR,96,1490.1346376190693
5,MRP,42,0.3089693183652315,0.2531948430828618,0.36808921938381156,0.3404605263157895,-0.03149120795055799,9.916961781852866e-4,TRUE,PA,127,1796.18298950704
5,MRP,44,0.32273892831890394,0.2622860199603651,0.39589098932419176,0.3433667781493868,-0.02062784983048288,4.255081886289526e-4,TRUE,RI,51,860.0221841072745
5,MRP,45,0.32526995379361195,0.26627227449642205,0.3908084794182013,0.31290849673202614,0.012361457061585812,1.5280562068542973e-4,TRUE,SC,70,1038.3782383588712
5,MRP,46,0.27912263000300624,0.215324172384496,0.3444238651063742,0.2953846153846154,-0.016261985381609168,2.6445216855167027e-4,TRUE,SD,37,595.071373322596
5,MRP,47,0.3156160199962945,0.2556697720111466,0.3797443133926652,0.327212020033389,-0.01159600003709449,1.3446721686029539e-4,TRUE,TN,95,1349.228840919637
5,MRP,48,0.34412239734177386,0.30083615630742716,0.3925271875549418,0.33565823888404533,0.008464158457728521,7.164197839753726e-5,TRUE,TX,235,3371.4862613305704
5,MRP,49,0.25624324862268516,0.19320750554585425,0.3124016932797843,0.2304,0.025843248622685167,6.678734993739188e-4,TRUE,UT,124,1979.1707796713945
5,MRP,50,0.2906261403194275,0.23305741038429725,0.35903029676954923,0.33587786259541985,-0.045251722275992334,0.0020477183689435407,TRUE,VT,55,1013.5540860857272
5,MRP,51,0.27875864261562516,0.21948867294575616,0.3316454304339765,0.2716180371352785,0.007140605480346673,5.098824662595695e-5,TRUE,VA,123,1771.0288401733974
5,MRP,53,0.2839775258467244,0.23364691270750593,0.3322209064445695,0.32831683168316833,-0.04433930583644391,0.001965974042057709,TRUE,WA,184,2769.296623630786
5,MRP,54,0.30072351610488757,0.24260154664398453,0.36371480033716796,0.27807486631016043,0.022648649794727138,5.129613375241936e-4,TRUE,WV,66,1052.3844641403825
5,MRP,55,0.28144506843187667,0.2230317951124284,0.33840081078677703,0.3069958847736626,-0.02555081634178591,6.528442157316738e-4,TRUE,WI,88,1249.28663067647
5,MRP,56,0.3147366654558434,0.25247839058075927,0.39501224387124517,0.2782152230971129,0.036521442358730505,0.0013338157519620748,TRUE,WY,49,912.0473152974934
6,MRP,01,0.29169588469933355,0.21800876216607762,0.3568460419840677,0.3007135575942915,-0.009017672894957973,8.131842444045972e-5,TRUE,AL,67,937.333459343739
6,MRP,04,0.3152276063129309,0.2600194019790618,0.3735217027423181,0.28578919769271105,0.029438408620219847,8.666199020910341e-4,TRUE,AZ,120,1763.8218276051546
6,MRP,05,0.3308072280456406,0.26271516092501307,0.40467830751411293,0.2849035187287174,0.045903709316923225,0.002107150529052584,TRUE,AR,45,684.8167851115346
6,MRP,06,0.3499936415682522,0.3068571853296397,0.39055293482611736,0.3766891891891892,-0.02669554762093701,7.126522627817157e-4,TRUE,CA,328,4689.220303596519
6,MRP,08,0.30890147678092095,0.25090533569607343,0.3665496228988178,0.2865264354747015,0.022375041306219423,5.006424734550254e-4,TRUE,CO,106,1593.2904651948256
6,MRP,09,0.3536007181971243,0.2896198488087121,0.4240797254738199,0.3638113570741097,-0.010210638876985423,1.0425714627620614e-4,TRUE,CT,73,1096.5045310535304
6,MRP,10,0.3427542640500825,0.28243126543089797,0.4067053736771963,0.3221957040572792,0.020558559992803316,4.2265438897769306e-4,TRUE,DE,77,1394.343151867968
6,MRP,11,0.3108315064699351,0.24105386606662946,0.37484696663464495,0.2659758203799655,0.04485568608996965,0.0020120325746018964,TRUE,DC,53,1014.5708195778158
6,MRP,12,0.3466716909418956,0.2947502750127558,0.4016698294307585,0.35494880546075086,-0.008277114518855266,6.851062475824464e-5,TRUE,FL,189,2686.9379026590514
6,MRP,13,0.34770240387387275,0.2926274650654109,0.4054411158645968,0.3376770538243626,0.010025350049510162,1.0050764361521342e-4,TRUE,GA,134,1903.2674939411254
6,MRP,16,0.30695442317986327,0.24391355397949863,0.3685080519777874,0.27474747474747474,0.03220694843238853,0.0010372875273265338,TRUE,ID,77,1307.8878938514251
6,MRP,17,0.3495970122741739,0.2919719251341951,0.41637598512266444,0.3270967741935484,0.022500238080625512,5.062607136848304e-4,TRUE,IL,119,1665.9054661319935
6,MRP,18,0.33628826701216813,0.27337957633534365,0.40209342248797447,0.3194805194805195,0.016807747531648654,2.825003770876414e-4,TRUE,IN,89,1269.9169464007598
6,MRP,19,0.30301257658460057,0.24138444743715962,0.3650811232328089,0.28534031413612565,0.017672262448474918,3.123088600477767e-4,TRUE,IA,66,990.8485899860362
6,MRP,20,0.29991625703325964,0.23191954941935577,0.36414364474272864,0.2644787644787645,0.03543749255449513,0.001255815878549898,TRUE,KS,67,1007.176826113528
6,MRP,21,0.35124546553727704,0.2830607097549001,0.42361584897771376,0.3541300527240773,-0.0028845871868002915,8.32084323825242e-6,TRUE,KY,74,1100.4408035545262
6,MRP,22,0.40640530247434886,0.32669856877639086,0.5039638885531152,0.40809248554913297,-0.0016871830747841043,2.8465867278379445e-6,TRUE,LA,51,756.4091090939796
6,MRP,23,0.35386017166833306,0.28889385793700073,0.4326700198488438,0.2982456140350877,0.055614557633245354,0.003092979020741569,TRUE,ME,70,1209.3004676848766
6,MRP,24,0.3167494893983872,0.25420207387136146,0.37316676174885144,0.30939226519337015,0.007357224205017054,5.412874800288883e-5,TRUE,MD,119,1723.5669218400326
6,MRP,25,0.3352872151102965,0.28014388023509573,0.39099711174071855,0.3460096411355115,-0.010722426025215004,1.1497041986620802e-4,TRUE,MA,128,1906.0052483469522
6,MRP,26,0.3784915861256457,0.3207552130427107,0.4474081336409447,0.40276356192425794,-0.024271975798612233,5.89128809168418e-4,TRUE,MI,136,1970.4005996435951
6,MRP,27,0.33783004461254645,0.27627349610197527,0.4081749048054174,0.31893004115226337,0.018900003460283088,3.572101307987127e-4,TRUE,MN,100,1488.6024507406762
6,MRP,28,0.34335841518754534,0.2778346150245117,0.4143460068577274,0.33690476190476193,0.0064536532827834114,4.16496406943811e-5,TRUE,MS,61,917.1117578350652
6,MRP,29,0.34328837974491117,0.27674295816938765,0.41573335401632777,0.31070496083550914,0.03258341890940203,0.0010616791878255776,TRUE,MO,79,1140.1195487675132
6,MRP,30,0.3267617680511541,0.2673040420665363,0.39682206172959783,0.27586206896551724,0.05089969908563685,0.002590779367008381,TRUE,MT,59,1049.4041308959424
6,MRP,31,0.2795109484870787,0.20571853917748265,0.34481382656985515,0.2688553682342502,0.010655580252828478,1.1354139052446822e-4,TRUE,NE,75,1171.5284744567382
6,MRP,32,0.3756738931209785,0.3057726126452372,0.4590703370540464,0.3879310344827586,-0.012257141361780133,1.5023751436266133e-4,TRUE,NV,65,1033.5219919353556
6,MRP,33,0.29267900074162295,0.23546288970830742,0.35064366775249023,0.3114874815905744,-0.018808480848951425,3.537589518453725e-4,TRUE,NH,81,1399.892022849054
6,MRP,34,0.3518105304621364,0.289277272348398,0.4256032324128077,0.3675276752767528,-0.01571714481461639,2.470286411236229e-4,TRUE,NJ,85,1163.5619712463433
6,MRP,35,0.37634060960662546,0.31673600862527235,0.44872561910129477,0.3167062549485352,0.05963435465809025,0.00355625625548689,FALSE,NM,85,1445.885880275946
6,MRP,36,0.37428076165076546,0.31659875621448696,0.4420424453483079,0.34244946492271106,0.031831296728054403,0.001013231451389447,TRUE,NY,136,1905.8350288688384
6,MRP,37,0.3631225384511005,0.3028232264824415,0.432610727805112,0.30879199428162973,0.05433054416947075,0.0029518080297508123,TRUE,NC,107,1513.5764132694576
6,MRP,38,0.31769627769446435,0.24887212720438615,0.39230816241413263,0.3009079118028534,0.016788365891610924,2.8184922931060504e-4,TRUE,ND,50,880.4149093552571
6,MRP,39,0.32408841137565647,0.2624566929004689,0.3916619145444511,0.3185703185703186,0.005518092805337882,3.0449348208321697e-5,TRUE,OH,101,1375.2151595489279
6,MRP,40,0.36233296357744904,0.296956954764011,0.43801939392407135,0.28644240570846075,0.0758905578689883,0.005759376773666261,FALSE,OK,67,984.9277094084468
6,MRP,41,0.3435387065362311,0.28414352303702256,0.41201015591413653,0.3165644171779141,0.026974289358316972,7.276122863862123e-4,TRUE,OR,96,1484.052019467389
6,MRP,42,0.3413408413884702,0.2841324804755774,0.4048490382737449,0.3404605263157895,8.803150726807152e-4,7.749546271888528e-7,TRUE,PA,136,1908.2565168012234
6,MRP,44,0.3107980432083503,0.24422106893176662,0.38323977080984944,0.3433667781493868,-0.032568734941036515,0.0010607224956594927,TRUE,RI,59,1014.0394343175801
6,MRP,45,0.34180486038288627,0.2828662481628518,0.411098580810126,0.31290849673202614,0.028896363650860124,8.349998322427502e-4,TRUE,SC,87,1269.4430710168895
6,MRP,46,0.2813500131114914,0.21453274728713445,0.3461292216735744,0.2953846153846154,-0.01403460227312403,1.969700609647782e-4,TRUE,SD,39,634.1985364746831
6,MRP,47,0.2981078851384957,0.229910779845456,0.362372339335258,0.327212020033389,-0.02910413489489333,8.470506679801476e-4,TRUE,TN,78,1083.5084424089605
6,MRP,48,0.3242824837180239,0.27283242838380456,0.37219589686576215,0.33565823888404533,-0.011375755166021462,1.2940780559726398e-4,TRUE,TX,249,3497.597832036657
6,MRP,49,0.3102365185658197,0.2535528409302238,0.3634248333670399,0.2304,0.07983651856581969,0.006373869696710472,FALSE,UT,130,2118.5008763575215
6,MRP,50,0.2980133695969357,0.23614469088460133,0.36223217931701174,0.33587786259541985,-0.037864492998484156,0.0014337198300322558,TRUE,VT,55,996.4100798300051
6,MRP,51,0.2783927935863528,0.2172444548043094,0.3382105110884092,0.2716180371352785,0.0067747564510743374,4.589732497137335e-5,TRUE,VA,137,1986.951280502886
6,MRP,53,0.3487054702889228,0.2931288067557421,0.40696911666677116,0.32831683168316833,0.02038863860575446,4.156965841960612e-4,TRUE,WA,169,2583.003822529
6,MRP,54,0.3267655005898578,0.2650157188225469,0.3956726551326047,0.27807486631016043,0.04869063427969739,0.0023707778665592425,TRUE,WV,58,948.829947996332
6,MRP,55,0.3210007657348831,0.25846642638160056,0.39325759492271056,0.3069958847736626,0.014004880961220545,1.9613669073795768e-4,TRUE,WI,71,1015.5508245911288
6,MRP,56,0.30421360681285853,0.23735560157390656,0.37244378351458296,0.2782152230971129,0.025998383715745643,6.759159558311482e-4,TRUE,WY,45,788.2357982172359
7,MRP,01,0.33222641329755626,0.26489513469423676,0.40801459141587104,0.3007135575942915,0.03151285570326473,9.930600745747845e-4,TRUE,AL,72,1025.2933063297826
7,MRP,04,0.31825603814058273,0.263380393721741,0.37894073587145666,0.28578919769271105,0.03246684044787168,0.0010540957286675565,TRUE,AZ,135,1976.2525840936278
7,MRP,05,0.2986848064308448,0.22477436237940668,0.3729827800617747,0.2849035187287174,0.013781287702127387,1.8992389072880757e-4,TRUE,AR,55,827.7475565579368
7,MRP,06,0.3827340101212706,0.3357927041802827,0.43094671772778653,0.3766891891891892,0.006044820932081418,3.653986010092967e-5,TRUE,CA,304,4392.6310925878015
7,MRP,08,0.25822219677183483,0.19804861777307056,0.31650839705590195,0.2865264354747015,-0.02830423870286669,8.011299285488567e-4,TRUE,CO,144,2102.1781069371154
7,MRP,09,0.38038450712864463,0.31040695714966715,0.45828346754735205,0.3638113570741097,0.016573150054534913,2.746693027301306e-4,TRUE,CT,77,1171.4478202916791
7,MRP,10,0.28632241907210104,0.22272020869725423,0.3603960766558747,0.3221957040572792,-0.03587328498517817,0.0012868925756278093,TRUE,DE,73,1291.8533401048817
7,MRP,11,0.285991775191187,0.20732789897319928,0.3588352168578301,0.2659758203799655,0.020015954811221537,4.006384470048626e-4,TRUE,DC,52,962.0100070573061
7,MRP,12,0.3557873421232168,0.30182129425339077,0.41454056265552314,0.35494880546075086,8.385366624659163e-4,7.031437342994781e-7,TRUE,FL,198,2795.0063282430087
7,MRP,13,0.30488915603930083,0.24403625014875974,0.3675051213693098,0.3376770538243626,-0.03278789778506175,0.001075046241163657,TRUE,GA,121,1689.7432264383867
7,MRP,16,0.26342374387090217,0.1963527122376645,0.32892829904706283,0.27474747474747474,-0.011323730876572569,1.2822688096504294e-4,TRUE,ID,89,1493.888274019667
7,MRP,17,0.33188209623395587,0.2663656743488308,0.3928614620808417,0.3270967741935484,0.004785322040407491,2.2899307030409718e-5,TRUE,IL,130,1806.207485941191
7,MRP,18,0.3004364140419982,0.23302423789339458,0.3652551890926931,0.3194805194805195,-0.019044105438521253,3.6267795195351477e-4,TRUE,IN,68,966.9665831291978
7,MRP,19,0.3111974805283725,0.251437127596859,0.3876806589985321,0.28534031413612565,0.025857166392246833,6.685930538363391e-4,TRUE,IA,82,1271.9600764779732
7,MRP,20,0.29555603464163827,0.21568240305747277,0.37045706069561773,0.2644787644787645,0.03107727016287376,9.657967207762437e-4,TRUE,KS,58,876.1580654945899
7,MRP,21,0.3090695546336278,0.2463290724631776,0.3779055993559845,0.3541300527240773,-0.04506049809044954,0.002030448488159407,TRUE,KY,68,987.3822947820022
7,MRP,22,0.3806194261308839,0.305240904013861,0.4606917479708636,0.40809248554913297,-0.02747305941824907,7.547689937986438e-4,TRUE,LA,53,773.4176240478615
7,MRP,23,0.2643588574129689,0.20104828025854268,0.33813587144011653,0.2982456140350877,-0.03388675662211882,0.0011483122743667137,TRUE,ME,56,908.5976939860166
7,MRP,24,0.3518793732015795,0.29176373013693474,0.4155452516877955,0.30939226519337015,0.04248710800820937,0.001805154346901249,TRUE,MD,108,1606.0597041665246
7,MRP,25,0.34852473418870283,0.2905249926969493,0.41601136064392275,0.3460096411355115,0.0025150930531913085,6.325693066211178e-6,TRUE,MA,140,2087.6125343691974
7,MRP,26,0.42093579311980645,0.3483020602768698,0.49696916428378274,0.40276356192425794,0.018172231195548505,3.3022998662446623e-4,TRUE,MI,138,2032.8091260464403
7,MRP,27,0.3360378856839628,0.2716792380968254,0.4104674783480859,0.31893004115226337,0.017107844531699445,2.926783445207986e-4,TRUE,MN,94,1400.1334833286521
7,MRP,28,0.35213264473623956,0.2724730601762495,0.43276059763053976,0.33690476190476193,0.015227882831477635,2.318884155292113e-4,TRUE,MS,57,846.0430886956841
7,MRP,29,0.2718502845956218,0.2007814794317633,0.33691968971368136,0.31070496083550914,-0.03885467623988731,0.0015096858657064633,TRUE,MO,71,1004.9337183528418
7,MRP,30,0.2936612859477342,0.23561072123244936,0.36254669101098397,0.27586206896551724,0.01779921698221698,3.168121251800414e-4,TRUE,MT,78,1373.856134887476
7,MRP,31,0.3130961121283962,0.2468274798222483,0.3842257137916259,0.2688553682342502,0.044240743894146006,0.0019572434203074173,TRUE,NE,57,932.4099882726296
7,MRP,32,0.3242262327935381,0.2570592262565486,0.3981579059458013,0.3879310344827586,-0.06370480168922049,0.00405830175826291,TRUE,NV,81,1254.0146841706141
7,MRP,33,0.327111145441541,0.2574955397824112,0.40184735628456547,0.3114874815905744,0.01562366385096664,2.4409887212800175e-4,TRUE,NH,59,1046.328193922021
7,MRP,34,0.34691197172131855,0.2870986435249978,0.42215190761759547,0.3675276752767528,-0.02061570355543424,4.2500723308554395e-4,TRUE,NJ,88,1225.9826598767747
7,MRP,35,0.3390493643125933,0.2665574714465978,0.4092600232041899,0.3167062549485352,0.02234310936405809,4.992145360542602e-4,TRUE,NM,66,1098.1409505749077
7,MRP,36,0.32610993215630907,0.26279442958009674,0.3872030062790133,0.34244946492271106,-0.016339532766401987,2.6698033102432416e-4,TRUE,NY,125,1663.8942521753079
7,MRP,37,0.34899014662768113,0.2788075311382865,0.42782273477978056,0.30879199428162973,0.0401981523460514,0.0016158914520363575,TRUE,NC,99,1383.9557027175983
7,MRP,38,0.3158143567309263,0.24441555534789194,0.3841227371606057,0.3009079118028534,0.01490644492807286,2.2220210039366908e-4,TRUE,ND,46,822.0891805998695
7,MRP,39,0.2787075919617855,0.21542696182221732,0.3435250964108236,0.3185703185703186,-0.03986272660853307,0.0015890369726666506,TRUE,OH,102,1350.3125097431553
7,MRP,40,0.2704702005028617,0.20341127889494545,0.3442397707696291,0.28644240570846075,-0.015972205205599055,2.5511133912976553e-4,TRUE,OK,73,1040.9432361029872
7,MRP,41,0.29554879894055824,0.23703838925963538,0.3609722373913376,0.3165644171779141,-0.02101561823735587,4.416562098982847e-4,TRUE,OR,119,1815.8730658977997
7,MRP,42,0.34078554495232966,0.27902943192096064,0.40480367550273544,0.3404605263157895,3.2501863654016416e-4,1.0563711409842733e-7,TRUE,PA,131,1852.5582596468635
7,MRP,44,0.35533321225333614,0.28337263823879155,0.4510720196148159,0.3433667781493868,0.01196643410394932,1.4319554516416136e-4,TRUE,RI,40,698.763140593412
7,MRP,45,0.2949952067334313,0.22801734381862246,0.3600487103017535,0.31290849673202614,-0.017913289998594817,3.208859585737571e-4,TRUE,SC,89,1281.927471648029
7,MRP,46,0.3077596857183934,0.23569889254313509,0.3903216031442355,0.2953846153846154,0.012375070333777993,1.5314236576595219e-4,TRUE,SD,46,764.6137873364029
7,MRP,47,0.348303430616807,0.2486020999857341,0.42956151990953306,0.327212020033389,0.021091410583418013,4.448476003983174e-4,TRUE,TN,90,1273.8898206879753
7,MRP,48,0.3381588324058129,0.2901080586576617,0.3854988644380921,0.33565823888404533,0.002500593521767569,6.2529679611059336e-6,TRUE,TX,251,3514.9087574194496
7,MRP,49,0.2842828774546656,0.22659866897777112,0.34301096139565246,0.2304,0.05388287745466558,0.0029033644827945082,TRUE,UT,118,1872.8993198095436
7,MRP,50,0.3330865759149982,0.26709710477267185,0.4057009683104564,0.33587786259541985,-0.0027912866804216674,7.791281332299412e-6,TRUE,VT,63,1202.4509445785166
7,MRP,51,0.30775136965482564,0.25175650841665315,0.36730065232944786,0.2716180371352785,0.036133332519547146,0.0013056177189681632,TRUE,VA,135,1950.2735485232488
7,MRP,53,0.31335956382769953,0.2575557382232272,0.3654289111909539,0.32831683168316833,-0.014957267855468803,2.2371986170024034e-4,TRUE,WA,171,2564.793185538184
7,MRP,54,0.33541998523571354,0.2666485723981296,0.4202879161533202,0.27807486631016043,0.05734511892555311,0.0032884626645858293,TRUE,WV,56,911.6562870992557
7,MRP,55,0.33240107311313577,0.2528875597317973,0.41240381136011983,0.3069958847736626,0.025405188339473195,6.454235945641048e-4,TRUE,WI,88,1291.1684800864803
7,MRP,56,0.28442292092051125,0.20738734573546982,0.3598321759957235,0.2782152230971129,0.0062076978233983615,3.853551226662475e-5,TRUE,WY,34,583.4303882763805
8,MRP,01,0.327132303588045,0.26068378831424305,0.4016043322861629,0.3007135575942915,0.02641874599375349,6.979501398824661e-4,TRUE,AL,74,1050.690748495988
8,MRP,04,0.2553268846781724,0.19360756908232507,0.316885219762253,0.28578919769271105,-0.030462313014538667,9.279525141957318e-4,TRUE,AZ,134,1932.688692332469
8,MRP,05,0.2814337056533302,0.20870488490062908,0.3529643043955946,0.2849035187287174,-0.0034698130753871848,1.2039602778127874e-5,TRUE,AR,50,733.4942162706812
8,MRP,06,0.343276684858654,0.2993841369861197,0.38803967199851364,0.3766891891891892,-0.03341250433053522,0.0011163954456380348,TRUE,CA,318,4484.583101817463
8,MRP,08,0.28719399686422686,0.22365647180779147,0.34794058615403217,0.2865264354747015,6.675613895253396e-4,4.456382087850022e-7,TRUE,CO,103,1541.0947681309815
8,MRP,09,0.29781795369112973,0.22601563460972157,0.3679542847366384,0.3638113570741097,-0.06599340338297999,0.004355129290068715,TRUE,CT,58,868.1582402591531
8,MRP,10,0.3101988342078427,0.25121295805742666,0.3775708004148926,0.3221957040572792,-0.011996869849436487,1.4392488618431823e-4,TRUE,DE,86,1569.2979106840119
8,MRP,11,0.35939142719988876,0.28852742077196347,0.43758586014483125,0.2659758203799655,0.09341560681992328,0.008726475597534497,FALSE,DC,53,997.5036964654316
8,MRP,12,0.33760659683675875,0.2837616107797804,0.39711878147806645,0.35494880546075086,-0.017342208623992106,3.0075219995806616e-4,TRUE,FL,177,2482.4035694099643
8,MRP,13,0.3264175833882308,0.264005214407231,0.3860111800330572,0.3376770538243626,-0.011259470436131791,1.2677567450212582e-4,TRUE,GA,129,1830.583867246974
8,MRP,16,0.2585044381901348,0.195670201329891,0.32094640580398703,0.27474747474747474,-0.01624303655733994,2.6383623660308173e-4,TRUE,ID,88,1436.23976464121
8,MRP,17,0.34794549222860327,0.2870221546908497,0.4164531304929826,0.3270967741935484,0.020848718035054892,4.346690437052231e-4,TRUE,IL,92,1274.7077797821667
8,MRP,18,0.3186405080633893,0.25267084859312217,0.38739118042588444,0.3194805194805195,-8.400114171301931e-4,7.056191809090753e-7,TRUE,IN,76,1069.1994235358882
8,MRP,19,0.31322215099045975,0.24596135745238099,0.388048880588367,0.28534031413612565,0.027881836854334097,7.77396826371703e-4,TRUE,IA,62,950.8975264520009
8,MRP,20,0.27843690273382493,0.21198284737080927,0.34549643296167837,0.2644787644787645,0.013958138255060426,1.948296235473813e-4,TRUE,KS,65,977.8736181366428
8,MRP,21,0.3305659097158763,0.26823122764646656,0.40643932708291347,0.3541300527240773,-0.023564143008201033,5.552688357109496e-4,TRUE,KY,70,1025.0703928955545
8,MRP,22,0.38516318280675244,0.3145297557018799,0.4775899943497007,0.40809248554913297,-0.02292930274238053,5.257529242517394e-4,TRUE,LA,59,856.8882775002937
8,MRP,23,0.2975411736352475,0.23823564855261548,0.36518975962376543,0.2982456140350877,-7.044403998401894e-4,4.962362769270059e-7,TRUE,ME,71,1183.0554137271686
8,MRP,24,0.320531757710808,0.2613621011433033,0.3833356612091522,0.30939226519337015,0.011139492517437843,1.240882935460537e-4,TRUE,MD,115,1688.6116989709612
8,MRP,25,0.3519225338534613,0.29459335376670476,0.4209818670200747,0.3460096411355115,0.005912892717949758,3.496230029398328e-5,TRUE,MA,127,1898.0318174668307
8,MRP,26,0.35549128840237754,0.2991819190293258,0.4248841288599766,0.40276356192425794,-0.047272273521880404,0.0022346678439274753,TRUE,MI,131,1942.095916401568
8,MRP,27,0.29621077290356573,0.23405687429140234,0.3598308037279624,0.31893004115226337,-0.022719268248697633,5.161651497562804e-4,TRUE,MN,112,1610.9222720753805
8,MRP,28,0.3777201539420859,0.30084959855078114,0.46773561711646283,0.33690476190476193,0.04081539203732398,0.00166589622716045,TRUE,MS,46,698.3941054777073
8,MRP,29,0.30849911898774524,0.24348687339736078,0.3857060677776312,0.31070496083550914,-0.002205841847763901,4.86573825734646e-6,TRUE,MO,68,959.0987565764133
8,MRP,30,0.3058734851147836,0.24022405608271657,0.38120554854884575,0.27586206896551724,0.03001141614926639,9.006850992844474e-4,TRUE,MT,67,1172.1609278469512
8,MRP,31,0.25145293085970005,0.18428440248793637,0.31894998976068123,0.2688553682342502,-0.01740243737455016,3.0284482657514034e-4,TRUE,NE,67,1038.1919125982213
8,MRP,32,0.3233088098976744,0.25417282944685027,0.39541435447279677,0.3879310344827586,-0.06462222458508421,0.004176031910325062,TRUE,NV,80,1260.9549191931158
8,MRP,33,0.263268441882155,0.2061471682803619,0.32025823645499457,0.3114874815905744,-0.0482190397084194,0.002325075790402127,TRUE,NH,95,1604.3357133312725
8,MRP,34,0.3013377231712604,0.24137817871014597,0.35910821801142406,0.3675276752767528,-0.06618995210549239,0.004381109759727377,FALSE,NJ,128,1791.14943355417
8,MRP,35,0.3214662021693777,0.2630376252577745,0.38615118338823345,0.3167062549485352,0.0047599472208424976,2.2657097545206216e-5,TRUE,NM,88,1457.3181823082284
8,MRP,36,0.37415075585421925,0.31169822339706904,0.4405040249820497,0.34244946492271106,0.0317012909315082,0.0010049718467241239,TRUE,NY,141,1952.228279141762
8,MRP,37,0.29304607834086177,0.22934251281078222,0.35489334857862476,0.30879199428162973,-0.015745915940767963,2.4793386881373063e-4,TRUE,NC,112,1519.4528583308243
8,MRP,38,0.3018848356668368,0.2261796081376866,0.37821665560894935,0.3009079118028534,9.769238639834033e-4,9.54380236020263e-7,TRUE,ND,38,650.8998149472131
8,MRP,39,0.34480538899208085,0.27930987026549137,0.4160991421625761,0.3185703185703186,0.026235070421762263,6.882789200348252e-4,TRUE,OH,90,1241.3286251676627
8,MRP,40,0.27814376109066546,0.21250496203932953,0.34237853158383486,0.28644240570846075,-0.008298644617795281,6.886750249246259e-5,TRUE,OK,80,1146.383018673564
8,MRP,41,0.26744094795241513,0.20856635104907983,0.32978428476725796,0.3165644171779141,-0.049123469225498984,0.0024131152287485457,TRUE,OR,87,1312.7958616574956
8,MRP,42,0.33024707086949917,0.2707796469197654,0.39529306385023627,0.3404605263157895,-0.01021345544629032,1.043146721533574e-4,TRUE,PA,133,1846.3359791770372
8,MRP,44,0.30241139828968583,0.23670095165461222,0.36692316254978163,0.3433667781493868,-0.04095537985970099,0.0016773431394524016,TRUE,RI,53,881.6055890015365
8,MRP,45,0.3312403250497939,0.26273840573403284,0.40002091733397843,0.31290849673202614,0.01833182831776775,3.360559294721116e-4,TRUE,SC,75,1099.8102118557306
8,MRP,46,0.3030466521246436,0.22990959688663068,0.3858736899026974,0.2953846153846154,0.007662036740028189,5.870680700554179e-5,TRUE,SD,35,594.2764618266642
8,MRP,47,0.33734506606102954,0.2678161265894258,0.4095190095047224,0.327212020033389,0.010133046027640535,1.0267862179828163e-4,TRUE,TN,87,1210.922728731921
8,MRP,48,0.3295332475446628,0.281069426611989,0.38167591559733033,0.33565823888404533,-0.006124991339382546,3.7515518907511194e-5,TRUE,TX,251,3513.6847974669577
8,MRP,49,0.2515673005783537,0.2008241899837189,0.30613731722924165,0.2304,0.0211673005783537,4.4805461377437283e-4,TRUE,UT,135,2186.9589344971632
8,MRP,50,0.3387580379638445,0.271783101152145,0.415505783615974,0.33587786259541985,0.0028801753684246645,8.295410152880153e-6,TRUE,VT,68,1285.1024358342308
8,MRP,51,0.2773308984486311,0.2161583858179201,0.33861611202566366,0.2716180371352785,0.005712861313352635,3.2636784385601194e-5,TRUE,VA,118,1703.9415063603367
8,MRP,53,0.3403485455400264,0.2893269884349343,0.39632439041850415,0.32831683168316833,0.012031713856858084,1.4476213833331084e-4,TRUE,WA,165,2565.6801977505534
8,MRP,54,0.2775061142326486,0.21200443728583943,0.344267673322935,0.27807486631016043,-5.68752077511836e-4,3.234789256740295e-7,TRUE,WV,59,913.5696596066607
8,MRP,55,0.28287735543553943,0.21684610617065772,0.3492528168130107,0.3069958847736626,-0.02411852933812314,5.817034574339067e-4,TRUE,WI,88,1240.1614627610054
8,MRP,56,0.26177417460722346,0.1907048211910018,0.3346860603651319,0.2782152230971129,-0.01644104848988942,2.703080754468952e-4,TRUE,WY,44,766.0432138592013
9,MRP,01,0.3352518247084442,0.2786198324797448,0.3941467973071992,0.3007135575942915,0.0345382671141527,0.0011928918952485619,TRUE,AL,57,835.0344875703191
9,MRP,04,0.32759869097378985,0.27436750268605403,0.387060793432232,0.28578919769271105,0.0418094932810788,0.0017480337284205736,TRUE,AZ,113,1664.1093406732532
9,MRP,05,0.32988830202727354,0.2735593947803829,0.3914058241462449,0.2849035187287174,0.04498478329855615,0.0020236307284180566,TRUE,AR,63,948.8661184465218
9,MRP,06,0.3716004095743916,0.3309789090470968,0.4169820100657281,0.3766891891891892,-0.0050887796147975894,2.58956779679795e-5,TRUE,CA,329,4734.865669916093
9,MRP,08,0.28962073922028714,0.23028893983420415,0.3387616154415105,0.2865264354747015,0.0030943037455856137,9.574715669945159e-6,TRUE,CO,115,1692.4074608628919
9,MRP,09,0.34331808221791615,0.2875928565739203,0.4119127611456252,0.3638113570741097,-0.020493274856193566,4.1997431433149544e-4,TRUE,CT,55,831.8715991993403
9,MRP,10,0.31636168506847867,0.2630521743109535,0.3707678150549458,0.3221957040572792,-0.005834018988800538,3.403577756168525e-5,TRUE,DE,66,1196.948556931922
9,MRP,11,0.3302160786599263,0.26213587265478844,0.38605502995209223,0.2659758203799655,0.06424025827996083,0.004126810783876076,TRUE,DC,59,1067.6306158880382
9,MRP,12,0.3499192921298718,0.30576342190255773,0.3993254069377079,0.35494880546075086,-0.005029513330879087,2.5296004345490452e-5,TRUE,FL,204,2873.4308454202537
9,MRP,13,0.33076032212407197,0.27401177355333006,0.38482461808255214,0.3376770538243626,-0.006916731700290613,4.784117741380507e-5,TRUE,GA,114,1605.8419116525122
9,MRP,16,0.2972436903445651,0.24508477718339577,0.346803539227511,0.27474747474747474,0.022496215597090363,5.060797161907717e-4,TRUE,ID,84,1410.8415671909063
9,MRP,17,0.34201387572597597,0.2848621444724584,0.4037921437081597,0.3270967741935484,0.01491710153242759,2.2251991812875357e-4,TRUE,IL,98,1371.656338852571
9,MRP,18,0.3146024940160968,0.2625534575279939,0.37259060934482024,0.3194805194805195,-0.004878025464422675,2.3795132431556056e-5,TRUE,IN,65,920.6179724303872
9,MRP,19,0.3179719835655613,0.2679596667130013,0.380786342699762,0.28534031413612565,0.03263166942943563,0.0010648258497519638,TRUE,IA,80,1228.19638082222
9,MRP,20,0.33009871148009273,0.27484963172234533,0.3899137692871051,0.2644787644787645,0.06561994700132823,0.0043059774444571255,FALSE,KS,79,1232.4143360171756
9,MRP,21,0.33386694353866103,0.28281161623730866,0.39484912367294384,0.3541300527240773,-0.020263109185416295,4.105935938601022e-4,TRUE,KY,88,1288.9234118174504
9,MRP,22,0.34384982446187445,0.2864337916639398,0.4116880290890405,0.40809248554913297,-0.06424266108725851,0.0041271195035723594,TRUE,LA,60,853.6708030841378
9,MRP,23,0.2752790459812667,0.21575832828127728,0.3264452334337318,0.2982456140350877,-0.022966568053821024,5.274632481707924e-4,TRUE,ME,66,1097.2202556986667
9,MRP,24,0.31741783069315327,0.25818101109219926,0.367656351979696,0.30939226519337015,0.008025565499783116,6.440970159130902e-5,TRUE,MD,98,1423.0310409456208
9,MRP,25,0.33809272156052467,0.2876988310388308,0.3981370924881991,0.3460096411355115,-0.007916919574986858,6.26776155568101e-5,TRUE,MA,123,1819.5484764322025
9,MRP,26,0.3547060142700204,0.30432690868684775,0.418141832054685,0.40276356192425794,-0.04805754765423753,0.002309527886539311,TRUE,MI,141,2089.4961168026207
9,MRP,27,0.3335308916581342,0.28458750064021937,0.3953269111228038,0.31893004115226337,0.014600850505870844,2.1318483549478888e-4,TRUE,MN,106,1579.1692867192005
9,MRP,28,0.33415318003009614,0.26958536377069425,0.39258824547696225,0.33690476190476193,-0.002751581874665787,7.571202812989288e-6,TRUE,MS,48,709.9200562601483
9,MRP,29,0.3060809920346627,0.24633644715064237,0.3590050912011572,0.31070496083550914,-0.004623968800846423,2.1381087471201107e-5,TRUE,MO,87,1226.1006872058447
9,MRP,30,0.29879008504685806,0.24499728398374582,0.35238535567988516,0.27586206896551724,0.02292801608134082,5.256939214262232e-4,TRUE,MT,65,1124.169955861304
9,MRP,31,0.30302513085319777,0.24565972899132946,0.35810526377453317,0.2688553682342502,0.03416976261894755,0.0011675726774352255,TRUE,NE,65,1039.809597209689
9,MRP,32,0.32358690016913105,0.27145943836857755,0.375670473803104,0.3879310344827586,-0.06434413431362757,0.004140167620570144,FALSE,NV,82,1275.2415491411198
9,MRP,33,0.32123544203867255,0.26950540741057305,0.3868793537517515,0.3114874815905744,0.00974796044809817,9.502273289768626e-5,TRUE,NH,68,1199.4434506363277
9,MRP,34,0.3466456284260564,0.29555491281396784,0.40117975723506594,0.3675276752767528,-0.02088204685069639,4.36059880674679e-4,TRUE,NJ,112,1587.9676648346863
9,MRP,35,0.31804791916195274,0.2566961253771227,0.3650510855727546,0.3167062549485352,0.001341664213417526,1.800062861565269e-6,TRUE,NM,77,1260.2107112597166
9,MRP,36,0.3488954089172675,0.29863614715441145,0.4079671848913833,0.34244946492271106,0.006445943994556447,4.1550193980958324e-5,TRUE,NY,113,1567.2531580697178
9,MRP,37,0.32275220509425223,0.26498454104822483,0.37417604143250804,0.30879199428162973,0.013960210812622498,1.948874859328621e-4,TRUE,NC,99,1362.55222359256
9,MRP,38,0.2901975592037542,0.2330763035285727,0.33945567189266806,0.3009079118028534,-0.010710352599099249,1.1471165279703203e-4,TRUE,ND,44,754.7765020894528
9,MRP,39,0.31450736198105755,0.2547949619282976,0.367921505643992,0.3185703185703186,-0.004062956589261035,1.6507616246219665e-5,TRUE,OH,98,1309.9898265352638
9,MRP,40,0.3141162011034121,0.25601703720987207,0.3668372510202267,0.28644240570846075,0.02767379539495135,7.658389515616306e-4,TRUE,OK,63,910.4925836478728
9,MRP,41,0.3264079716442304,0.2771703459660292,0.38663019059341625,0.3165644171779141,0.009843554466316295,9.689556453133548e-5,TRUE,OR,104,1604.6999627228458
9,MRP,42,0.34447901054985364,0.2924517189213891,0.4039822774613794,0.3404605263157895,0.004018484234064146,1.6148215539422104e-5,TRUE,PA,130,1857.0240120593444
9,MRP,44,0.33703377855712835,0.2865979178088675,0.4033298208070442,0.3433667781493868,-0.00633299959225847,4.010688383554595e-5,TRUE,RI,63,1107.2934458319005
9,MRP,45,0.3321103596766378,0.27614864475037704,0.3895604252723659,0.31290849673202614,0.01920186294461168,3.6871154054365115e-4,TRUE,SC,82,1186.7310835646133
9,MRP,46,0.30194558645573705,0.2437941358917058,0.355675574742986,0.2953846153846154,0.006560971071121635,4.3046341396094975e-5,TRUE,SD,45,746.6278148853141
9,MRP,47,0.3205269537812231,0.26616731839522173,0.37512992085141456,0.327212020033389,-0.0066850662521659165,4.4690110795847656e-5,TRUE,TN,78,1096.9230146565449
9,MRP,48,0.3321217864449901,0.2894869768333426,0.37227107692161404,0.33565823888404533,-0.00353645243905526,1.2506495853699897e-5,TRUE,TX,284,3988.984341710574
9,MRP,49,0.2899961712613014,0.2373846829149709,0.3367599831081001,0.2304,0.0595961712613014,0.0035517036290063668,FALSE,UT,125,1975.5936286953602
9,MRP,50,0.3060870599569138,0.25780824269397,0.359558913653463,0.33587786259541985,-0.02979080263850603,8.874919218464179e-4,TRUE,VT,64,1219.1112013044235
9,MRP,51,0.302576014383292,0.24253936470470253,0.3537869135227239,0.2716180371352785,0.030957977248013524,9.58396355288523e-4,TRUE,VA,115,1657.4385082790568
9,MRP,53,0.31008954524441795,0.2616523955442873,0.35096290888808734,0.32831683168316833,-0.01822728643875038,3.3223397092025346e-4,TRUE,WA,178,2689.741010849409
9,MRP,54,0.27501962950584025,0.21268542193830725,0.32611605616165074,0.27807486631016043,-0.0030552368043201827,9.334471930472602e-6,TRUE,WV,63,963.446410696658
9,MRP,55,0.2961869214795818,0.2430841816198903,0.3464781994952654,0.3069958847736626,-0.010808963294080765,1.1683368749278529e-4,TRUE,WI,79,1123.448747475489
9,MRP,56,0.31370653432325435,0.2662238186024919,0.3749617350748577,0.2782152230971129,0.035491311226141464,0.0012596331725508352,TRUE,WY,54,962.6393707184898
10,MRP,01,0.30807073555533987,0.2360629826276506,0.38386744137699974,0.3007135575942915,0.0073571779610483445,5.412806755053548e-5,TRUE,AL,64,900.2110085361296
10,MRP,04,0.27977789103876266,0.22057261225360913,0.3405738352458572,0.28578919769271105,-0.0060113066539483895,3.6135807687804183e-05,TRUE,AZ,135,1984.793314795837
10,MRP,05,0.3164113250552726,0.2551399757370245,0.3848910885794854,0.2849035187287174,0.0315078063265552,9.92741859511712e-4,TRUE,AR,76,1150.3222359074957
10,MRP,06,0.3795192503949789,0.33449466572065295,0.4269379012560893,0.3766891891891892,0.0028300612057897134,8.009246428515927e-6,TRUE,CA,351,5053.090939309258
10,MRP,08,0.30445815087039624,0.2459697411017317,0.3655447897361365,0.2865264354747015,0.017931715395694714,3.2154641703219483e-4,TRUE,CO,105,1555.757342200547
10,MRP,09,0.33591337155696527,0.2662262981799146,0.4078835293370038,0.3638113570741097,-0.027897985517144452,7.782975959148016e-4,TRUE,CT,66,976.9083640489894
10,MRP,10,0.36537461158511414,0.30123087055145575,0.44822955634363687,0.3221957040572792,0.04317890752783493,0.0018644180552973202,TRUE,DE,66,1216.0879719710433
10,MRP,11,0.3013471474025219,0.23435156684540703,0.3662685519492912,0.2659758203799655,0.03537132702255641,0.0012511307753366294,TRUE,DC,71,1308.1511011771051
10,MRP,12,0.34834552071872554,0.295938232295304,0.4061954815699329,0.35494880546075086,-0.006603284742025317,4.360336938426436e-5,TRUE,FL,170,2426.3572928609683
10,MRP,13,0.3009933801462031,0.23780724117348698,0.358934974887855,0.3376770538243626,-0.0366836736781595,0.0013456919145256921,TRUE,GA,117,1648.3373409956787
10,MRP,16,0.28990151780008944,0.23046583355483247,0.3514621413207554,0.27474747474747474,0.015154043052614696,2.2964502084049974e-4,TRUE,ID,80,1344.9710929553503
10,MRP,17,0.2928097885887386,0.23333521726012826,0.35092149007163004,0.3270967741935484,-0.034286985604809805,0.0011755973818644348,TRUE,IL,104,1422.747962110033
10,MRP,18,0.3204444351166283,0.25457657524954297,0.39189644803499984,0.3194805194805195,9.639156361088141e-4,9.291333535350598e-7,TRUE,IN,80,1122.840446013692
10,MRP,19,0.3226474936717451,0.260576072668745,0.3925311833632622,0.28534031413612565,0.03730717953561946,0.0013918256449029435,TRUE,IA,75,1120.8352160165753
10,MRP,20,0.2809575291043672,0.21473461910597097,0.3473074278711428,0.2644787644787645,0.016478764625602715,2.715496835860154e-4,TRUE,KS,65,997.5967642394346
10,MRP,21,0.32254266581683716,0.2571256470157268,0.3877237096234434,0.3541300527240773,-0.03158738690724017,9.977630116276876e-4,TRUE,KY,71,1047.2300818454778
10,MRP,22,0.34456205984557564,0.2760284915234203,0.42344901999904633,0.40809248554913297,-0.063530425703557325,0.0040361149900752175,TRUE,LA,50,734.446893322186
10,MRP,23,0.3009183336667267,0.2364483480071118,0.366735620185746,0.2982456140350877,0.002672719631639009,7.1434302293485595e-6,TRUE,ME,66,1089.5932988908548
10,MRP,24,0.2839684367590093,0.22370824989782478,0.34362761381461654,0.30939226519337015,-0.025423828434360862,6.463710522598159e-4,TRUE,MD,108,1584.9291263958683
10,MRP,25,0.37703531488535486,0.3133418697378068,0.4517195314008009,0.3460096411355115,0.03102567374984333,9.625924316317175e-4,TRUE,MA,136,2107.0311792105795
10,MRP,26,0.35064463773724946,0.29525313737878434,0.41547555941041775,0.40276356192425794,-0.052118924187008475,0.002716382258411137,TRUE,MI,147,2122.610358814003
10,MRP,27,0.3269303672397328,0.2652567424542574,0.39780963716305434,0.31893004115226337,0.008000326087469423,6.40052175058438e-5,TRUE,MN,95,1380.2906731498015
10,MRP,28,0.30749699010391174,0.23332244727969384,0.37835779323537067,0.33690476190476193,-0.02940777180085019,8.648170422908797e-4,TRUE,MS,51,733.4710774566788
10,MRP,29,0.31967004390834713,0.25050214217990374,0.38740269877340444,0.31070496083550914,0.008965083072837998,8.03727145028864e-5,TRUE,MO,72,1019.4821577645729
10,MRP,30,0.2930671646203165,0.2284288094237817,0.35762579505262454,0.27586206896551724,0.017205095654799274,2.9601531649079283e-4,TRUE,MT,62,1099.8427356473694
10,MRP,31,0.33150726501955863,0.26975254747687333,0.3975250871506372,0.2688553682342502,0.06265189678530841,0.003925260170796939,FALSE,NE,72,1180.7340782397146
10,MRP,32,0.36719045041865084,0.3006896377064051,0.4449347309638056,0.3879310344827586,-0.02074058406410778,4.3017182732032165e-4,TRUE,NV,72,1142.8860806038629
10,MRP,33,0.30432310931912876,0.2484813979842075,0.366728803530726,0.3114874815905744,-0.007164372271445618,5.132823004385885e-5,TRUE,NH,79,1333.122856138272
10,MRP,34,0.31941024778203236,0.2569470307941002,0.38532934739796265,0.3675276752767528,-0.04811742749472042,0.002315286828709677,TRUE,NJ,98,1370.6589956973592
10,MRP,35,0.2961781849270939,0.22883656907971253,0.36443706556688804,0.3167062549485352,-0.020528070021441303,4.214016588051971e-4,TRUE,NM,69,1108.1182945955818
10,MRP,36,0.3513324354437189,0.2967440420078806,0.41376633378581834,0.34244946492271106,0.008882970521007838,7.890716527709427e-5,TRUE,NY,131,1802.6279257081626
10,MRP,37,0.341189436851433,0.27932702128850273,0.40941020738249806,0.30879199428162973,0.03239744256980326,0.0010495942850637003,TRUE,NC,107,1513.3469062284992
10,MRP,38,0.31396630929311525,0.24425193403432593,0.3864983666602994,0.3009079118028534,0.01305839749026183,1.7052174501367649e-4,TRUE,ND,38,677.8979245370925
10,MRP,39,0.3071541097106862,0.24508039752198293,0.36812858813718724,0.3185703185703186,-0.011416208859632404,1.303298247267494e-4,TRUE,OH,99,1331.4952452053078
10,MRP,40,0.2920333322101271,0.2193155393317194,0.3605856702237586,0.28644240570846075,0.005590926501666371,3.1258459147035365e-5,TRUE,OK,68,964.6292172253435
10,MRP,41,0.3317846125888282,0.2770170380302487,0.3935968477988363,0.3165644171779141,0.015220195410914072,2.316543483464098e-4,TRUE,OR,127,1970.0839494913848
10,MRP,42,0.301052305558696,0.24633695354737847,0.3586397907508928,0.3404605263157895,-0.03940822075709349,0.0015530078632398144,TRUE,PA,136,1876.6536714472875
10,MRP,44,0.331181752743321,0.26158417817475227,0.407671225877532,0.3433667781493868,-0.012185025406065808,1.484748441464692e-4,TRUE,RI,50,856.6275643485849
10,MRP,45,0.2977856408438689,0.2340991411838124,0.3673721628166477,0.31290849673202614,-0.01512285588815726,2.2870077021397274e-4,TRUE,SC,93,1334.805921349629
10,MRP,46,0.35008996516952656,0.2775534954197876,0.4503300954048296,0.2953846153846154,0.05470534978491115,0.0029926752950894782,TRUE,SD,37,629.9653892356407
10,MRP,47,0.2900627211119408,0.22072041542087772,0.3530768458166224,0.327212020033389,-0.03714929892144819,0.0013800704103551118,TRUE,TN,83,1149.153146238045
10,MRP,48,0.3600818390473495,0.3097764343998001,0.4127703567256381,0.33565823888404533,0.024423600163304138,5.9651224493695e-4,TRUE,TX,259,3644.473198510064
10,MRP,49,0.27592711814140386,0.2138408396551442,0.33381872468880647,0.2304,0.045527118141403866,0.002072718486261345,TRUE,UT,111,1749.1105609876017
10,MRP,50,0.2993115717797087,0.2363736875124431,0.36472411476136657,0.33587786259541985,-0.03656629081571117,0.0013370936240191629,TRUE,VT,51,917.8047123478544
10,MRP,51,0.30876954589098576,0.2539537807912669,0.3627026051888867,0.2716180371352785,0.037151508755707274,0.0013802346028253944,TRUE,VA,127,1847.7405702630326
10,MRP,53,0.29893615581182353,0.24581741337054466,0.35622648832018233,0.32831683168316833,-0.029380675871344797,8.632241146570224e-4,TRUE,WA,175,2623.726339820685
10,MRP,54,0.2954526140708547,0.22781421145908298,0.3612710454386723,0.27807486631016043,0.017377747760694284,3.019861172343152e-4,TRUE,WV,57,891.3182445341691
10,MRP,55,0.3422488403154188,0.27761360413769437,0.42191336575251226,0.3069958847736626,0.035252955541756226,0.001242770874429041,TRUE,WI,84,1220.7267351190908
10,MRP,56,0.28058718355126655,0.20931394609649814,0.3444805071951897,0.2782152230971129,0.0023719604541536654,5.626196396068863e-6,TRUE,WY,42,763.2838153460707
1,MRP2,01,0.32673097518751587,0.28400386276285605,0.3618122353170976,0.3007135575942915,0.026017417593224346,6.769060182202197e-4,TRUE,AL,72,990.995991853708
1,MRP2,04,0.310137712028581,0.2737283150832138,0.344892683125921,0.28578919769271105,0.02434851433586993,5.928501503640636e-4,TRUE,AZ,142,2083.2050904597972
1,MRP2,05,0.31433692262724433,0.26669757168076735,0.3537834782982261,0.2849035187287174,0.029433403898526944,8.663252650538212e-4,TRUE,AR,46,671.1368062878959
1,MRP2,06,0.3314651663505415,0.2961276959597965,0.35952448573545165,0.3766891891891892,-0.04522402283864768,0.0020452122417105273,FALSE,CA,300,4289.591789158838
1,MRP2,08,0.3079777723355991,0.2684350708602833,0.344497498395607,0.2865264354747015,0.021451336860897563,4.601598531197025e-4,TRUE,CO,125,1877.7070497365498
1,MRP2,09,0.32441875808788173,0.2882501396068649,0.36766498535156517,0.3638113570741097,-0.03939259898622799,0.0015517768548897705,TRUE,CT,61,908.3560027465476
1,MRP2,10,0.3270913030135035,0.29245185204677887,0.3728490969041693,0.3221957040572792,0.0048955989562242674,2.3966889140184138e-5,TRUE,DE,67,1266.9294675534663
1,MRP2,11,0.34237633425947583,0.28861215534005313,0.3799518863025558,0.2659758203799655,0.07640051387951036,0.0058370385210532545,FALSE,DC,50,899.4664213641361
1,MRP2,12,0.33697688995452485,0.30495933321181673,0.3813271542252197,0.35494880546075086,-0.01797191550622601,3.2298974696292693e-4,TRUE,FL,217,3049.265273921742
1,MRP2,13,0.3438745947679979,0.30744036577194445,0.3786933793113736,0.3376770538243626,0.006197540943635338,3.840951374803639e-5,TRUE,GA,114,1616.8005337782563
1,MRP2,16,0.3086538167271767,0.2718852899418991,0.3514152268939222,0.27474747474747474,0.03390634197970194,0.0011496400264444978,TRUE,ID,76,1301.3098209911368
1,MRP2,17,0.3345518191535182,0.30144750929591385,0.38345292352011656,0.3270967741935484,0.007455044959969848,5.5577695355171826e-5,TRUE,IL,118,1669.63954442939
1,MRP2,18,0.31324390859850226,0.2749202886404987,0.3542856965638393,0.3194805194805195,-0.006236610882017213,3.8895315293695516e-5,TRUE,IN,97,1357.1894958847893
1,MRP2,19,0.2992628146850027,0.25727953281148025,0.34032589098504074,0.28534031413612565,0.01392250054887706,1.9383602153348202e-4,TRUE,IA,80,1213.8238179740317
1,MRP2,20,0.30276041567672773,0.260607601347026,0.3415204579924563,0.2644787644787645,0.03828165119796323,0.0014654848184425195,TRUE,KS,66,1008.9569420091326
1,MRP2,21,0.32342250499838715,0.28606574523626316,0.3675503064998972,0.3541300527240773,-0.030707547725690176,9.429534873255399e-4,TRUE,KY,65,963.0183385360598
1,MRP2,22,0.3403378388908692,0.2978304215407743,0.3804583139939485,0.40809248554913297,-0.06775464665826375,0.004590692143786171,FALSE,LA,60,854.6248037980355
1,MRP2,23,0.29177074908828,0.2535367985363211,0.3434400685800782,0.2982456140350877,-0.006474864946807712,4.1923876079399243e-5,TRUE,ME,61,1051.7497827690847
1,MRP2,24,0.33877618517108093,0.30354087987592665,0.37422444450483777,0.30939226519337015,0.029383919977710782,8.634147532565108e-4,TRUE,MD,109,1605.0378687534212
1,MRP2,25,0.3121428071859568,0.27786743120972296,0.3489440227087824,0.3460096411355115,-0.0338668339495547,0.0011469624417667107,TRUE,MA,121,1828.8192380499327
1,MRP2,26,0.324622246136231,0.2913315684935202,0.3669200692463503,0.40276356192425794,-0.07814131578802697,0.006106065233084153,FALSE,MI,146,2115.0175167507286
1,MRP2,27,0.3063061371310551,0.26878708516839184,0.3530372713919345,0.31893004115226337,-0.012623904021208276,1.593629527366785e-4,TRUE,MN,98,1446.5927385881441
1,MRP2,28,0.3544942114244919,0.3113741693514823,0.3984123895053376,0.33690476190476193,0.01758944951972996,3.0938873440712855e-4,TRUE,MS,39,582.6251147496225
1,MRP2,29,0.30942407736067823,0.26323552719659393,0.3469984021237661,0.31070496083550914,-0.0012808834748309073,1.6406624760948995e-6,TRUE,MO,85,1192.6229894747892
1,MRP2,30,0.28207068670245156,0.23528816712415832,0.31685489582659565,0.27586206896551724,0.006208617736934319,3.8546934203375424e-5,TRUE,MT,79,1351.1463458676883
1,MRP2,31,0.3095553692825835,0.27076897998202437,0.3501846698994942,0.2688553682342502,0.04070000104833327,0.001656490085334329,FALSE,NE,64,1058.7503872757975
1,MRP2,32,0.3218161871264248,0.2840537582254272,0.35996808499929084,0.3879310344827586,-0.06611484735633383,0.004371173040951322,FALSE,NV,74,1123.3857122694822
1,MRP2,33,0.30019950279632773,0.2657268892570641,0.34304096454987026,0.3114874815905744,-0.011287978794246645,1.2741846525936193e-4,TRUE,NH,75,1298.550526541381
1,MRP2,34,0.3376816584855421,0.30634617582250906,0.381627758937986,0.3675276752767528,-0.029846016791210683,8.907847183012301e-4,TRUE,NJ,103,1455.332120930462
1,MRP2,35,0.33932927645182354,0.30323272022181574,0.3829544550201058,0.3167062549485352,0.02262302150328832,5.118011019382458e-4,TRUE,NM,78,1316.1536655794296
1,MRP2,36,0.32452473603356985,0.289084061490126,0.35995479273064857,0.34244946492271106,-0.017924728889141206,3.2129590574921335e-4,TRUE,NY,123,1661.0998210098694
1,MRP2,37,0.339496708316436,0.3040881842192734,0.3824069116030963,0.30879199428162973,0.03070471403480629,9.427794639592304e-4,TRUE,NC,104,1475.7593188758162
1,MRP2,38,0.3087585094619533,0.26955880617863726,0.35572130839868965,0.3009079118028534,0.0078505976590999,6.163188360506484e-5,TRUE,ND,49,871.8795877549137
1,MRP2,39,0.3189215637603771,0.2824414653369851,0.3630920391821535,0.3185703185703186,3.512451900585245e-4,1.23373183539249e-7,TRUE,OH,96,1294.45871502274
1,MRP2,40,0.3226406090819308,0.2817176011797742,0.3602467301274823,0.28644240570846075,0.03619820337347007,0.0013103099274671,TRUE,OK,71,1050.8391264739776
1,MRP2,41,0.2904671854011804,0.2470909235712457,0.3223169859778241,0.3165644171779141,-0.02609723177673373,6.810655064085608e-4,TRUE,OR,109,1655.2815414622523
1,MRP2,42,0.31938393866156056,0.28774412712844355,0.3572557053864705,0.3404605263157895,-0.02107658765422893,4.442225471463953e-4,TRUE,PA,147,2060.867817206735
1,MRP2,44,0.30908536333811143,0.2670453178604659,0.34375709302342555,0.3433667781493868,-0.03428141481127539,0.0011752154014627316,TRUE,RI,69,1147.063741686034
1,MRP2,45,0.32295172404472805,0.28761473377164426,0.3612642883228415,0.31290849673202614,0.010043227312701908,1.0086641485460158e-4,TRUE,SC,83,1207.7645355569744
1,MRP2,46,0.2967223187705293,0.25632541470275344,0.33630514719006915,0.2953846153846154,0.0013377033859138798,1.7894503486854585e-6,TRUE,SD,48,779.385662893915
1,MRP2,47,0.3155032865399088,0.27327631577766526,0.35208548272283163,0.327212020033389,-0.011708733493480228,1.370944400213457e-4,TRUE,TN,77,1095.303162303359
1,MRP2,48,0.34213547476315986,0.30363931774287867,0.37274013934331535,0.33565823888404533,0.006477235879114529,4.1954584633688566e-5,TRUE,TX,223,3133.6720041483063
1,MRP2,49,0.3074021899134529,0.267207826421334,0.34492700865932435,0.2304,0.07700218991345292,0.005929337251467471,FALSE,UT,107,1717.1532008630898
1,MRP2,50,0.2881527021115162,0.24749717263872048,0.3299188136821834,0.33587786259541985,-0.04772516048390363,0.002277690943214356,FALSE,VT,55,1004.7792704029811
1,MRP2,51,0.31393512678948604,0.27324204055524975,0.34471738406846303,0.2716180371352785,0.04231708965420755,0.0017907360768022397,FALSE,VA,129,1866.511363597658
1,MRP2,53,0.31368596073232224,0.2832906624866931,0.3484340029298644,0.32831683168316833,-0.014630870950846087,2.1406238478031186e-4,TRUE,WA,186,2817.7484332429945
1,MRP2,54,0.3001577984947217,0.2603929258729577,0.33827652312838513,0.27807486631016043,0.022082932184561255,4.876558938679313e-4,TRUE,WV,63,998.6958248566079
1,MRP2,55,0.30087387853686426,0.25664595664212436,0.3404917603010836,0.3069958847736626,-0.006122006236798316,3.7478960363397486e-5,TRUE,WI,82,1173.8443741165736
1,MRP2,56,0.2969864929147313,0.25548024457190355,0.34178478921664474,0.2782152230971129,0.018771269817618397,3.523605705658314e-4,TRUE,WY,39,683.0910284061732
2,MRP2,01,0.3334847095027963,0.2657798954770371,0.4079380166428423,0.3007135575942915,0.03277115190850477,0.0010739483974102958,TRUE,AL,68,995.649971249108
2,MRP2,04,0.26427230836356785,0.2042937801806459,0.32591506666539843,0.28578919769271105,-0.021516889329143196,4.6297652640259635e-4,TRUE,AZ,117,1707.5329427312176
2,MRP2,05,0.29615420747262294,0.22308930160995996,0.36776511869236495,0.2849035187287174,0.011250688743905557,1.265779972122432e-4,TRUE,AR,51,752.3928399104523
2,MRP2,06,0.36259853356726074,0.31762210415301595,0.40675033668604027,0.3766891891891892,-0.01409065562192846,1.9854657585578414e-4,TRUE,CA,322,4618.918979154124
2,MRP2,08,0.27769733651672845,0.21650205392800628,0.3375145716336617,0.2865264354747015,-0.00882909895797307,7.795298840968114e-5,TRUE,CO,107,1594.28481305953
2,MRP2,09,0.3350538560751751,0.26776886304468983,0.41261362794494616,0.3638113570741097,-0.028757500998934593,8.269938637037241e-4,TRUE,CT,73,1089.9604668439538
2,MRP2,10,0.2868183693136161,0.2252041456408896,0.3491079336813928,0.3221957040572792,-0.035377334743663114,0.0012515558135651932,TRUE,DE,75,1342.246549895721
2,MRP2,11,0.3083604769304045,0.24275386154608652,0.36945771965294955,0.2659758203799655,0.04238465655043905,0.0017964591108986757,TRUE,DC,67,1217.2012862533363
2,MRP2,12,0.3068265425224836,0.2576870555929865,0.3598336930603176,0.35494880546075086,-0.04812226293826727,0.0023157521902997316,TRUE,FL,203,2787.6546501178927
2,MRP2,13,0.3205006090301536,0.26498179507119657,0.3788846028473762,0.3376770538243626,-0.01717644479420899,2.950302557685091e-4,TRUE,GA,141,1992.9478904583598
2,MRP2,16,0.3438522956811653,0.2743944751605086,0.41834930171955725,0.27474747474747474,0.06910482093369058,0.00477547627627744,TRUE,ID,87,1503.0521521111687
2,MRP2,17,0.3294253094015868,0.26795541099560255,0.39023512964510465,0.3270967741935484,0.0023285352080384403,5.422076215074623e-6,TRUE,IL,122,1681.3263455665522
2,MRP2,18,0.31031498997273854,0.24376815104388191,0.37742285999005726,0.3194805194805195,-0.009165529507780934,8.400693115800301e-5,TRUE,IN,95,1342.3040595173163
2,MRP2,19,0.3322640415027794,0.2632446266281036,0.4126312348832689,0.28534031413612565,0.046923727366653734,0.0022018361899800486,TRUE,IA,64,976.581360043162
2,MRP2,20,0.30146038882732956,0.23426206745918807,0.3715300504147069,0.2644787644787645,0.036981624348565056,0.00136764053945838,TRUE,KS,80,1209.0909967902996
2,MRP2,21,0.3471891224714665,0.27836699439609525,0.4325318393249111,0.3541300527240773,-0.006940930252610833,4.817651277160828e-5,TRUE,KY,77,1162.4805016068271
2,MRP2,22,0.38677705940792817,0.3159211258308924,0.4729490316638561,0.40809248554913297,-0.021315426141204796,4.543473915811568e-4,TRUE,LA,65,963.835081439526
2,MRP2,23,0.29422322775158455,0.22922251514019368,0.3665771775328846,0.2982456140350877,-0.004022386283503154,1.617959141371432e-5,TRUE,ME,72,1216.6595924292958
2,MRP2,24,0.3050519044324322,0.2442239092169261,0.3674772714909673,0.30939226519337015,-0.004340360760937967,1.8838731535090006e-5,TRUE,MD,112,1608.8686247501848
2,MRP2,25,0.3335789003396219,0.2784644648022794,0.3954714321494773,0.3460096411355115,-0.012430740795889628,1.5452331673459469e-4,TRUE,MA,142,2129.0106904539043
2,MRP2,26,0.33651826254827016,0.27735468610751834,0.4005075354045235,0.40276356192425794,-0.06624529937598778,0.004388439689414246,FALSE,MI,141,2028.9713165885473
2,MRP2,27,0.28093798240794676,0.22146644511896965,0.3446757449543397,0.31893004115226337,-0.037992058744316604,0.0014433965276316038,TRUE,MN,92,1331.1723053259425
2,MRP2,28,0.3257802104858507,0.2532386251284577,0.4041426530347515,0.33690476190476193,-0.011124551418911222,1.2375564427199968e-4,TRUE,MS,60,901.6288552540187
2,MRP2,29,0.2896947340333466,0.22478168651646965,0.36042498994993016,0.31070496083550914,-0.021010226802162524,4.4142963027830846e-4,TRUE,MO,84,1163.5511984161094
2,MRP2,30,0.2730791384547832,0.20798534110056466,0.34403581303203784,0.27586206896551724,-0.0027829305107340274,7.744702227574356e-6,TRUE,MT,64,1094.3365173467537
2,MRP2,31,0.2861948981855666,0.2202808535491726,0.35156468761796417,0.2688553682342502,0.01733952995131638,3.006592989325978e-4,TRUE,NE,75,1213.8662023201211
2,MRP2,32,0.3412016857132205,0.2725085223925528,0.41636183613817407,0.3879310344827586,-0.046729348769538104,0.0021836320364251325,TRUE,NV,64,1011.4541636402428
2,MRP2,33,0.30848907002376597,0.24084166532277768,0.3810026753840693,0.3114874815905744,-0.002998411566808412,8.990471923970477e-6,TRUE,NH,82,1381.5362157664063
2,MRP2,34,0.39586621648551923,0.3182770172865824,0.4818993074969012,0.3675276752767528,0.028338541208766443,8.030729178409539e-4,TRUE,NJ,74,1090.5948928887703
2,MRP2,35,0.3217349956792392,0.26235779246835667,0.38879183968686765,0.3167062549485352,0.005028740730703973,2.5288233336641132e-5,TRUE,NM,82,1353.131220923858
2,MRP2,36,0.31503767681986217,0.25934322304184365,0.3709872474227844,0.34244946492271106,-0.02741178810284889,7.514061269954878e-4,TRUE,NY,148,2002.0219004323005
2,MRP2,37,0.2808673298585363,0.211075814664439,0.3492766543878097,0.30879199428162973,-0.027924664423093437,7.797868831423803e-4,TRUE,NC,84,1114.8546883003255
2,MRP2,38,0.28214996255261504,0.20662788701166093,0.36261880926320006,0.3009079118028534,-0.01875794925023838,3.5186066007451865e-4,TRUE,ND,38,650.0063142938156
2,MRP2,39,0.32205976404872205,0.260409035744519,0.3946546039847791,0.3185703185703186,0.0034894454784034634,1.2176229746750375e-5,TRUE,OH,97,1326.5561670638942
2,MRP2,40,0.2814909085502374,0.20939466405075427,0.3588086764022934,0.28644240570846075,-0.00495149715822335,2.4517324107893914e-5,TRUE,OK,64,899.6015317801957
2,MRP2,41,0.3320785435991851,0.2664909977157938,0.4016420948625411,0.3165644171779141,0.01551412642127098,2.4068811861517828e-4,TRUE,OR,95,1492.4694642038096
2,MRP2,42,0.3635892613373253,0.30169679795682036,0.43132069736346995,0.3404605263157895,0.023128735021535785,5.349383836964159e-4,TRUE,PA,121,1712.138409956175
2,MRP2,44,0.3438488412484409,0.26752133379517795,0.4262764532380856,0.3433667781493868,4.820630990540753e-4,2.323848314696192e-7,TRUE,RI,52,906.8236073958067
2,MRP2,45,0.2979677912872606,0.23503743695394283,0.3655607371461155,0.31290849673202614,-0.014940705444765556,2.2322467918724714e-4,TRUE,SC,100,1457.8652217542647
2,MRP2,46,0.28740692025102477,0.2062730151764046,0.3653344227504279,0.2953846153846154,-0.007977695133590645,6.364361964451586e-5,TRUE,SD,38,635.0843658230615
2,MRP2,47,0.3359685820580983,0.2659117402200093,0.41088613559480985,0.327212020033389,0.008756562024709313,7.667737849258127e-5,TRUE,TN,81,1162.5165432651725
2,MRP2,48,0.32791435108460487,0.28075250165933,0.3789077576288402,0.33565823888404533,-0.007743887799440463,5.996779825032286e-5,TRUE,TX,242,3443.2350295082006
2,MRP2,49,0.2280299124783459,0.1644187104117542,0.29252606233820183,0.2304,-0.0023700875216541017,5.617314860300482e-6,TRUE,UT,101,1573.0412049881527
2,MRP2,50,0.3525985564640752,0.27695315189015146,0.43799127673789284,0.33587786259541985,0.016720693868655323,2.795816034492877e-4,TRUE,VT,50,948.9130820159605
2,MRP2,51,0.2697460020172012,0.21107311642136004,0.32924813714159806,0.2716180371352785,-0.0018720351180772643,3.5045154833145567e-6,TRUE,VA,113,1617.2851587668797
2,MRP2,53,0.30636587281109906,0.2534608685830142,0.3600589947022131,0.32831683168316833,-0.02195095887206927,4.8184459540327664e-4,TRUE,WA,171,2595.21090343394
2,MRP2,54,0.2773200854616267,0.209620086705763,0.3489407926631273,0.27807486631016043,-7.547808485337537e-4,5.696941293133333e-7,TRUE,WV,76,1175.1942308316388
2,MRP2,55,0.298269955457804,0.22692907879334878,0.3720729312555732,0.3069958847736626,-0.008725929315858583,7.614184242536024e-5,TRUE,WI,79,1133.99587264568
2,MRP2,56,0.2737039634617035,0.19783864424143313,0.354229690539243,0.2782152230971129,-0.0045112596354093815,2.0351463498073986e-5,TRUE,WY,40,697.6755487549432
3,MRP2,01,0.32160392409497796,0.25986969580124986,0.38067253714087507,0.3007135575942915,0.02089036650068643,4.3640741253300183e-4,TRUE,AL,76,1082.361559791973
3,MRP2,04,0.3158905599583532,0.2682326773853973,0.3663565177974631,0.28578919769271105,0.03010136226564214,9.060920102474245e-4,TRUE,AZ,126,1858.176227982662
3,MRP2,05,0.3041834247402316,0.2440558021763051,0.3577460643811353,0.2849035187287174,0.019279906011514192,3.717147758128211e-4,TRUE,AR,62,924.7789729490361
3,MRP2,06,0.31102723600571236,0.26670298611248916,0.3504583744051804,0.3766891891891892,-0.06566195318347684,0.004311492095869104,FALSE,CA,318,4487.148422100378
3,MRP2,08,0.344780488149747,0.2956584534325032,0.40285219795885907,0.2865264354747015,0.058254052675045465,0.0033935346530669717,FALSE,CO,107,1641.6281863549573
3,MRP2,09,0.34784114606016775,0.2914663855402179,0.4222400527574939,0.3638113570741097,-0.01597021101394197,2.5504763982983343e-4,TRUE,CT,50,770.8399450575271
3,MRP2,10,0.30280037034546153,0.245063305428134,0.35824452725238526,0.3221957040572792,-0.019395333711817675,3.7617896979277117e-4,TRUE,DE,61,1101.4849871378892
3,MRP2,11,0.34051524782497933,0.27849410390952684,0.39311066664418504,0.2659758203799655,0.07453942744501385,0.005556126243830484,FALSE,DC,70,1303.4355762302796
3,MRP2,12,0.3271209656000185,0.28175511868086245,0.3720593817988628,0.35494880546075086,-0.02782783986073234,7.743886713145637e-4,TRUE,FL,201,2817.0435186544155
3,MRP2,13,0.3446737078130178,0.29349610542108046,0.3984427564993943,0.3376770538243626,0.006996653988655233,4.8953167036965176e-5,TRUE,GA,114,1637.0904272966088
3,MRP2,16,0.30755591846599306,0.25759328851686036,0.3640176473687492,0.27474747474747474,0.03280844371851832,0.0010763939792311843,TRUE,ID,79,1330.2835356750884
3,MRP2,17,0.3697342284127037,0.3163057124302409,0.43562932174815344,0.3270967741935484,0.042637454219155324,0.0018179525022905662,TRUE,IL,113,1616.8209354039295
3,MRP2,18,0.31702599822396166,0.25652460044075587,0.37228767870208856,0.3194805194805195,-0.002454521256557818,6.024674598894169e-6,TRUE,IN,82,1146.539578449271
3,MRP2,19,0.29743331928086086,0.236608137981543,0.3602424279904126,0.28534031413612565,0.012093005144735214,1.4624077343059234e-4,TRUE,IA,68,1012.3067251682717
3,MRP2,20,0.2888886343253524,0.22281073730172,0.34299778673525516,0.2644787644787645,0.024409869846587884,5.958417459273604e-4,TRUE,KS,65,941.2143768147198
3,MRP2,21,0.348291203641199,0.291326796890438,0.41264070306307976,0.3541300527240773,-0.00583884908287835,3.409215861262935e-5,TRUE,KY,74,1130.1597292298113
3,MRP2,22,0.35966024640406846,0.30653997142990913,0.41677543508903336,0.40809248554913297,-0.048432239145064504,0.0023456817886047185,TRUE,LA,68,981.2745355242912
3,MRP2,23,0.2913273606004271,0.2381024035824256,0.34679041508670105,0.2982456140350877,-0.006918253434660626,4.786223058619355e-5,TRUE,ME,76,1254.5115529860466
3,MRP2,24,0.367736495853463,0.31521040343683976,0.4285016686527492,0.30939226519337015,0.058344230660092866,0.0034040492513181205,FALSE,MD,95,1436.40626173891
3,MRP2,25,0.3372028907975346,0.2873017653276369,0.3952891458960359,0.3460096411355115,-0.008806750337976899,7.755885151545621e-5,TRUE,MA,125,1876.0343533946539
3,MRP2,26,0.34160477777073117,0.2890800678969988,0.39839498276215674,0.40276356192425794,-0.06115878415352677,0.003740396879137677,FALSE,MI,150,2177.0702336058184
3,MRP2,27,0.2937211758258321,0.23978348251195403,0.34355347224873484,0.31893004115226337,-0.02520886532643124,6.354868910461472e-4,TRUE,MN,117,1699.021959182508
3,MRP2,28,0.3439827182733447,0.27891747193293637,0.40219819262948964,0.33690476190476193,0.007077956368582772,5.009746635556142e-5,TRUE,MS,65,956.039240696255
3,MRP2,29,0.2877054375026044,0.22044688983286767,0.3456783518230161,0.31070496083550914,-0.022999523332904726,5.289780735408289e-4,TRUE,MO,69,959.670891954068
3,MRP2,30,0.28725113238223227,0.2324795261219422,0.3386443185439006,0.27586206896551724,0.011389063416715028,1.297107655099566e-4,TRUE,MT,56,967.8362461815135
3,MRP2,31,0.33318102758075147,0.28070215279789534,0.40136800227749536,0.2688553682342502,0.06432565934650125,0.004137790450362124,FALSE,NE,68,1105.838915393289
3,MRP2,32,0.3538061863686348,0.3007218990586796,0.42078987923929273,0.3879310344827586,-0.03412484811412381,0.001164505258812019,TRUE,NV,72,1119.7751303419982
3,MRP2,33,0.3296533999716312,0.27715413650222787,0.3936696920904324,0.3114874815905744,0.0181659183810568,3.300005906272173e-4,TRUE,NH,91,1584.9371317221035
3,MRP2,34,0.36302318598390493,0.3115114206154108,0.42867220163653214,0.3675276752767528,-0.0045044892928478575,2.0290423789380992e-5,TRUE,NJ,108,1543.8386723079716
3,MRP2,35,0.33889619394918274,0.291689079766193,0.3919924363925114,0.3167062549485352,0.02218993900064753,4.923933928524583e-4,TRUE,NM,98,1627.1349195823493
3,MRP2,36,0.3285928372103691,0.2757390133821345,0.38454424582735175,0.34244946492271106,-0.013856627712341973,1.9200613155844355e-4,TRUE,NY,112,1523.0986618341274
3,MRP2,37,0.3384654903117659,0.2830749426593352,0.39575178398352545,0.30879199428162973,0.029673496030136193,8.805163666505084e-4,TRUE,NC,95,1311.4234693211438
3,MRP2,38,0.2853879175039981,0.22315512387718742,0.34266218120144143,0.3009079118028534,-0.01551999429885531,2.4087022303650134e-4,TRUE,ND,51,864.8992242106422
3,MRP2,39,0.3435385219431289,0.29082268511091686,0.4063770153064099,0.3185703185703186,0.024968203372810305,6.234111796660158e-4,TRUE,OH,83,1151.6125015539817
3,MRP2,40,0.3178511107488729,0.2558862284709347,0.3719515007579011,0.28644240570846075,0.031408705040412155,9.86506752315612e-4,TRUE,OK,66,956.0397935492573
3,MRP2,41,0.3174579406466645,0.2651371273632532,0.37511697820126766,0.3165644171779141,8.93523468750379e-4,7.983841892077096e-7,TRUE,OR,107,1646.1286805090951
3,MRP2,42,0.326345772988323,0.27686071533982975,0.3814809452218887,0.3404605263157895,-0.014114753327466478,1.9922626149522602e-4,TRUE,PA,143,2003.19948642815
3,MRP2,44,0.3266618307202447,0.2685079931787681,0.3957525049045157,0.3433667781493868,-0.016704947429142136,2.790552686104025e-4,TRUE,RI,39,660.7148759966722
3,MRP2,45,0.3339674910111548,0.27934450655471843,0.39499455653619076,0.31290849673202614,0.021058994279128662,4.434812400483737e-4,TRUE,SC,71,1041.012531216092
3,MRP2,46,0.31271438515826694,0.24701641769513966,0.38454631741818074,0.2953846153846154,0.017329769773651527,3.003209204077661e-4,TRUE,SD,36,618.058983516861
3,MRP2,47,0.3250641560576616,0.2708027006012432,0.37961647729066333,0.327212020033389,-0.0021478639757274154,4.6133196582275794e-6,TRUE,TN,80,1137.5746924373777
3,MRP2,48,0.36406380714119396,0.3227581042071032,0.41311193133438767,0.33565823888404533,0.028405568257148628,8.068763080115297e-4,TRUE,TX,262,3769.2755372977604
3,MRP2,49,0.29666873618809103,0.24011983924947128,0.3449906007734722,0.2304,0.06626873618809104,0.004391545395966806,FALSE,UT,119,1882.6942398841568
3,MRP2,50,0.31811148012490226,0.2607734473078031,0.3892206471915534,0.33587786259541985,-0.017766382470517594,3.156443460887149e-4,TRUE,VT,58,1092.1409630769176
3,MRP2,51,0.32428578237226446,0.26923224822611747,0.3780470168254156,0.2716180371352785,0.052667745236985974,0.0027738913883480587,TRUE,VA,120,1740.6369895349294
3,MRP2,53,0.3161407810843892,0.27189850750759575,0.3618299408521766,0.32831683168316833,-0.012176050598779131,1.4825620818402965e-4,TRUE,WA,194,2950.3543622280263
3,MRP2,54,0.29371045068105756,0.22879503799767362,0.35408205738382315,0.27807486631016043,0.015635584370897126,2.444714986194425e-4,TRUE,WV,56,887.6985762955791
3,MRP2,55,0.30339907687056544,0.2462740612622397,0.3593859478048515,0.3069958847736626,-0.0035968079030971323,1.293702709178199e-5,TRUE,WI,92,1316.697163297052
3,MRP2,56,0.3136651765058632,0.25135361544617557,0.38849047859384284,0.2782152230971129,0.03544995340875029,0.0012566991966825663,TRUE,WY,40,707.0633057905497
4,MRP2,01,0.33110334516706774,0.28435632719713216,0.3740723217096378,0.3007135575942915,0.030389787572776217,9.235391887184637e-4,TRUE,AL,69,976.9706995971427
4,MRP2,04,0.31360687520272135,0.27931311044362156,0.35023670451855754,0.28578919769271105,0.027817677510010297,7.738231820509327e-4,TRUE,AZ,136,1976.6503733610334
4,MRP2,05,0.3193373308938419,0.2739964552399041,0.3619834170997482,0.2849035187287174,0.03443381216512453,0.0011856874202230783,TRUE,AR,69,1024.3350830388158
4,MRP2,06,0.35012167091322804,0.31951697181267524,0.39313189153773526,0.3766891891891892,-0.026567518275961155,7.0583302734353e-4,TRUE,CA,329,4771.472234193188
4,MRP2,08,0.3011318903129988,0.2531140314459675,0.3380407594630516,0.2865264354747015,0.014605454838297283,2.1331931103354151e-4,TRUE,CO,120,1774.0728873737787
4,MRP2,09,0.32303810017264245,0.2787142121712302,0.3636851084504611,0.3638113570741097,-0.04077325690146727,0.0016624584783530483,FALSE,CT,71,1050.8487960385298
4,MRP2,10,0.3169990916650255,0.27679921483706715,0.3553635801097222,0.3221957040572792,-0.005196612392253719,2.700478035532492e-5,TRUE,DE,82,1492.4380984598408
4,MRP2,11,0.34203012086893897,0.2984784170041782,0.38636850488911423,0.2659758203799655,0.07605430048897349,0.005784256622867074,FALSE,DC,55,1020.9806293819595
4,MRP2,12,0.3204597570898201,0.2864988078506544,0.3577774572848435,0.35494880546075086,-0.03448904837093075,0.0011894944575324012,TRUE,FL,185,2568.6048184774477
4,MRP2,13,0.33664024886430427,0.2970624338444272,0.3777830027068647,0.3376770538243626,-0.001036804960058313,1.0749645252015198e-6,TRUE,GA,131,1859.6790579061765
4,MRP2,16,0.29737603475480284,0.24397805255020436,0.3376778746996237,0.27474747474747474,0.022628560007328102,5.120517280052488e-4,TRUE,ID,78,1288.0687166073956
4,MRP2,17,0.32742960190395753,0.2867728615919627,0.3716555040974737,0.3270967741935484,3.3282771040915593e-4,1.1077428481620097e-7,TRUE,IL,105,1442.020280637396
4,MRP2,18,0.31726295938156496,0.2747278487724671,0.36551185973538436,0.3194805194805195,-0.0022175600989545186,4.917572792475174e-6,TRUE,IN,79,1086.7153759561454
4,MRP2,19,0.31463568212504484,0.27226653527472616,0.3609945312154141,0.28534031413612565,0.029295367988919185,8.582185856061909e-4,TRUE,IA,83,1259.9735157707782
4,MRP2,20,0.29634691709160116,0.24049263153563033,0.33504802246415644,0.2644787644787645,0.03186815261283665,0.0010155791509550477,TRUE,KS,64,962.7327514325294
4,MRP2,21,0.3225576779383938,0.278093496438519,0.3686910782966507,0.3541300527240773,-0.03157237478568353,9.968148496076652e-4,TRUE,KY,74,1086.5667589219402
4,MRP2,22,0.34518770865872567,0.3034596363364003,0.3990553590248972,0.40809248554913297,-0.0629047768904073,0.00395701095563192,FALSE,LA,54,780.8749328399027
4,MRP2,23,0.29879673657288053,0.2560229251716123,0.3506157315674581,0.2982456140350877,5.511225377928253e-4,3.037360516632041e-7,TRUE,ME,73,1231.9278628735347
4,MRP2,24,0.33290713523457943,0.29277074581498674,0.3769688058763525,0.30939226519337015,0.02351487004120928,5.529491130549617e-4,TRUE,MD,120,1800.9743811577357
4,MRP2,25,0.3221590078495524,0.28650135452354125,0.36860701730342393,0.3460096411355115,-0.0238506332859591,5.688527081413002e-4,TRUE,MA,113,1729.2216600035297
4,MRP2,26,0.32590716710464535,0.28996951202099847,0.3692100348021073,0.40276356192425794,-0.0768563948196126,0.0059069054246681735,FALSE,MI,128,1845.2400847755168
4,MRP2,27,0.3029103406920222,0.25652997971146385,0.3481609345385931,0.31893004115226337,-0.01601970046024115,2.5663080283585047e-4,TRUE,MN,90,1336.7693695261235
4,MRP2,28,0.32929507634287253,0.27638054001401774,0.3735660913204897,0.33690476190476193,-0.007609685561889401,5.790731435082801e-5,TRUE,MS,65,969.758276584829
4,MRP2,29,0.33197428598502193,0.2918436070002667,0.3900771138915063,0.31070496083550914,0.021269325149512797,4.5238419231569756e-4,TRUE,MO,77,1124.3374441005867
4,MRP2,30,0.32235163873245776,0.27921238561389844,0.39062096200302837,0.27586206896551724,0.04648956976694052,0.00216128009711523,FALSE,MT,62,1102.7906874497696
4,MRP2,31,0.3085263968853253,0.2651399152060587,0.3477475380656967,0.2688553682342502,0.03967102865107508,0.0015737905142344198,TRUE,NE,81,1285.068749446911
4,MRP2,32,0.3254154812135381,0.28474080655156603,0.36765340711178957,0.3879310344827586,-0.06251555326922054,0.00390819440055675,FALSE,NV,73,1126.499739325239
4,MRP2,33,0.31374393715353777,0.27425096527899295,0.3646864659434899,0.3114874815905744,0.0022564555629633887,5.091591707628423e-6,TRUE,NH,86,1509.1002274970504
4,MRP2,34,0.3240227469692233,0.2847269291367872,0.3638003992704559,0.3675276752767528,-0.0435049283075295,0.0018926787870432815,FALSE,NJ,107,1492.11409575083
4,MRP2,35,0.30602237507270746,0.24662408196338886,0.3463439323381189,0.3167062549485352,-0.010683879875827751,1.141452892011172e-4,TRUE,NM,74,1173.5931987850984
4,MRP2,36,0.3316960177453745,0.29383648344063523,0.3743800646469683,0.34244946492271106,-0.010753447177336561,1.1563662619576766e-4,TRUE,NY,127,1688.502929961134
4,MRP2,37,0.3318536433091639,0.29104949534949487,0.3773929883937831,0.30879199428162973,0.02306164902753416,5.318396558691672e-4,TRUE,NC,93,1288.8705659831119
4,MRP2,38,0.2985667260403096,0.24205892230144418,0.3404635780136029,0.3009079118028534,-0.0023411857625438293,5.481150774737931e-6,TRUE,ND,53,888.0240021789203
4,MRP2,39,0.32264389042658786,0.28115367484564935,0.36749343679886043,0.3185703185703186,0.004073571856269276,1.659398766818911e-5,TRUE,OH,89,1233.9558835089917
4,MRP2,40,0.3290969736680317,0.2871355178228088,0.3704944573752841,0.28644240570846075,0.042654567959570955,0.0018194121678176572,FALSE,OK,73,1070.788266702454
4,MRP2,41,0.30875578891766725,0.26916280064710146,0.348487909631654,0.3165644171779141,-0.007808628260246864,6.097467530672596e-5,TRUE,OR,109,1670.573282785925
4,MRP2,42,0.3254498367530226,0.2901974892434835,0.36968025415562344,0.3404605263157895,-0.01501068956276691,2.2532080114975945e-4,TRUE,PA,126,1777.9600416642022
4,MRP2,44,0.3246294691112663,0.28395265095714806,0.3742905872384511,0.3433667781493868,-0.018737309038120542,3.5108674999003375e-4,TRUE,RI,51,856.4122702822658
4,MRP2,45,0.308228255729747,0.25762872504051,0.34676317328992584,0.31290849673202614,-0.004680241002279151,2.190465583941495e-5,TRUE,SC,82,1179.3920125264353
4,MRP2,46,0.30856715379800986,0.2643886373415656,0.3578706385097094,0.2953846153846154,0.013182538413394451,1.737793190206203e-4,TRUE,SD,35,595.9481543359432
4,MRP2,47,0.32303672942070716,0.281818431751135,0.3640021594381234,0.327212020033389,-0.004175290612681848,1.7433051700349162e-5,TRUE,TN,94,1337.796300753815
4,MRP2,48,0.3430830289470846,0.31051950888085944,0.3768649104008259,0.33565823888404533,0.007424790063039255,5.512750748020646e-5,TRUE,TX,250,3505.69868187267
4,MRP2,49,0.31044313366777193,0.2651055488764748,0.3494229141363842,0.2304,0.08004313366777194,0.006406903247356805,FALSE,UT,107,1710.0564635339383
4,MRP2,50,0.2928800520657113,0.24497951943808574,0.3335601821324043,0.33587786259541985,-0.042997810529708524,0.0018488117103487133,FALSE,VT,67,1214.7399322796048
4,MRP2,51,0.32300477141445527,0.2849906273877322,0.3593489070984799,0.2716180371352785,0.05138673427917678,0.002640596459878722,FALSE,VA,113,1661.318517969816
4,MRP2,53,0.31650156059997403,0.2826164954792652,0.3539400045600512,0.32831683168316833,-0.0118152710831943,1.3960063076936743e-4,TRUE,WA,177,2697.0800914078163
4,MRP2,54,0.31567147931175654,0.2737174692287518,0.3652646599464627,0.27807486631016043,0.03759661300159611,0.001413505309191786,TRUE,WV,52,854.4894613648985
4,MRP2,55,0.30735613151306534,0.2643972258435306,0.3493711203814537,0.3069958847736626,3.6024673940276974e-4,1.297777132503271e-7,TRUE,WI,72,1028.5111329101505
4,MRP2,56,0.3135441789418242,0.2731566514643198,0.36923420641867244,0.2782152230971129,0.035328955844711296,0.0012481351210775603,TRUE,WY,45,819.7579516975666
5,MRP2,01,0.3160671480661291,0.2539586276130847,0.3780430761968579,0.3007135575942915,0.015353590471837597,2.3573274037690225e-4,TRUE,AL,80,1125.1192440401585
5,MRP2,04,0.3322437365731845,0.2765526630322124,0.3892273734971499,0.28578919769271105,0.04645453888047346,0.0021580241825974204,TRUE,AZ,129,1927.893943101682
5,MRP2,05,0.30687186936645633,0.23789872070651957,0.3742407857333226,0.2849035187287174,0.021968350637738943,4.82608429742645e-4,TRUE,AR,59,878.4891511406599
5,MRP2,06,0.32696758414405747,0.2851433153760846,0.3743920947690778,0.3766891891891892,-0.049721605045131734,0.0024722380082640694,FALSE,CA,315,4478.7280681825905
5,MRP2,08,0.3060911156648916,0.24950433075993314,0.3667436363279736,0.2865264354747015,0.019564680190190087,3.8277671094441644e-4,TRUE,CO,135,2014.8077720869792
5,MRP2,09,0.3070061208609715,0.24319386063166704,0.37430717244340356,0.3638113570741097,-0.05680523621313821,0.0032268348612304286,TRUE,CT,58,857.3119010359043
5,MRP2,10,0.2957821351780031,0.2310851628384647,0.35706492423065533,0.3221957040572792,-0.026413568879276095,6.976766209402626e-4,TRUE,DE,68,1214.0505363464504
5,MRP2,11,0.3094762922623172,0.24055698269530545,0.37014590714134404,0.2659758203799655,0.04350047188235173,0.0018922910539872736,TRUE,DC,57,1045.1848530216457
5,MRP2,12,0.3404004414576846,0.2928520017024039,0.39324517371243783,0.35494880546075086,-0.01454836400306625,2.1165489516571383e-4,TRUE,FL,202,2856.946792690901
5,MRP2,13,0.3218637787095063,0.2631752383964917,0.38151287156129615,0.3376770538243626,-0.015813275114856307,2.5005966985813376e-4,TRUE,GA,106,1481.4197911340787
5,MRP2,16,0.2922120253182992,0.2366275416548754,0.35427887949394377,0.27474747474747474,0.017464550570824466,3.050105266408852e-4,TRUE,ID,93,1556.72034743296
5,MRP2,17,0.3290884912532179,0.2697632717710917,0.39199919337654027,0.3270967741935484,0.0019917170596694955,3.966936845778501e-6,TRUE,IL,116,1628.205591773329
5,MRP2,18,0.27810458334488214,0.214569436503995,0.34017853036772006,0.3194805194805195,-0.04137593613563734,0.0017119680911003396,TRUE,IN,85,1169.125016503987
5,MRP2,19,0.28311712849540893,0.2177583374733072,0.34462834943172105,0.28534031413612565,-0.0022231856407167183,4.942554393089005e-6,TRUE,IA,82,1238.5519026280942
5,MRP2,20,0.2878640609661077,0.22096777466124978,0.3502928288877922,0.2644787644787645,0.02338529648734322,5.468720918009472e-4,TRUE,KS,89,1326.7666064913224
5,MRP2,21,0.32770246071638365,0.2677989657342558,0.3971246094363417,0.3541300527240773,-0.02642759200769368,6.984176193251149e-4,TRUE,KY,73,1058.7311704671058
5,MRP2,22,0.40043379291497133,0.3259129407548324,0.5056533112641881,0.40809248554913297,-0.007658692634161635,5.8655572864561675e-5,TRUE,LA,53,778.8777585184718
5,MRP2,23,0.30547623590792883,0.23891035018408308,0.38583235009359046,0.2982456140350877,0.007230621872841125,5.2281892668008505e-5,TRUE,ME,56,926.7500529473978
5,MRP2,24,0.3548572933044901,0.29544666801099184,0.4163032656630368,0.30939226519337015,0.045465028111119965,0.0020670687811449287,TRUE,MD,123,1849.5298534029519
5,MRP2,25,0.32862320435069575,0.27078210815803905,0.3861777581624601,0.3460096411355115,-0.017386436784815773,3.02288184072395e-4,TRUE,MA,131,1925.973571594856
5,MRP2,26,0.3614722619927978,0.30297966667531884,0.42551442672259226,0.40276356192425794,-0.041291299931460135,0.0017049714500297997,TRUE,MI,142,2052.235799543366
5,MRP2,27,0.312906337534636,0.25277519479952926,0.38539212658874483,0.31893004115226337,-0.006023703617627385,3.628500527301725e-5,TRUE,MN,99,1444.4568238673526
5,MRP2,28,0.35803259038106716,0.2865125651849354,0.43319783589791794,0.33690476190476193,0.021127828476305233,4.463851361241743e-4,TRUE,MS,52,800.9193776654423
5,MRP2,29,0.289317211593168,0.22995484107668648,0.35225197376521794,0.31070496083550914,-0.02138774924234116,4.574358176532648e-4,TRUE,MO,93,1333.4247284227974
5,MRP2,30,0.2833051061790288,0.22348391255913824,0.34673506420330025,0.27586206896551724,0.007443037213511583,5.539880296171827e-5,TRUE,MT,77,1333.697822127363
5,MRP2,31,0.30839561891376555,0.25063325497006506,0.3741938571193266,0.2688553682342502,0.03954025067951533,0.0015634314237989127,TRUE,NE,71,1156.05375357637
5,MRP2,32,0.32613924563236163,0.26522683565237015,0.3940817358684115,0.3879310344827586,-0.06179178885039699,0.0038182251693320455,TRUE,NV,70,1121.167475145084
5,MRP2,33,0.33506227559809904,0.26930230590367726,0.41341179137378953,0.3114874815905744,0.023574794007524658,5.557709124972205e-4,TRUE,NH,76,1332.705856968281
5,MRP2,34,0.3123303560543586,0.24776363256354494,0.37305929946961786,0.3675276752767528,-0.05519731922239418,0.0030467440493388864,TRUE,NJ,83,1144.4281207722709
5,MRP2,35,0.3423156198937386,0.2839415712338325,0.4123236869544123,0.3167062549485352,0.025609364945203383,6.558395728966118e-4,TRUE,NM,72,1217.4055473642768
5,MRP2,36,0.287080049507701,0.22880146273393678,0.3409403612438866,0.34244946492271106,-0.05536941541501006,0.0030657721633999538,FALSE,NY,121,1577.398576319573
5,MRP2,37,0.3430301276872634,0.2825710679200161,0.41078266509853456,0.30879199428162973,0.03423813340563364,0.0011722497791019663,TRUE,NC,84,1160.2880919885886
5,MRP2,38,0.3158585911925954,0.24970344101135464,0.4001715816764324,0.3009079118028534,0.014950679389741983,2.2352281421485573e-4,TRUE,ND,40,696.6302600693929
5,MRP2,39,0.36158968561861743,0.29410996956781277,0.44396249618883715,0.3185703185703186,0.04301936704829884,0.00185066594123626,TRUE,OH,84,1196.1827917469925
5,MRP2,40,0.3032496640163622,0.24359271223296572,0.3625447379651981,0.28644240570846075,0.016807258307901474,2.8248393182852313e-4,TRUE,OK,74,1074.747047145753
5,MRP2,41,0.3254067666382343,0.26472457739571703,0.3971029105718896,0.3165644171779141,0.008842349460320198,7.81871439784249e-5,TRUE,OR,96,1490.1346376190693
5,MRP2,42,0.3069002378669567,0.24940971514877838,0.36228019663176714,0.3404605263157895,-0.0335602884488328,0.0011262929607688602,TRUE,PA,127,1796.18298950704
5,MRP2,44,0.3161864769311988,0.24576940234913597,0.3932250224802203,0.3433667781493868,-0.02718030121818804,7.387687743114343e-4,TRUE,RI,51,860.0221841072745
5,MRP2,45,0.3297448377579154,0.26337230357513547,0.4000124100223357,0.31290849673202614,0.016836341025889268,2.8346237914004207e-4,TRUE,SC,70,1038.3782383588712
5,MRP2,46,0.2737392912893344,0.20358121845133223,0.34392501956047883,0.2953846153846154,-0.021645324095281027,4.6852005518975337e-4,TRUE,SD,37,595.071373322596
5,MRP2,47,0.31954502249225625,0.25974035731604156,0.3839098978769545,0.327212020033389,-0.0076669975411327584,5.878285129573576e-5,TRUE,TN,95,1349.228840919637
5,MRP2,48,0.3372549504311944,0.29397296804170076,0.3848927453040099,0.33565823888404533,0.0015967115471490767,2.549487764799198e-6,TRUE,TX,235,3371.4862613305704
5,MRP2,49,0.24834332754176408,0.19030244433275514,0.3066542297309332,0.2304,0.017943327541764087,3.2196300327102964e-4,TRUE,UT,124,1979.1707796713945
5,MRP2,50,0.29127452112792934,0.22869306653744673,0.3631062887630665,0.33587786259541985,-0.04460334146749051,0.0019894580700655583,TRUE,VT,55,1013.5540860857272
5,MRP2,51,0.27785501736659,0.21743196645671883,0.3349656707111701,0.2716180371352785,0.0062369802313115286,3.889992240577081e-5,TRUE,VA,123,1771.0288401733974
5,MRP2,53,0.2863913414550489,0.23689189362822882,0.3362264061188666,0.32831683168316833,-0.04192549022811942,0.0017577467308681372,TRUE,WA,184,2769.296623630786
5,MRP2,54,0.305203893402934,0.23962922505626646,0.3790904230313956,0.27807486631016043,0.027129027092773594,7.359841110004437e-4,TRUE,WV,66,1052.3844641403825
5,MRP2,55,0.2788079914975091,0.21593691888796307,0.34105561789883443,0.3069958847736626,-0.028187893276153453,7.94557327347817e-4,TRUE,WI,88,1249.28663067647
5,MRP2,56,0.31896718785951284,0.25465153768799237,0.39131824592265235,0.2782152230971129,0.04075196476239995,0.0016607226319958872,TRUE,WY,49,912.0473152974934
6,MRP2,01,0.28824271844364613,0.20446100765569591,0.35762423772749896,0.3007135575942915,-0.012470839150645396,1.5552182912127e-4,TRUE,AL,67,937.333459343739
6,MRP2,04,0.3150849611264411,0.2555165974859245,0.3717551611179829,0.28578919769271105,0.029295763433730027,8.582417551650733e-4,TRUE,AZ,120,1763.8218276051546
6,MRP2,05,0.325811996279463,0.252237070385164,0.4034034618429934,0.2849035187287174,0.040908477550745614,0.0016735035355198579,TRUE,AR,45,684.8167851115346
6,MRP2,06,0.3539210595914577,0.3083793922926882,0.39743657951673456,0.3766891891891892,-0.0227681295977315,5.183877253790972e-4,TRUE,CA,328,4689.220303596519
6,MRP2,08,0.31001553621005495,0.25225356825169226,0.364406995658105,0.2865264354747015,0.02348910073535343,5.51737853355581e-4,TRUE,CO,106,1593.2904651948256
6,MRP2,09,0.3552068266716372,0.2915870907558763,0.42697227819546407,0.3638113570741097,-0.008604530402472499,7.403794344707354e-5,TRUE,CT,73,1096.5045310535304
6,MRP2,10,0.3455426990084756,0.2888416876610356,0.4070202075046815,0.3221957040572792,0.02334699495119641,5.450821732511906e-4,TRUE,DE,77,1394.343151867968
6,MRP2,11,0.31434447321623754,0.24171138302549577,0.3788997909170814,0.2659758203799655,0.048368652836272064,0.0023395265771958096,TRUE,DC,53,1014.5708195778158
6,MRP2,12,0.3472872307832005,0.2935801487056565,0.420440736513447,0.35494880546075086,-0.0076615746775503535,5.86997265396808e-5,TRUE,FL,189,2686.9379026590514
6,MRP2,13,0.3436077262159664,0.27753715197752465,0.4067301825435633,0.3376770538243626,0.005930672391603831,3.51728750165319e-5,TRUE,GA,134,1903.2674939411254
6,MRP2,16,0.3090765287722373,0.2443678905170712,0.3705645408033243,0.27474747474747474,0.03432905402476255,0.001178483950235066,TRUE,ID,77,1307.8878938514251
6,MRP2,17,0.352063965884995,0.289903678034581,0.41859310449567305,0.3270967741935484,0.024967191691446622,6.233606609574412e-4,TRUE,IL,119,1665.9054661319935
6,MRP2,18,0.33521910171141417,0.2775224593568599,0.3986622552659748,0.3194805194805195,0.015738582230894693,2.477029706386342e-4,TRUE,IN,89,1269.9169464007598
6,MRP2,19,0.2977940932116428,0.22837899981550508,0.3670200586580359,0.28534031413612565,0.012453779075517146,1.550966132617887e-4,TRUE,IA,66,990.8485899860362
6,MRP2,20,0.29415484468237074,0.23103376341395218,0.36014195559638595,0.2644787644787645,0.029676080203606237,8.8066973625087e-4,TRUE,KS,67,1007.176826113528
6,MRP2,21,0.34986127360360236,0.29131890599348204,0.42325031695725074,0.3541300527240773,-0.004268779120474964,1.8222475179403003e-5,TRUE,KY,74,1100.4408035545262
6,MRP2,22,0.40364800236322634,0.33331922838670036,0.49739854863774197,0.40809248554913297,-0.0044444831859066225,1.975343078980668e-5,TRUE,LA,51,756.4091090939796
6,MRP2,23,0.35856262272687295,0.28810646211111574,0.4373102812132467,0.2982456140350877,0.060317008691785245,0.0036381415375248967,TRUE,ME,70,1209.3004676848766
6,MRP2,24,0.3171909763199678,0.2535986654799596,0.37764975968852144,0.30939226519337015,0.007798711126597635,6.0819895236117756e-5,TRUE,MD,119,1723.5669218400326
6,MRP2,25,0.3369855142473865,0.27773675054517005,0.3945349013351315,0.3460096411355115,-0.00902412688812504,8.14348660929813e-5,TRUE,MA,128,1906.0052483469522
6,MRP2,26,0.3812105627819132,0.32019524134082833,0.4479595659953911,0.40276356192425794,-0.021552999142344764,4.6453177202991413e-4,TRUE,MI,136,1970.4005996435951
6,MRP2,27,0.3373587960906368,0.27779212810833137,0.39907530394731244,0.31893004115226337,0.018428754938373426,3.3961900857862294e-4,TRUE,MN,100,1488.6024507406762
6,MRP2,28,0.3428014168406575,0.2733406183745254,0.40818916964666657,0.33690476190476193,0.005896654935895584,3.477053943302176e-5,TRUE,MS,61,917.1117578350652
6,MRP2,29,0.3380138611453515,0.27505098454604526,0.4086804222965825,0.31070496083550914,0.027308900309842343,7.457760361329072e-4,TRUE,MO,79,1140.1195487675132
6,MRP2,30,0.32868615407712454,0.2671853251240624,0.3991915361149053,0.27586206896551724,0.0528240851116073,0.002790383967878332,TRUE,MT,59,1049.4041308959424
6,MRP2,31,0.2717802662129607,0.1864733876924637,0.333068374107279,0.2688553682342502,0.0029248979787104834,8.555028185864672e-6,TRUE,NE,75,1171.5284744567382
6,MRP2,32,0.3725335632777899,0.3082111379537264,0.45457412451438606,0.3879310344827586,-0.015397471204968705,2.3708211950784042e-4,TRUE,NV,65,1033.5219919353556
6,MRP2,33,0.28858785103090756,0.21475766186236075,0.35255232634726835,0.3114874815905744,-0.022899630559666817,5.243930797692263e-4,TRUE,NH,81,1399.892022849054
6,MRP2,34,0.35163179232035024,0.2852358137386984,0.42582497964361915,0.3675276752767528,-0.01589588295640254,2.5267909496364877e-4,TRUE,NJ,85,1163.5619712463433
6,MRP2,35,0.3739019875808332,0.31699045102912915,0.44644635711765623,0.3167062549485352,0.05719573263229799,0.0032713518313453173,FALSE,NM,85,1445.885880275946
6,MRP2,36,0.3766732131826126,0.3203626333802452,0.4380617575737466,0.34244946492271106,0.03422374825990154,0.0011712649449571138,TRUE,NY,136,1905.8350288688384
6,MRP2,37,0.36481816847210197,0.3057570020784837,0.4328592966823143,0.30879199428162973,0.05602617419047223,0.003138932194421137,TRUE,NC,107,1513.5764132694576
6,MRP2,38,0.311222224847884,0.23913763022359816,0.38371212337802774,0.3009079118028534,0.010314313045030554,1.0638505359088747e-4,TRUE,ND,50,880.4149093552571
6,MRP2,39,0.32607010448311724,0.26450214023451496,0.39329069843991016,0.3185703185703186,0.007499785912798651,5.6246788737813096e-5,TRUE,OH,101,1375.2151595489279
6,MRP2,40,0.358454990412183,0.2912714107494114,0.43635733354993633,0.28644240570846075,0.07201258470372224,0.00518581235571077,FALSE,OK,67,984.9277094084468
6,MRP2,41,0.3499822455100171,0.28546729870576887,0.425132656689998,0.3165644171779141,0.033417828332102995,0.0011167512504339056,TRUE,OR,96,1484.052019467389
6,MRP2,42,0.3390367724288932,0.28549713850574254,0.4020753684699755,0.3404605263157895,-0.0014237538868963062,2.02707513045234e-6,TRUE,PA,136,1908.2565168012234
6,MRP2,44,0.3113351838610619,0.24809009546113067,0.37505562353419925,0.3433667781493868,-0.032031594288324916,0.0010260230326518494,TRUE,RI,59,1014.0394343175801
6,MRP2,45,0.3376715318644348,0.2789709171779851,0.40656577100333824,0.31290849673202614,0.024763035132408684,6.132079089689068e-4,TRUE,SC,87,1269.4430710168895
6,MRP2,46,0.28027355488169603,0.20568150711206024,0.3464348953055278,0.2953846153846154,-0.015111060502919382,2.2834414952289017e-4,TRUE,SD,39,634.1985364746831
6,MRP2,47,0.29732270072239475,0.22628610225556473,0.3602463074371735,0.327212020033389,-0.029889319310994256,8.933714088745741e-4,TRUE,TN,78,1083.5084424089605
6,MRP2,48,0.3213737055556837,0.27211689092175956,0.3704642366754981,0.33565823888404533,-0.01428453332836166,2.0404789240907503e-4,TRUE,TX,249,3497.597832036657
6,MRP2,49,0.30802943697469903,0.25517932691734135,0.3650863776651791,0.2304,0.07762943697469904,0.0060263294850087705,FALSE,UT,130,2118.5008763575215
6,MRP2,50,0.2977344494392911,0.23457135940614157,0.3638748307560845,0.33587786259541985,-0.038143413156128736,0.0014549199671991346,TRUE,VT,55,996.4100798300051
6,MRP2,51,0.27706301779005527,0.22059508374350015,0.33842373194653685,0.2716180371352785,0.0054449806547767765,2.9647814330893335e-5,TRUE,VA,137,1986.951280502886
6,MRP2,53,0.35056242634207196,0.2998290421705118,0.4017648355051222,0.32831683168316833,0.022245594658903634,4.948664817282419e-4,TRUE,WA,169,2583.003822529
6,MRP2,54,0.32310679808074494,0.25932519450910185,0.39152440285554296,0.27807486631016043,0.04503193177058451,0.0020278748789905785,TRUE,WV,58,948.829947996332
6,MRP2,55,0.3187876170557384,0.2527512906804951,0.3844727249303687,0.3069958847736626,0.011791732282075806,1.3904495021214872e-4,TRUE,WI,71,1015.5508245911288
6,MRP2,56,0.305607320462741,0.23791458664430587,0.3747778150669473,0.2782152230971129,0.027392097365628088,7.503269980880492e-4,TRUE,WY,45,788.2357982172359
7,MRP2,01,0.3320189315597665,0.25628528402243184,0.41445788552486007,0.3007135575942915,0.03130537396547495,9.800264391182367e-4,TRUE,AL,72,1025.2933063297826
7,MRP2,04,0.31137005247872024,0.260156364779939,0.37011009537434725,0.28578919769271105,0.02558085478600919,6.543801315828892e-4,TRUE,AZ,135,1976.2525840936278
7,MRP2,05,0.28206491455685373,0.20739857314800642,0.3630951803344506,0.2849035187287174,-0.0028386041718636568,8.057673644521756e-6,TRUE,AR,55,827.7475565579368
7,MRP2,06,0.3870223150885778,0.34213103148728763,0.44320547045837816,0.3766891891891892,0.010333125899388618,1.0677349085261583e-4,TRUE,CA,304,4392.6310925878015
7,MRP2,08,0.25343804379120677,0.19936091492907232,0.3057578859461783,0.2865264354747015,-0.033088391683494756,0.0010948416642003649,TRUE,CO,144,2102.1781069371154
7,MRP2,09,0.3912174046101578,0.32065583085186544,0.46764720282593153,0.3638113570741097,0.027406047536048084,7.510914415481272e-4,TRUE,CT,77,1171.4478202916791
7,MRP2,10,0.2878924367017967,0.22340070907949092,0.354027096013634,0.3221957040572792,-0.0343032673554825,0.0011767141512617116,TRUE,DE,73,1291.8533401048817
7,MRP2,11,0.2813942284826757,0.21316591513163946,0.3591167193759403,0.2659758203799655,0.015418408102710224,2.377273084217203e-4,TRUE,DC,52,962.0100070573061
7,MRP2,12,0.3535609198229851,0.2989515944484313,0.4067495714615486,0.35494880546075086,-0.0013878856377657622,1.9262265435164768e-6,TRUE,FL,198,2795.0063282430087
7,MRP2,13,0.31190073668990415,0.25057901493416046,0.37337176511635317,0.3376770538243626,-0.025776317134458437,6.644185250161757e-4,TRUE,GA,121,1689.7432264383867
7,MRP2,16,0.2559282830840348,0.19317819100800188,0.32195363602887656,0.27474747474747474,-0.018819191663439927,3.5416197486528683e-4,TRUE,ID,89,1493.888274019667
7,MRP2,17,0.3199125091754186,0.257418026902394,0.38828870630991935,0.3270967741935484,-0.0071842650181297985,5.1613663850723553e-5,TRUE,IL,130,1806.207485941191
7,MRP2,18,0.28780678521348646,0.22137914165208952,0.3630929100988783,0.3194805194805195,-0.031673734267033016,0.0010032254424186214,TRUE,IN,68,966.9665831291978
7,MRP2,19,0.3064543838337925,0.23474997297586234,0.3824528812652663,0.28534031413612565,0.021114069697666826,4.458039391979325e-4,TRUE,IA,82,1271.9600764779732
7,MRP2,20,0.29814239591593683,0.21886941895335923,0.3812888498088694,0.2644787644787645,0.033663631437172326,0.001133240081537777,TRUE,KS,58,876.1580654945899
7,MRP2,21,0.2998271216144406,0.229878153838057,0.37914793961987964,0.3541300527240773,-0.05430293110963674,0.002948808327097954,TRUE,KY,68,987.3822947820022
7,MRP2,22,0.3852188053140877,0.3107706347102211,0.47687271895217886,0.40809248554913297,-0.02287368023504527,5.232052474951006e-4,TRUE,LA,53,773.4176240478615
7,MRP2,23,0.2537057582532814,0.17818562726353018,0.33957226700210386,0.2982456140350877,-0.0445398557818063,0.0019837987530641043,TRUE,ME,56,908.5976939860166
7,MRP2,24,0.3571510102691797,0.2943467990231563,0.4259825734205577,0.30939226519337015,0.04775874507580957,0.002280897731216165,TRUE,MD,108,1606.0597041665246
7,MRP2,25,0.356100534582769,0.29428182675398884,0.4224573841985361,0.3460096411355115,0.010090893447257498,1.0182613056390432e-4,TRUE,MA,140,2087.6125343691974
7,MRP2,26,0.4259795104958228,0.358003504881297,0.5018792814456885,0.40276356192425794,0.023215948571564837,5.389802680775434e-4,TRUE,MI,138,2032.8091260464403
7,MRP2,27,0.33227407480162563,0.25861664316532224,0.41220982698222863,0.31893004115226337,0.013344033649362264,1.7806323403531238e-4,TRUE,MN,94,1400.1334833286521
7,MRP2,28,0.34826543091504425,0.2728892209712997,0.42656928150531837,0.33690476190476193,0.01136066901028232,1.2906480036118908e-4,TRUE,MS,57,846.0430886956841
7,MRP2,29,0.2720850484641921,0.20130864093748607,0.34929856692506733,0.31070496083550914,-0.03861991237131701,0.0014914976315682047,TRUE,MO,71,1004.9337183528418
7,MRP2,30,0.2865037793572194,0.22205599911036208,0.35598076070014995,0.27586206896551724,0.010641710391702142,1.1324600006086134e-4,TRUE,MT,78,1373.856134887476
7,MRP2,31,0.3070745603903053,0.23086043482329024,0.39261182219153357,0.2688553682342502,0.03821919215605507,0.0014607066490614615,TRUE,NE,57,932.4099882726296
7,MRP2,32,0.3101571139194165,0.24767962377608976,0.37691321344003587,0.3879310344827586,-0.07777392056334209,0.006048782719793045,FALSE,NV,81,1254.0146841706141
7,MRP2,33,0.33520198729251083,0.25893401974278557,0.4290208864367027,0.3114874815905744,0.02371450570193645,5.623777806871764e-4,TRUE,NH,59,1046.328193922021
7,MRP2,34,0.35308421653381006,0.28340185349401226,0.4272512815830937,0.3675276752767528,-0.014443458742942727,2.086135004590887e-4,TRUE,NJ,88,1225.9826598767747
7,MRP2,35,0.34173413193543195,0.26977267757848095,0.41683459417658486,0.3167062549485352,0.025027876986896735,6.263946264712352e-4,TRUE,NM,66,1098.1409505749077
7,MRP2,36,0.3278676091438787,0.26245766765465556,0.39917831185321895,0.34244946492271106,-0.014581855778832364,2.1263051795466682e-4,TRUE,NY,125,1663.8942521753079
7,MRP2,37,0.35476818264609067,0.2890149351312693,0.4274675586659861,0.30879199428162973,0.045976188364460935,0.0021138098965243933,TRUE,NC,99,1383.9557027175983
7,MRP2,38,0.3132315352805423,0.23983378577432102,0.3990384673393379,0.3009079118028534,0.012323623477688894,1.518716956198449e-4,TRUE,ND,46,822.0891805998695
7,MRP2,39,0.26487302245243716,0.20295670593958537,0.3322349352905855,0.3185703185703186,-0.05369729611788143,0.0028833996103714444,TRUE,OH,102,1350.3125097431553
7,MRP2,40,0.25311161226056494,0.18777991753473933,0.3233683628613551,0.28644240570846075,-0.0333307934478958,0.0011109417918662937,TRUE,OK,73,1040.9432361029872
7,MRP2,41,0.3018091397921696,0.23908689772779776,0.371474036188244,0.3165644171779141,-0.014755277385744503,2.1771821073026315e-4,TRUE,OR,119,1815.8730658977997
7,MRP2,42,0.33868280323367633,0.2756100703036634,0.40535122629401354,0.3404605263157895,-0.0017777230821131584,3.1602993566779074e-6,TRUE,PA,131,1852.5582596468635
7,MRP2,44,0.3708252396335679,0.29126115631876864,0.4621190964390641,0.3433667781493868,0.027458461484181074,7.539671070782555e-4,TRUE,RI,40,698.763140593412
7,MRP2,45,0.28845537490417894,0.21997005484828663,0.3578650017257001,0.31290849673202614,-0.024453121827847202,5.979551671275372e-4,TRUE,SC,89,1281.927471648029
7,MRP2,46,0.29918891298266964,0.22319107206567046,0.3870083794579732,0.2953846153846154,0.0038042975980542293,1.4472680214561179e-5,TRUE,SD,46,764.6137873364029
7,MRP2,47,0.3514527864410505,0.2847067865594334,0.42441863999027374,0.327212020033389,0.024240766407661485,5.876147560308094e-4,TRUE,TN,90,1273.8898206879753
7,MRP2,48,0.34197982927025317,0.29613938373128135,0.39055994622366197,0.33565823888404533,0.0063215903862078315,3.996250501099528e-5,TRUE,TX,251,3514.9087574194496
7,MRP2,49,0.2851673598821693,0.22316591461113722,0.351837936759034,0.2304,0.0547673598821693,0.002999463708463047,TRUE,UT,118,1872.8993198095436
7,MRP2,50,0.34127469392745863,0.26513233302414974,0.4191915045982477,0.33587786259541985,0.005396831332038776,2.9125788426475433e-5,TRUE,VT,63,1202.4509445785166
7,MRP2,51,0.29855600729096815,0.24481009874414866,0.3619556536472441,0.2716180371352785,0.02693797015568966,7.256542361088269e-4,TRUE,VA,135,1950.2735485232488
7,MRP2,53,0.30690527800219625,0.2542872351440897,0.3615614598580188,0.32831683168316833,-0.021411553680972084,4.584546310331492e-4,TRUE,WA,171,2564.793185538184
7,MRP2,54,0.358413369087348,0.2731056589659644,0.453259690509122,0.27807486631016043,0.08033850277718757,0.006454275028480175,TRUE,WV,56,911.6562870992557
7,MRP2,55,0.34788776738421096,0.2753386865135489,0.4302065884173368,0.3069958847736626,0.04089188261054838,0.001672146063434869,TRUE,WI,88,1291.1684800864803
7,MRP2,56,0.28374137017391454,0.2055438458544428,0.3790382029663975,0.2782152230971129,0.005526147076801657,3.0538301514443504e-5,TRUE,WY,34,583.4303882763805
8,MRP2,01,0.3294296119078084,0.2613469445989241,0.40166312873058674,0.3007135575942915,0.02871605431351687,8.246117753368509e-4,TRUE,AL,74,1050.690748495988
8,MRP2,04,0.2536572281090673,0.19642595184861086,0.3140231534654217,0.28578919769271105,-0.03213196958364373,0.0010324634693242055,TRUE,AZ,134,1932.688692332469
8,MRP2,05,0.2794352311117973,0.2052155368381897,0.3505260211220258,0.2849035187287174,-0.005468287616920087,2.9902169461361562e-5,TRUE,AR,50,733.4942162706812
8,MRP2,06,0.3406399601822692,0.2972324884296736,0.3854723846989468,0.3766891891891892,-0.03604922900691998,0.001299546911993361,TRUE,CA,318,4484.583101817463
8,MRP2,08,0.28509695043823363,0.2274592509249367,0.3469557506350919,0.2865264354747015,-0.0014294850364678924,2.0434274694856114e-6,TRUE,CO,103,1541.0947681309815
8,MRP2,09,0.30204475466305836,0.23511050246707155,0.3770197156147512,0.3638113570741097,-0.06176660241105136,0.003815113173404896,TRUE,CT,58,868.1582402591531
8,MRP2,10,0.30138732912144345,0.24354945654929117,0.3598339685993594,0.3221957040572792,-0.02080837493583576,4.329884674703179e-4,TRUE,DE,86,1569.2979106840119
8,MRP2,11,0.3617542055039053,0.28991925248111056,0.43716191027799967,0.2659758203799655,0.09577838512393982,0.009173499056949738,FALSE,DC,53,997.5036964654316
8,MRP2,12,0.333201473646049,0.28425956124054585,0.39483590815551467,0.35494880546075086,-0.021747331814701842,4.7294644105874294e-4,TRUE,FL,177,2482.4035694099643
8,MRP2,13,0.326397185690573,0.2702563154598609,0.3846130574327096,0.3376770538243626,-0.011279868133789561,1.272354251156812e-4,TRUE,GA,129,1830.583867246974
8,MRP2,16,0.258151747589719,0.1927853934523578,0.31470499192059154,0.27474747474747474,-0.016595727157755757,2.75418159894672e-4,TRUE,ID,88,1436.23976464121
8,MRP2,17,0.3478561924152673,0.28150277272600066,0.4251790985989177,0.3270967741935484,0.020759418221718895,4.3095344490423447e-4,TRUE,IL,92,1274.7077797821667
8,MRP2,18,0.320757300872087,0.25324322101257307,0.39498204706335327,0.3194805194805195,0.0012767813915675053,1.6301707218530552e-6,TRUE,IN,76,1069.1994235358882
8,MRP2,19,0.3086932166258353,0.23962466320390075,0.388203067433155,0.28534031413612565,0.02335290248970967,5.453580546938881e-4,TRUE,IA,62,950.8975264520009
8,MRP2,20,0.28310762056727395,0.21282052928257952,0.3539669770737521,0.2644787644787645,0.01862885608850945,3.470342791663956e-4,TRUE,KS,65,977.8736181366428
8,MRP2,21,0.3390674960824816,0.2675121909924152,0.41946187315116307,0.3541300527240773,-0.015062556641595726,2.268806125812795e-4,TRUE,KY,70,1025.0703928955545
8,MRP2,22,0.3833901077063749,0.3110053279836001,0.4769803575248023,0.40809248554913297,-0.024702377842758083,6.102074710863855e-4,TRUE,LA,59,856.8882775002937
8,MRP2,23,0.3023606308851114,0.23725780844551436,0.37272485189769144,0.2982456140350877,0.0041150168500236894,1.6933363675978887e-5,TRUE,ME,71,1183.0554137271686
8,MRP2,24,0.3235222723352483,0.26653464219049305,0.382231321617617,0.30939226519337015,0.01413000714187812,1.996571018295267e-4,TRUE,MD,115,1688.6116989709612
8,MRP2,25,0.3529384987401697,0.2908923197333285,0.4146986129177508,0.3460096411355115,0.006928857604658167,4.800906770562932e-5,TRUE,MA,127,1898.0318174668307
8,MRP2,26,0.35533820574673586,0.29366761094787996,0.4253196870353045,0.40276356192425794,-0.04742535617752208,0.002249164408564832,TRUE,MI,131,1942.095916401568
8,MRP2,27,0.29488755161059776,0.23095448740838337,0.36292549314335193,0.31893004115226337,-0.0240424895416656,5.780413033610999e-4,TRUE,MN,112,1610.9222720753805
8,MRP2,28,0.3791478283911831,0.3029551319503653,0.47433161557044845,0.33690476190476193,0.04224306648642118,0.0017844766661762,TRUE,MS,46,698.3941054777073
8,MRP2,29,0.31250381879519934,0.24577896678728806,0.38439387364360245,0.31070496083550914,0.0017988579596902032,3.235889959140801e-6,TRUE,MO,68,959.0987565764133
8,MRP2,30,0.3076265379377592,0.2444426765844635,0.3810747561435569,0.27586206896551724,0.031764468972241944,0.0010089814890885211,TRUE,MT,67,1172.1609278469512
8,MRP2,31,0.24591852575252732,0.18093704653633366,0.30739244307928176,0.2688553682342502,-0.022936842481722897,5.260987430313682e-4,TRUE,NE,67,1038.1919125982213
8,MRP2,32,0.3194258444512069,0.25759954405264673,0.3857570253650576,0.3879310344827586,-0.0685051900315517,0.004692961061259011,FALSE,NV,80,1260.9549191931158
8,MRP2,33,0.26319739427571126,0.20336218907208006,0.32314819877420914,0.3114874815905744,-0.04829008731486312,0.0023319325328771037,TRUE,NH,95,1604.3357133312725
8,MRP2,34,0.30521629157401037,0.2468799045302427,0.35994632951440597,0.3675276752767528,-0.06231138370274242,0.0038827085389503933,FALSE,NJ,128,1791.14943355417
8,MRP2,35,0.32143157752374446,0.26067643963380693,0.38563412169957706,0.3167062549485352,0.004725322575209245,2.2328673439782133e-5,TRUE,NM,88,1457.3181823082284
8,MRP2,36,0.3689328237095483,0.30698497596254015,0.434202042743994,0.34244946492271106,0.02648335878683722,7.013682926323481e-4,TRUE,NY,141,1952.228279141762
8,MRP2,37,0.2936880954304588,0.2314556196802911,0.35600364909539955,0.30879199428162973,-0.015103898851170916,2.281277605064021e-4,TRUE,NC,112,1519.4528583308243
8,MRP2,38,0.3064994840405817,0.23052414916594272,0.3884906356647761,0.3009079118028534,0.005591572237728271,3.126568008973354e-5,TRUE,ND,38,650.8998149472131
8,MRP2,39,0.3484697209597748,0.2833531717125348,0.42664566338551985,0.3185703185703186,0.02989940238945621,8.939742632466197e-4,TRUE,OH,90,1241.3286251676627
8,MRP2,40,0.27150010488030113,0.2046675125871689,0.3377794345998422,0.28644240570846075,-0.014942300828159616,2.2327235403921954e-4,TRUE,OK,80,1146.383018673564
8,MRP2,41,0.26427996563961437,0.20329486926736126,0.32973460632844037,0.3165644171779141,-0.05228445153829975,0.002733663872660815,TRUE,OR,87,1312.7958616574956
8,MRP2,42,0.32947289856921996,0.2748375791534615,0.39139594047183796,0.3404605263157895,-0.010987627746569528,1.2072796349718457e-4,TRUE,PA,133,1846.3359791770372
8,MRP2,44,0.2924011592387062,0.22355717615770085,0.366695961668767,0.3433667781493868,-0.05096561891068063,0.0025974943109487274,TRUE,RI,53,881.6055890015365
8,MRP2,45,0.33569790407932915,0.2714568842486569,0.41191759387814425,0.31290849673202614,0.022789407347303003,5.193570872413082e-4,TRUE,SC,75,1099.8102118557306
8,MRP2,46,0.31012125554785464,0.23228642664618887,0.4053810425982583,0.2953846153846154,0.014736640163239223,2.1716856330079536e-4,TRUE,SD,35,594.2764618266642
8,MRP2,47,0.34401961876359166,0.27645885403502624,0.418311392607369,0.327212020033389,0.016807598730202655,2.824953750755099e-4,TRUE,TN,87,1210.922728731921
8,MRP2,48,0.3283553149479232,0.28193694290515325,0.3757208311280292,0.33565823888404533,-0.007302923936122141,5.3332698016785706e-5,TRUE,TX,251,3513.6847974669577
8,MRP2,49,0.25027695034538244,0.19256946627398533,0.30932833283236666,0.2304,0.01987695034538245,3.950931550327995e-4,TRUE,UT,135,2186.9589344971632
8,MRP2,50,0.34977039379586317,0.28122222289033166,0.4292082318571216,0.33587786259541985,0.013892531200443314,1.9300242315529095e-4,TRUE,VT,68,1285.1024358342308
8,MRP2,51,0.27720945280042136,0.21713763724808868,0.33900507507819116,0.2716180371352785,0.005591415665142874,3.1263929140405127e-5,TRUE,VA,118,1703.9415063603367
8,MRP2,53,0.3373532300355554,0.28548475453934313,0.39437277346400923,0.32831683168316833,0.009036398352387065,8.165649518302366e-5,TRUE,WA,165,2565.6801977505534
8,MRP2,54,0.2757045580800209,0.2114644205321235,0.3454303320340902,0.27807486631016043,-0.002370308230139506,5.618361105867078e-6,TRUE,WV,59,913.5696596066607
8,MRP2,55,0.277986745068218,0.21295075946633174,0.3484700636719682,0.3069958847736626,-0.029009139705444553,8.415301864499997e-4,TRUE,WI,88,1240.1614627610054
8,MRP2,56,0.2615260099453337,0.18893375980369487,0.3381700182128128,0.2782152230971129,-0.01668921315177918,2.7852983562551915e-4,TRUE,WY,44,766.0432138592013
9,MRP2,01,0.3278809084694231,0.2664029036702332,0.39436141674661707,0.3007135575942915,0.027167350875131557,7.380649535725114e-4,TRUE,AL,57,835.0344875703191
9,MRP2,04,0.3232131995343894,0.2736758033295691,0.3771843225196319,0.28578919769271105,0.03742400184167832,0.0014005559138459424,TRUE,AZ,113,1664.1093406732532
9,MRP2,05,0.32640985186104376,0.2666112421618863,0.3976134411687295,0.2849035187287174,0.04150633313232638,0.0017227756900916546,TRUE,AR,63,948.8661184465218
9,MRP2,06,0.37410962532182823,0.3325385909935632,0.416513544643395,0.3766891891891892,-0.0025795638673609678,6.654149745794273e-6,TRUE,CA,329,4734.865669916093
9,MRP2,08,0.2915006206335442,0.23530353432516662,0.34529661657745264,0.2865264354747015,0.004974185158842681,2.4742517994450787e-5,TRUE,CO,115,1692.4074608628919
9,MRP2,09,0.3431521787667967,0.28224647178895107,0.41087005370901386,0.3638113570741097,-0.02065917830731301,4.2680164833335237e-4,TRUE,CT,55,831.8715991993403
9,MRP2,10,0.31907934218964684,0.26630550993433033,0.3767983677832143,0.3221957040572792,-0.0031163618676323668,9.711711290033093e-6,TRUE,DE,66,1196.948556931922
9,MRP2,11,0.32705033447549997,0.2698035022584106,0.3815766415616759,0.2659758203799655,0.06107451409553449,0.0037300962720056416,FALSE,DC,59,1067.6306158880382
9,MRP2,12,0.3430573335191523,0.298492961786127,0.3907672037124133,0.35494880546075086,-0.011891471941598564,1.4140710493782592e-4,TRUE,FL,204,2873.4308454202537
9,MRP2,13,0.3243062873974589,0.2732174382919747,0.3755181348304355,0.3376770538243626,-0.013370766426903657,1.78777394842814e-4,TRUE,GA,114,1605.8419116525122
9,MRP2,16,0.29444376344363216,0.23736335447650025,0.3560152031139475,0.27474747474747474,0.019696288696157416,3.879437884023784e-4,TRUE,ID,84,1410.8415671909063
9,MRP2,17,0.3487998492907448,0.28887579516914813,0.41571435789180605,0.3270967741935484,0.021703075097196434,4.71023468674548e-4,TRUE,IL,98,1371.656338852571
9,MRP2,18,0.31743632145982537,0.2545751373092481,0.3840869806434594,0.3194805194805195,-0.00204419802069411,4.178745547809717e-6,TRUE,IN,65,920.6179724303872
9,MRP2,19,0.31444566626802684,0.2544132832588206,0.38274627638979747,0.28534031413612565,0.029105352131901185,8.471215227219648e-4,TRUE,IA,80,1228.19638082222
9,MRP2,20,0.32521432967073594,0.2640279417989463,0.3864421427740285,0.2644787644787645,0.06073556519197143,0.0036888088791882114,TRUE,KS,79,1232.4143360171756
9,MRP2,21,0.3370297209449222,0.274072913273983,0.4018571058112389,0.3541300527240773,-0.017100331779155153,2.9242134695718364e-4,TRUE,KY,88,1288.9234118174504
9,MRP2,22,0.3474405176518203,0.2860027680798547,0.41439801679322624,0.40809248554913297,-0.06065196789731264,0.0036786612098166434,TRUE,LA,60,853.6708030841378
9,MRP2,23,0.26802656211956605,0.20499072436678398,0.335137138971243,0.2982456140350877,-0.030219051915521655,9.13191098672993e-4,TRUE,ME,66,1097.2202556986667
9,MRP2,24,0.31314903447215936,0.2571707672757588,0.36580234715534343,0.30939226519337015,0.003756769278789207,1.4113315414054379e-5,TRUE,MD,98,1423.0310409456208
9,MRP2,25,0.34546402440917623,0.29453629330564207,0.40583053909274264,0.3460096411355115,-5.456167263352962e-4,2.9769761205684554e-7,TRUE,MA,123,1819.5484764322025
9,MRP2,26,0.3552534620242824,0.2998741841389564,0.4210040414420047,0.40276356192425794,-0.047510099899975566,0.0022572095925056583,TRUE,MI,141,2089.4961168026207
9,MRP2,27,0.3424831695087165,0.28344770528458535,0.41613898410168115,0.31893004115226337,0.023553128356453124,5.547498553755562e-4,TRUE,MN,106,1579.1692867192005
9,MRP2,28,0.3349473851812788,0.27532876896813685,0.3957488353162775,0.33690476190476193,-0.0019573767234831174,3.8313236376335046e-6,TRUE,MS,48,709.9200562601483
9,MRP2,29,0.3075347278543593,0.24586295658005147,0.3687135277762349,0.31070496083550914,-0.003170232981149823,1.0050377154770094e-5,TRUE,MO,87,1226.1006872058447
9,MRP2,30,0.2928205712554093,0.23283426943754085,0.35814512683059607,0.27586206896551724,0.01695850228989204,2.8759079991627363e-4,TRUE,MT,65,1124.169955861304
9,MRP2,31,0.29724708895266616,0.23410461001430605,0.3629175735326089,0.2688553682342502,0.028391720718415947,8.060898053525293e-4,TRUE,NE,65,1039.809597209689
9,MRP2,32,0.32370242656774784,0.27095753307943926,0.3777949813229355,0.3879310344827586,-0.06422860791501078,0.004125314074700186,FALSE,NV,82,1275.2415491411198
9,MRP2,33,0.33382808574156286,0.27204396464521674,0.40802453458289983,0.3114874815905744,0.022340604150988486,4.99102593831164e-4,TRUE,NH,68,1199.4434506363277
9,MRP2,34,0.3501541905041672,0.2995743671854215,0.40308224727979103,0.3675276752767528,-0.0173734847725856,3.018379731432638e-4,TRUE,NJ,112,1587.9676648346863
9,MRP2,35,0.3164080548107971,0.25368540350672303,0.3742583446208229,0.3167062549485352,-2.982001377381249e-4,8.892332214703667e-8,TRUE,NM,77,1260.2107112597166
9,MRP2,36,0.35028305686343425,0.2978792178000442,0.41069927801714634,0.34244946492271106,0.007833591940723195,6.136516269376339e-5,TRUE,NY,113,1567.2531580697178
9,MRP2,37,0.323453684975727,0.26865238518027623,0.37637887540595283,0.30879199428162973,0.014661690694097285,2.149651740093789e-4,TRUE,NC,99,1362.55222359256
9,MRP2,38,0.2824863763140712,0.21533109273926815,0.34957585360548915,0.3009079118028534,-0.018421535488782226,0.00033935296976446297,TRUE,ND,44,754.7765020894528
9,MRP2,39,0.3035273437150429,0.24438646986073462,0.36532108415935405,0.3185703185703186,-0.01504297485527567,2.2629109249645607e-4,TRUE,OH,98,1309.9898265352638
9,MRP2,40,0.30921813697305633,0.2465915127010068,0.36907828689546074,0.28644240570846075,0.02277573126459559,5.18733934637077e-4,TRUE,OK,63,910.4925836478728
9,MRP2,41,0.33712531800779577,0.2837599663540148,0.40111110535498595,0.3165644171779141,0.020560900829881656,4.227506429362282e-4,TRUE,OR,104,1604.6999627228458
9,MRP2,42,0.3496224433501854,0.2950766470418962,0.4114665096031288,0.3404605263157895,0.009161917034395894,8.394072374515366e-5,TRUE,PA,130,1857.0240120593444
9,MRP2,44,0.3449274933701821,0.28850393949037945,0.41657162568056083,0.3433667781493868,0.0015607152207952613,2.435832000422001e-6,TRUE,RI,63,1107.2934458319005
9,MRP2,45,0.3355109806424188,0.27628668370614223,0.39839552165232817,0.31290849673202614,0.022602483910392657,5.108722789195589e-4,TRUE,SC,82,1186.7310835646133
9,MRP2,46,0.30446228787816265,0.24163072658157292,0.3746074451677348,0.2953846153846154,0.00907767249354724,8.240413790010416e-5,TRUE,SD,45,746.6278148853141
9,MRP2,47,0.32256583182293835,0.26153416328192486,0.3909213443933229,0.327212020033389,-0.0046461882104506524,2.1587064886930635e-5,TRUE,TN,78,1096.9230146565449
9,MRP2,48,0.3244447663349942,0.2819313215111059,0.36548302317686193,0.33565823888404533,-0.01121347254905114,1.2574196660832348e-4,TRUE,TX,284,3988.984341710574
9,MRP2,49,0.2770683810597815,0.2205785397283899,0.33382431539316737,0.2304,0.046668381059781494,0.0021779377907409723,TRUE,UT,125,1975.5936286953602
9,MRP2,50,0.3126330007311972,0.2546364108434633,0.379960836608709,0.33587786259541985,-0.023244861864222643,5.403236030867922e-4,TRUE,VT,64,1219.1112013044235
9,MRP2,51,0.30467706489503255,0.25247187534081006,0.3517486951039427,0.2716180371352785,0.033059027759754056,0.0010928993164201894,TRUE,VA,115,1657.4385082790568
9,MRP2,53,0.3153102240398882,0.26632123055766865,0.36692897372764566,0.32831683168316833,-0.013006607643280155,1.6917184238623374e-4,TRUE,WA,178,2689.741010849409
9,MRP2,54,0.2530310132761751,0.18606343693057367,0.31861929094060315,0.27807486631016043,-0.02504385303398532,6.271945747878557e-4,TRUE,WV,63,963.446410696658
9,MRP2,55,0.28784091406331314,0.22302345768685297,0.349499998468405,0.3069958847736626,-0.01915497071034944,3.669129029143449e-4,TRUE,WI,79,1123.448747475489
9,MRP2,56,0.32363058242095954,0.25935400884827914,0.39720529722661096,0.2782152230971129,0.04541535932384666,0.0020625548625141056,TRUE,WY,54,962.6393707184898
10,MRP2,01,0.30731318329279805,0.24127421732104282,0.37574975712822306,0.3007135575942915,0.006599625698506528,4.355505936038778e-5,TRUE,AL,64,900.2110085361296
10,MRP2,04,0.27936922204119286,0.2260902460141461,0.33816255459601086,0.28578919769271105,-0.006419975651518195,4.121608736608647e-5,TRUE,AZ,135,1984.793314795837
10,MRP2,05,0.31690902987201125,0.2544025124126372,0.37868182117675164,0.2849035187287174,0.03200551114329386,0.0010243527435435077,TRUE,AR,76,1150.3222359074957
10,MRP2,06,0.377399487994539,0.3301739350690583,0.4230211174147623,0.3766891891891892,7.10298805349785e-4,5.045243928813317e-7,TRUE,CA,351,5053.090939309258
10,MRP2,08,0.30372034885277005,0.24909858007879107,0.36162460932122376,0.2865264354747015,0.017193913378068526,2.9563065725252385e-4,TRUE,CO,105,1555.757342200547
10,MRP2,09,0.33444607074818977,0.2706468006700121,0.40307098890286336,0.3638113570741097,-0.029365286325919948,8.623200410032611e-4,TRUE,CT,66,976.9083640489894
10,MRP2,10,0.36823449302140815,0.3043678457901282,0.44594685889921704,0.3221957040572792,0.04603878896412894,0.002119570089283601,TRUE,DE,66,1216.0879719710433
10,MRP2,11,0.30142972629045484,0.2338050114263557,0.36473547809423956,0.2659758203799655,0.03545390591048936,0.0012569794443098323,TRUE,DC,71,1308.1511011771051
10,MRP2,12,0.347055538342678,0.2944653041792554,0.40655365115967157,0.35494880546075086,-0.007893267118072866,6.230366579725033e-5,TRUE,FL,170,2426.3572928609683
10,MRP2,13,0.30269220172304845,0.24182985771109092,0.3607619523635762,0.3376770538243626,-0.034984852101314134,0.001223939876550824,TRUE,GA,117,1648.3373409956787
10,MRP2,16,0.29202513050828116,0.23013130597030546,0.3574110078061461,0.27474747474747474,0.01727765576080642,2.985173885889273e-4,TRUE,ID,80,1344.9710929553503
10,MRP2,17,0.29463309039569374,0.23043776792718532,0.3588558567293639,0.3270967741935484,-0.03246368379785464,0.0010538907657270896,TRUE,IL,104,1422.747962110033
10,MRP2,18,0.31965465454174646,0.25747419311616027,0.3929341026467717,0.3194805194805195,1.7413506122698763e-4,3.0323019548526733e-8,TRUE,IN,80,1122.840446013692
10,MRP2,19,0.3219367638780027,0.254840325773355,0.39729011210373116,0.28534031413612565,0.036596449741877035,0.0013393001337097317,TRUE,IA,75,1120.8352160165753
10,MRP2,20,0.2788323654030461,0.21532129692848684,0.344873892022023,0.2644787644787645,0.014353600924281618,2.0602585949353812e-4,TRUE,KS,65,997.5967642394346
10,MRP2,21,0.32427558090318964,0.2579162944162954,0.3985383093846783,0.3541300527240773,-0.029854471820887685,8.912894877041768e-4,TRUE,KY,71,1047.2300818454778
10,MRP2,22,0.3474848910170569,0.2787558671260366,0.4257851852623884,0.40809248554913297,-0.06060759453207609,0.00367328051496454,TRUE,LA,50,734.446893322186
10,MRP2,23,0.3003121736514031,0.2343716454884225,0.36946217341183446,0.2982456140350877,0.002066559616315411,4.270668647785698e-6,TRUE,ME,66,1089.5932988908548
10,MRP2,24,0.2855510561556702,0.22688226263838915,0.3423916192428277,0.30939226519337015,-0.02384120903769993,5.684032483793047e-4,TRUE,MD,108,1584.9291263958683
10,MRP2,25,0.37656851500671296,0.31714757533583454,0.4415133397855092,0.3460096411355115,0.03055887387120143,9.338447722759975e-4,TRUE,MA,136,2107.0311792105795
10,MRP2,26,0.3490852114951491,0.2927876343653696,0.40800681421477464,0.40276356192425794,-0.053678350429108845,0.00288136530479021,TRUE,MI,147,2122.610358814003
10,MRP2,27,0.32472943544722876,0.2630038656758702,0.3946310902941354,0.31893004115226337,0.005799394294965399,3.3632974188477215e-5,TRUE,MN,95,1380.2906731498015
10,MRP2,28,0.306791857821387,0.23571077540562188,0.3748689946279472,0.33690476190476193,-0.030112904083374914,9.067869923345376e-4,TRUE,MS,51,733.4710774566788
10,MRP2,29,0.31875714032998514,0.2545912189965071,0.39071166573197263,0.31070496083550914,0.008052179494476008,6.48375946112599e-5,TRUE,MO,72,1019.4821577645729
10,MRP2,30,0.29406433733790965,0.2292737836650892,0.3632308685761273,0.27586206896551724,0.018202268372392416,3.3132257390059723e-4,TRUE,MT,62,1099.8427356473694
10,MRP2,31,0.3339306698991749,0.26845256783405924,0.4082144465738012,0.2688553682342502,0.0650753016649247,0.004234794886780952,TRUE,NE,72,1180.7340782397146
10,MRP2,32,0.3639025170491627,0.30202483490766024,0.43660641343504747,0.3879310344827586,-0.02402851743359591,5.773696500566225e-4,TRUE,NV,72,1142.8860806038629
10,MRP2,33,0.30518224749697437,0.24426036464044748,0.3684169889701396,0.3114874815905744,-0.0063052340936000095,3.975597697509593e-5,TRUE,NH,79,1333.122856138272
10,MRP2,34,0.3173743569420735,0.2551554200551954,0.3780594169325319,0.3675276752767528,-0.05015331833467929,0.0025153553399796776,TRUE,NJ,98,1370.6589956973592
10,MRP2,35,0.2970143645515196,0.22869896939838177,0.3592725126806598,0.3167062549485352,-0.019691890397015632,3.8777054740807645e-4,TRUE,NM,69,1108.1182945955818
10,MRP2,36,0.3514589412005622,0.2912938344829213,0.4140120128086591,0.34244946492271106,0.009009476277851147,8.117066280116256e-5,TRUE,NY,131,1802.6279257081626
10,MRP2,37,0.3412130360426055,0.2774925103730807,0.4152415815910962,0.30879199428162973,0.032421041760975766,0.0010511239488669346,TRUE,NC,107,1513.3469062284992
10,MRP2,38,0.31418536828034027,0.24243942433930438,0.3918230868894583,0.3009079118028534,0.013277456477486849,1.7629085051155748e-4,TRUE,ND,38,677.8979245370925
10,MRP2,39,0.30699150072731213,0.2439661963677769,0.37882705587451326,0.3185703185703186,-0.011578817843006461,1.340690226415248e-4,TRUE,OH,99,1331.4952452053078
10,MRP2,40,0.2942962253009396,0.22218814735234454,0.36158390985609906,0.28644240570846075,0.007853819592478828,6.16824821912043e-5,TRUE,OK,68,964.6292172253435
10,MRP2,41,0.32907442263710923,0.2751743464445872,0.39532765643857803,0.3165644171779141,0.012510005459195117,1.5650023658909164e-4,TRUE,OR,127,1970.0839494913848
10,MRP2,42,0.29856717168029856,0.2428763185626991,0.34979510694519306,0.3404605263157895,-0.04189335463549093,0.0017550531626150095,TRUE,PA,136,1876.6536714472875
10,MRP2,44,0.32856062247487117,0.26266429274872527,0.3999938974175971,0.3433667781493868,-0.014806155674515653,2.1922224585799207e-4,TRUE,RI,50,856.6275643485849
10,MRP2,45,0.29631925296674744,0.23732027528547392,0.36117674450069837,0.31290849673202614,-0.016589243765278705,2.752030087038384e-4,TRUE,SC,93,1334.805921349629
10,MRP2,46,0.35508764778564683,0.27893060478025267,0.4434704855104478,0.2953846153846154,0.05970303240103142,0.0035644520778786077,TRUE,SD,37,629.9653892356407
10,MRP2,47,0.29159833092156073,0.2247403794369524,0.3533361505309483,0.327212020033389,-0.03561368911182827,0.0012683348521539558,TRUE,TN,83,1149.153146238045
10,MRP2,48,0.3602378607023084,0.3163620887531833,0.4050078941163649,0.33565823888404533,0.024579621818263064,6.041578087288337e-4,TRUE,TX,259,3644.473198510064
10,MRP2,49,0.27326157181922056,0.20773240468994203,0.3341369662503557,0.2304,0.04286157181922057,0.0018371143388142028,TRUE,UT,111,1749.1105609876017
10,MRP2,50,0.3019216237525761,0.232917380972605,0.3775060215543789,0.33587786259541985,-0.03395623884284377,0.0011530261563522518,TRUE,VT,51,917.8047123478544
10,MRP2,51,0.3113328478372348,0.25323830599275754,0.3695124512511716,0.2716180371352785,0.039714810701956316,0.001577266189092224,TRUE,VA,127,1847.7405702630326
10,MRP2,53,0.2959541807409432,0.2428174217801384,0.3475426149502556,0.32831683168316833,-0.032362650942225124,0.0010473411760083047,TRUE,WA,175,2623.726339820685
10,MRP2,54,0.2942388533995841,0.2236331506547629,0.36663826221121876,0.27807486631016043,0.01616398708942368,2.6127447862705545e-4,TRUE,WV,57,891.3182445341691
10,MRP2,55,0.3422869004769195,0.278437247872949,0.422418308824636,0.3069958847736626,0.035291015703256934,0.0012454557893675274,TRUE,WI,84,1220.7267351190908
10,MRP2,56,0.27690980524839065,0.20497838691940795,0.3495534946725321,0.2782152230971129,-0.0013054178487222345,1.7041157597625867e-6,TRUE,WY,42,763.2838153460707
1,MRP2.1,01,0.3270880230431337,0.28234537851677344,0.36271377456297527,0.3007135575942915,0.0263744654488422,6.95612427712171e-4,TRUE,AL,72,990.995991853708
1,MRP2.1,04,0.30976257386651596,0.27318373895892345,0.3444676645845691,0.28578919769271105,0.023973376173804906,5.747227651707568e-4,TRUE,AZ,142,2083.2050904597972
1,MRP2.1,05,0.31473374563402784,0.27033723706504675,0.35230351158429707,0.2849035187287174,0.029830226905310453,8.898424372223077e-4,TRUE,AR,46,671.1368062878959
1,MRP2.1,06,0.3322145464981921,0.29841205950848,0.3632372679197002,0.3766891891891892,-0.0444746426909971,0.001977993842491862,FALSE,CA,300,4289.591789158838
1,MRP2.1,08,0.309616824966029,0.27638712450362873,0.34151514734880556,0.2865264354747015,0.023090389491327468,5.331660868612059e-4,TRUE,CO,125,1877.7070497365498
1,MRP2.1,09,0.32597875995999637,0.2896604475531417,0.3675032663084854,0.3638113570741097,-0.03783259711411335,0.001431305404398818,TRUE,CT,61,908.3560027465476
1,MRP2.1,10,0.3271518566637183,0.292703190809448,0.37306952447819536,0.3221957040572792,0.004956152606439113,2.4563448658313208e-5,TRUE,DE,67,1266.9294675534663
1,MRP2.1,11,0.34322899091154063,0.29078961463091135,0.3802971380326944,0.2659758203799655,0.07725317053157515,0.005968052357180632,FALSE,DC,50,899.4664213641361
1,MRP2.1,12,0.33620597095743127,0.3072403152653876,0.37440563545542166,0.35494880546075086,-0.018742834503319594,3.5129384521882746e-4,TRUE,FL,217,3049.265273921742
1,MRP2.1,13,0.34326489083481726,0.30564277746118795,0.379659750937174,0.3376770538243626,0.005587837010454677,3.1223922455407065e-5,TRUE,GA,114,1616.8005337782563
1,MRP2.1,16,0.30841465241559624,0.27024547596313486,0.3493668026751089,0.27474747474747474,0.033667177668121495,0.0011334788521368587,TRUE,ID,76,1301.3098209911368
1,MRP2.1,17,0.3341138084961272,0.3003440501174916,0.38251769792996904,0.3270967741935484,0.007017034302578828,4.9238770403567945e-5,TRUE,IL,118,1669.63954442939
1,MRP2.1,18,0.3139526426393874,0.2734532607811894,0.3517345579174374,0.3194805194805195,-0.0055278768411320955,3.0557422370724556e-5,TRUE,IN,97,1357.1894958847893
1,MRP2.1,19,0.3007012772709852,0.2584091066668815,0.346914283019231,0.28534031413612565,0.015360963134859573,2.3595918843051484e-4,TRUE,IA,80,1213.8238179740317
1,MRP2.1,20,0.30312792166563157,0.25855663991285655,0.3364594860019617,0.2644787644787645,0.03864915718686707,0.0014937573512551583,TRUE,KS,66,1008.9569420091326
1,MRP2.1,21,0.32591509444849753,0.2849581235511877,0.3756158987514398,0.3541300527240773,-0.028214958275579793,7.960838704927087e-4,TRUE,KY,65,963.0183385360598
1,MRP2.1,22,0.3387165667493701,0.29891148764701186,0.3756529389509445,0.40809248554913297,-0.06937591879976285,0.004813018109311288,FALSE,LA,60,854.6248037980355
1,MRP2.1,23,0.29176384330633653,0.25577536631032877,0.33606053587922685,0.2982456140350877,-0.006481770728751168,4.201335178009545e-5,TRUE,ME,61,1051.7497827690847
1,MRP2.1,24,0.339967275338089,0.3010654980074667,0.37885158749414094,0.30939226519337015,0.03057501014471886,9.348312453496613e-4,TRUE,MD,109,1605.0378687534212
1,MRP2.1,25,0.31227792454208736,0.27779164468469525,0.3484853830086729,0.3460096411355115,-0.033731716593424166,0.0011378287043390873,TRUE,MA,121,1828.8192380499327
1,MRP2.1,26,0.32389910439736097,0.2889892865834365,0.3643828999458783,0.40276356192425794,-0.07886445752689697,0.006219602661011736,FALSE,MI,146,2115.0175167507286
1,MRP2.1,27,0.30695510848362867,0.2719680656556986,0.3550048615385124,0.31893004115226337,-0.011974932668634697,1.433990124183345e-4,TRUE,MN,98,1446.5927385881441
1,MRP2.1,28,0.35214370843420945,0.31192059194039057,0.3983559710669312,0.33690476190476193,0.015238946529447517,2.3222549132736052e-4,TRUE,MS,39,582.6251147496225
1,MRP2.1,29,0.31024753961279194,0.2664858930579099,0.3463531130758133,0.31070496083550914,-4.5742122271719143e-4,2.0923417499209044e-7,TRUE,MO,85,1192.6229894747892
1,MRP2.1,30,0.28269795029584655,0.23553472070793602,0.31663578100477624,0.27586206896551724,0.0068358813303293076,4.672927356234479e-5,TRUE,MT,79,1351.1463458676883
1,MRP2.1,31,0.3071186796498433,0.2676021020827212,0.3482058266128572,0.2688553682342502,0.03826331141559308,0.001464081000486656,TRUE,NE,64,1058.7503872757975
1,MRP2.1,32,0.32086380407467996,0.2819818635532247,0.36197186538206905,0.3879310344827586,-0.06706723040807866,0.004498013394610311,FALSE,NV,74,1123.3857122694822
1,MRP2.1,33,0.2994046612878468,0.262247839519196,0.3458652837711561,0.3114874815905744,-0.01208282030272756,1.459945464680053e-4,TRUE,NH,75,1298.550526541381
1,MRP2.1,34,0.3380565381799049,0.3043200321816697,0.3802562805385799,0.3675276752767528,-0.0294711370968479,8.685479217812044e-4,TRUE,NJ,103,1455.332120930462
1,MRP2.1,35,0.33963871704990645,0.3059877251519863,0.3796148899704408,0.3167062549485352,0.02293246210137123,5.258978180308279e-4,TRUE,NM,78,1316.1536655794296
1,MRP2.1,36,0.32443291563924953,0.29040260839417215,0.3588617755959615,0.34244946492271106,-0.018016549283461525,3.2459604808339796e-4,TRUE,NY,123,1661.0998210098694
1,MRP2.1,37,0.3396571955981035,0.3041464327746358,0.38428519903679376,0.30879199428162973,0.030865201316473745,9.526606523064526e-4,TRUE,NC,104,1475.7593188758162
1,MRP2.1,38,0.308711768180352,0.27179018606890326,0.35695130409660225,0.3009079118028534,0.007803856377498586,6.0900174360625354e-5,TRUE,ND,49,871.8795877549137
1,MRP2.1,39,0.3179029893043071,0.2803592523853315,0.3595985420833746,0.3185703185703186,-6.673292660114849e-4,4.453283492754272e-7,TRUE,OH,96,1294.45871502274
1,MRP2.1,40,0.3243525740695822,0.28401537800974247,0.3611760956749298,0.28644240570846075,0.03791016836112143,0.0014371808651685726,TRUE,OK,71,1050.8391264739776
1,MRP2.1,41,0.2908224450423071,0.24773348558556213,0.32372685586728217,0.3165644171779141,-0.025741972135607027,6.626491294303686e-4,TRUE,OR,109,1655.2815414622523
1,MRP2.1,42,0.31948833682309524,0.2872755223157602,0.3612165693513889,0.3404605263157895,-0.02097218949269425,4.3983273211747507e-4,TRUE,PA,147,2060.867817206735
1,MRP2.1,44,0.30988072731153843,0.27167517791108275,0.34571301447122954,0.3433667781493868,-0.03348605083784839,0.001121315600714967,TRUE,RI,69,1147.063741686034
1,MRP2.1,45,0.32180596211489376,0.2857500779909408,0.358611923002515,0.31290849673202614,0.00889746538286762,7.916489023932764e-5,TRUE,SC,83,1207.7645355569744
1,MRP2.1,46,0.29915463442238316,0.25962495864573376,0.3430195011448636,0.2953846153846154,0.0037700190377677467,1.4213043545131247e-5,TRUE,SD,48,779.385662893915
1,MRP2.1,47,0.31605783052977854,0.2739014552655062,0.3554252441165916,0.327212020033389,-0.011154189503610468,1.2441594348245393e-4,TRUE,TN,77,1095.303162303359
1,MRP2.1,48,0.34171440667262004,0.3064657149075384,0.37200105206113887,0.33565823888404533,0.006056167788574707,3.667716828336985e-5,TRUE,TX,223,3133.6720041483063
1,MRP2.1,49,0.307697830570926,0.2657758532610891,0.34632467579415505,0.2304,0.07729783057092598,0.00597495461097158,FALSE,UT,107,1717.1532008630898
1,MRP2.1,50,0.2891701486574875,0.2500223269267826,0.32790718530735935,0.33587786259541985,-0.04670771393793233,0.002181610541307718,FALSE,VT,55,1004.7792704029811
1,MRP2.1,51,0.3137792521883053,0.2783280499954522,0.34486250354841536,0.2716180371352785,0.042161215053026835,0.0017775680547475765,FALSE,VA,129,1866.511363597658
1,MRP2.1,53,0.3142641021069065,0.280531971985333,0.3494645477203827,0.32831683168316833,-0.014052729576261858,1.9747920854354476e-4,TRUE,WA,186,2817.7484332429945
1,MRP2.1,54,0.30226102844300423,0.2593997572071206,0.3514238976793176,0.27807486631016043,0.024186162132843803,5.849704387162074e-4,TRUE,WV,63,998.6958248566079
1,MRP2.1,55,0.3012993540959137,0.26308075453843976,0.33921616831496243,0.3069958847736626,-0.00569653067774889,3.2450461762534225e-5,TRUE,WI,82,1173.8443741165736
1,MRP2.1,56,0.2968512669855211,0.2557854671690676,0.3389983209799428,0.2782152230971129,0.018636043888408227,3.473021318106776e-4,TRUE,WY,39,683.0910284061732
2,MRP2.1,01,0.3331298895887538,0.2698394009358389,0.4090283076315053,0.3007135575942915,0.032416331994462255,0.0010508185799751972,TRUE,AL,68,995.649971249108
2,MRP2.1,04,0.26628262617961906,0.20399828862853817,0.32703361555219085,0.28578919769271105,-0.019506571513091986,3.8050633219537176e-4,TRUE,AZ,117,1707.5329427312176
2,MRP2.1,05,0.2928034157701154,0.21993412068271395,0.3697531715694272,0.2849035187287174,0.00789989704139804,6.240837326468952e-5,TRUE,AR,51,752.3928399104523
2,MRP2.1,06,0.3615900986502471,0.3171456133088231,0.40739100896597985,0.3766891891891892,-0.015099090538942095,2.2798253510317068e-4,TRUE,CA,322,4618.918979154124
2,MRP2.1,08,0.2769400944064237,0.21563325920271872,0.341586072104071,0.2865264354747015,-0.009586341068277826,9.189793507735005e-5,TRUE,CO,107,1594.28481305953
2,MRP2.1,09,0.3334761499094997,0.2693110223683556,0.4022566969602948,0.3638113570741097,-0.030335207164610023,9.202247937198073e-4,TRUE,CT,73,1089.9604668439538
2,MRP2.1,10,0.2897701625631888,0.2230699808429408,0.3575768247763557,0.3221957040572792,-0.03242554149409038,0.001051415741184977,TRUE,DE,75,1342.246549895721
2,MRP2.1,11,0.3091481449156024,0.24388300998077206,0.3674581812182859,0.2659758203799655,0.04317232453563691,0.0018638496058103566,TRUE,DC,67,1217.2012862533363
2,MRP2.1,12,0.30709761171675665,0.25803538915453983,0.362597076920362,0.35494880546075086,-0.047851193743994214,0.002289736742725271,TRUE,FL,203,2787.6546501178927
2,MRP2.1,13,0.3202521588750229,0.2659578592402461,0.3790864798389477,0.3376770538243626,-0.017424894949339687,3.0362696399552374e-4,TRUE,GA,141,1992.9478904583598
2,MRP2.1,16,0.3445087538980893,0.27972346738143994,0.42118845810435845,0.27474747474747474,0.06976127915061459,0.004866636068729974,FALSE,ID,87,1503.0521521111687
2,MRP2.1,17,0.3270431410303994,0.26854011679392864,0.3927688148618763,0.3270967741935484,-5.363316314899169e-5,2.8765161893663603e-9,TRUE,IL,122,1681.3263455665522
2,MRP2.1,18,0.31064177310048446,0.24579844734023878,0.3796852961806476,0.3194805194805195,-0.008838746380035012,7.812343757058203e-5,TRUE,IN,95,1342.3040595173163
2,MRP2.1,19,0.32986290968054566,0.262872963636321,0.41362558934855087,0.28534031413612565,0.04452259554442001,0.0019822615140120082,TRUE,IA,64,976.581360043162
2,MRP2.1,20,0.3025035831785794,0.23885639505428757,0.37192914756745704,0.2644787644787645,0.03802481869981489,0.001445886837153792,TRUE,KS,80,1209.0909967902996
2,MRP2.1,21,0.34763667906353407,0.2794383506993514,0.42691330184813037,0.3541300527240773,-0.006493373660543256,4.216390149543692e-5,TRUE,KY,77,1162.4805016068271
2,MRP2.1,22,0.3831952067704885,0.3094180927443768,0.4671560889396874,0.40809248554913297,-0.02489727877864445,6.198744905815392e-4,TRUE,LA,65,963.835081439526
2,MRP2.1,23,0.2937231235028644,0.2314786214594389,0.36844211514212377,0.2982456140350877,-0.004522490532223311,2.0452920614049488e-5,TRUE,ME,72,1216.6595924292958
2,MRP2.1,24,0.3057757938499648,0.2443000591487538,0.3697335619719843,0.30939226519337015,-0.0036164713434053697,1.3078864977672239e-5,TRUE,MD,112,1608.8686247501848
2,MRP2.1,25,0.3310217361256381,0.27969035069737797,0.38893112375273947,0.3460096411355115,-0.014987905009873403,2.2463729658498826e-4,TRUE,MA,142,2129.0106904539043
2,MRP2.1,26,0.3326529613184193,0.27708101144410335,0.39897997825462095,0.40276356192425794,-0.07011060060583862,0.004915496317311419,FALSE,MI,141,2028.9713165885473
2,MRP2.1,27,0.2801188576512615,0.21833586483189552,0.34931160694363383,0.31893004115226337,-0.03881118350100188,0.0015063079647484403,TRUE,MN,92,1331.1723053259425
2,MRP2.1,28,0.3226739297292956,0.2535155551532647,0.39742641899455283,0.33690476190476193,-0.014230832175466335,2.025165844062879e-4,TRUE,MS,60,901.6288552540187
2,MRP2.1,29,0.2891981571066919,0.22697640958950077,0.3517551003855104,0.31070496083550914,-0.021506803728817248,4.6254260662986746e-4,TRUE,MO,84,1163.5511984161094
2,MRP2.1,30,0.27413118817733456,0.20832735202914318,0.3424947102137798,0.27586206896551724,-0.001730880788182676,2.9959483028998815e-6,TRUE,MT,64,1094.3365173467537
2,MRP2.1,31,0.28475220953143016,0.2186957040009595,0.35893830171987634,0.2688553682342502,0.015896841297179942,2.527095632277257e-4,TRUE,NE,75,1213.8662023201211
2,MRP2.1,32,0.34074351626471294,0.27664198400813783,0.4169523202801544,0.3879310344827586,-0.047187518218045676,0.0022266618755783928,TRUE,NV,64,1011.4541636402428
2,MRP2.1,33,0.3073494345291026,0.24369596849439215,0.3773307798612636,0.3114874815905744,-0.00413804706147175,1.7123433482954988e-5,TRUE,NH,82,1381.5362157664063
2,MRP2.1,34,0.39369830927234684,0.31554590165874974,0.4838455853587203,0.3675276752767528,0.02617063399559405,6.84902083731343e-4,TRUE,NJ,74,1090.5948928887703
2,MRP2.1,35,0.32232752720873703,0.26356549384618716,0.39635308177282563,0.3167062549485352,0.005621272260201815,3.159870182331442e-5,TRUE,NM,82,1353.131220923858
2,MRP2.1,36,0.31698379362263496,0.2668224488679874,0.3753295540757523,0.34244946492271106,-0.025465671300076098,6.485004147635195e-4,TRUE,NY,148,2002.0219004323005
2,MRP2.1,37,0.28186757880132035,0.21743324033159594,0.34431765962629596,0.30879199428162973,-0.026924415480309383,7.249241489563236e-4,TRUE,NC,84,1114.8546883003255
2,MRP2.1,38,0.2853727616275966,0.20797188036364636,0.37260167030995434,0.3009079118028534,-0.015535150175256807,2.4134089096778158e-4,TRUE,ND,38,650.0063142938156
2,MRP2.1,39,0.3217388967108482,0.2573706181150922,0.3938749743130937,0.3185703185703186,0.003168578140529621,1.003988743264215e-5,TRUE,OH,97,1326.5561670638942
2,MRP2.1,40,0.2813347687590086,0.20869221486565814,0.34966716844901224,0.28644240570846075,-0.0051076369494521545,2.608795520740891e-5,TRUE,OK,64,899.6015317801957
2,MRP2.1,41,0.3318298774968012,0.26784965962524576,0.4019080056424538,0.3165644171779141,0.015265460318887092,2.3303427874751638e-4,TRUE,OR,95,1492.4694642038096
2,MRP2.1,42,0.3625766696981082,0.2949866526389176,0.4346919253715634,0.3404605263157895,0.02211614338231871,4.891237981072796e-4,TRUE,PA,121,1712.138409956175
2,MRP2.1,44,0.34195506320199476,0.2670319622620992,0.4237348056933256,0.3433667781493868,-0.001411714947392062,1.9929390926901725e-6,TRUE,RI,52,906.8236073958067
2,MRP2.1,45,0.2987025812269996,0.23556894703054204,0.3656056630143048,0.31290849673202614,-0.014205915505026534,2.0180803533595328e-4,TRUE,SC,100,1457.8652217542647
2,MRP2.1,46,0.28425494627511766,0.21451651403590508,0.3650806833538371,0.2953846153846154,-0.011129669109497753,1.238695344869085e-4,TRUE,SD,38,635.0843658230615
2,MRP2.1,47,0.33417564671584854,0.268069449402742,0.40882573041774284,0.327212020033389,0.006963626682459534,4.849209657266237e-5,TRUE,TN,81,1162.5165432651725
2,MRP2.1,48,0.3296522959385692,0.28035280300954385,0.378144165120166,0.33565823888404533,-0.006005942945476128,3.607135066431447e-5,TRUE,TX,242,3443.2350295082006
2,MRP2.1,49,0.22732283138848425,0.1609564373791716,0.29323345403537127,0.2304,-0.003077168611515746,9.468966663697744e-6,TRUE,UT,101,1573.0412049881527
2,MRP2.1,50,0.3533210354339916,0.2803465497806933,0.4473963311737264,0.33587786259541985,0.017443172838571774,3.042642786762881e-4,TRUE,VT,50,948.9130820159605
2,MRP2.1,51,0.26897468877435443,0.21057741372288027,0.32754614872142496,0.2716180371352785,-0.0026433483609240582,6.987290557199905e-6,TRUE,VA,113,1617.2851587668797
2,MRP2.1,53,0.3070770014060599,0.25326998904028647,0.3603609581769051,0.32831683168316833,-0.021239830277108407,4.51130390200371e-4,TRUE,WA,171,2595.21090343394
2,MRP2.1,54,0.2751987604795749,0.20976376389020593,0.3443443660358174,0.27807486631016043,-0.002876105830585507,8.27198474872795e-6,TRUE,WV,76,1175.1942308316388
2,MRP2.1,55,0.29761929183766067,0.2279206420676168,0.3743684188447087,0.3069958847736626,-0.009376592936001904,8.79204950874808e-5,TRUE,WI,79,1133.99587264568
2,MRP2.1,56,0.2761928080523974,0.19859091230339768,0.3563689652839478,0.2782152230971129,-0.0020224150447155087,4.090162613091633e-6,TRUE,WY,40,697.6755487549432
3,MRP2.1,01,0.319492924298974,0.2553966637156492,0.37026663381790137,0.3007135575942915,0.0187793667046825,3.526646138289376e-4,TRUE,AL,76,1082.361559791973
3,MRP2.1,04,0.31407100883510247,0.2631912788661009,0.3625064224976323,0.28578919769271105,0.028281811142391422,7.998608414938956e-4,TRUE,AZ,126,1858.176227982662
3,MRP2.1,05,0.30470444014332076,0.24876538658514935,0.35741956317891505,0.2849035187287174,0.01980092141460338,3.920764888672987e-4,TRUE,AR,62,924.7789729490361
3,MRP2.1,06,0.3114162294858673,0.26687427537663655,0.3543234065102157,0.3766891891891892,-0.06527295970332192,0.004260559268431487,FALSE,CA,318,4487.148422100378
3,MRP2.1,08,0.3439883097233972,0.29585830320575013,0.40468901297189175,0.2865264354747015,0.0574618742486957,0.0033018669921729177,FALSE,CO,107,1641.6281863549573
3,MRP2.1,09,0.346770913700138,0.2887591734652176,0.41445214148684145,0.3638113570741097,-0.017040443373971703,2.903767103815361e-4,TRUE,CT,50,770.8399450575271
3,MRP2.1,10,0.30154509698952175,0.2407737595239719,0.35229116727577464,0.3221957040572792,-0.020650607067757454,4.264475722669141e-4,TRUE,DE,61,1101.4849871378892
3,MRP2.1,11,0.3407570330105806,0.27772163288358925,0.39197706699975904,0.2659758203799655,0.0747812126306151,0.005592229762505268,FALSE,DC,70,1303.4355762302796
3,MRP2.1,12,0.3276633661997441,0.28529252950773976,0.3756518627576953,0.35494880546075086,-0.02728543926100674,7.44495195666088e-4,TRUE,FL,201,2817.0435186544155
3,MRP2.1,13,0.34468346758464374,0.29364741427006547,0.4002941377887118,0.3376770538243626,0.0070064137602811605,4.908983378025719e-5,TRUE,GA,114,1637.0904272966088
3,MRP2.1,16,0.30894926759204805,0.25622692315175793,0.36371891674748186,0.27474747474747474,0.03420179284457331,0.001169762633783106,TRUE,ID,79,1330.2835356750884
3,MRP2.1,17,0.3704286333204829,0.318091159263824,0.43909914201588945,0.3270967741935484,0.04333185912693455,0.0018776500153965007,TRUE,IL,113,1616.8209354039295
3,MRP2.1,18,0.31353739972844324,0.2575087225347341,0.3696754622964467,0.3194805194805195,-0.005943119752076231,3.532067238751864e-5,TRUE,IN,82,1146.539578449271
3,MRP2.1,19,0.29718636970905726,0.23716792616513502,0.3536710523681859,0.28534031413612565,0.011846055572931613,1.4032903263698412e-4,TRUE,IA,68,1012.3067251682717
3,MRP2.1,20,0.28852214811394916,0.22218517647310923,0.346041991943307,0.2644787644787645,0.024043383635184656,5.780842966286653e-4,TRUE,KS,65,941.2143768147198
3,MRP2.1,21,0.3468932474828572,0.29188162417294067,0.4172538359557626,0.3541300527240773,-0.007236805241220112,5.237135009935089e-5,TRUE,KY,74,1130.1597292298113
3,MRP2.1,22,0.3539454113036808,0.30189760907745217,0.4153347882131523,0.40809248554913297,-0.054147074245452176,0.00293190564934251,TRUE,LA,68,981.2745355242912
3,MRP2.1,23,0.29070309591476495,0.2332919027946948,0.3499233657146983,0.2982456140350877,-0.00754251812032275,5.688957959539703e-5,TRUE,ME,76,1254.5115529860466
3,MRP2.1,24,0.3657721665999132,0.3179943702675346,0.4277528314172483,0.30939226519337015,0.05637990140654303,0.003178693282611513,FALSE,MD,95,1436.40626173891
3,MRP2.1,25,0.3361438428280738,0.29036554557395255,0.395997402536394,0.3460096411355115,-0.009865798307437723,9.733397624304105e-5,TRUE,MA,125,1876.0343533946539
3,MRP2.1,26,0.33700939954693543,0.2886101851439218,0.3925163942253782,0.40276356192425794,-0.06575416237732251,0.004323609869943295,FALSE,MI,150,2177.0702336058184
3,MRP2.1,27,0.2919443690061967,0.24051548322197477,0.340605372511094,0.31893004115226337,-0.026985672146066675,7.282265011749987e-4,TRUE,MN,117,1699.021959182508
3,MRP2.1,28,0.343283924807192,0.28359321692284184,0.4022048740536614,0.33690476190476193,0.006379162902430069,4.069371933574002e-5,TRUE,MS,65,956.039240696255
3,MRP2.1,29,0.29186491087586064,0.22302054552822817,0.3470639048009185,0.31070496083550914,-0.018840049959648497,3.549474824820513e-4,TRUE,MO,69,959.670891954068
3,MRP2.1,30,0.28782271691807537,0.22396956195691692,0.34573969803392807,0.27586206896551724,0.011960647952558134,1.4305709944503308e-4,TRUE,MT,56,967.8362461815135
3,MRP2.1,31,0.32866487324733734,0.274964972466347,0.3908131883160457,0.2688553682342502,0.05980950501308713,0.0035771768899104943,FALSE,NE,68,1105.838915393289
3,MRP2.1,32,0.3517814925484867,0.29761472647734144,0.41986354530128167,0.3879310344827586,-0.036149541934271945,0.0013067893820576859,TRUE,NV,72,1119.7751303419982
3,MRP2.1,33,0.3270788387586797,0.2765663264838131,0.3952556004824603,0.3114874815905744,0.015591357168105335,2.4309041834342962e-4,TRUE,NH,91,1584.9371317221035
3,MRP2.1,34,0.362025960393685,0.3125258228416437,0.4251027713214377,0.3675276752767528,-0.0055017148830677765,3.026886665456948e-5,TRUE,NJ,108,1543.8386723079716
3,MRP2.1,35,0.3385511095817777,0.2890136971568055,0.39293589210832536,0.3167062549485352,0.021844854633242483,4.771976739474956e-4,TRUE,NM,98,1627.1349195823493
3,MRP2.1,36,0.3297224520373787,0.28025586358398696,0.3796432336746377,0.34244946492271106,-0.012727012885332345,1.6197685698341553e-4,TRUE,NY,112,1523.0986618341274
3,MRP2.1,37,0.3390248244136485,0.28669604388979086,0.39997948658739013,0.30879199428162973,0.030232830132018773,9.140240177915023e-4,TRUE,NC,95,1311.4234693211438
3,MRP2.1,38,0.28487534685998833,0.21814549966729027,0.34428587936882776,0.3009079118028534,-0.01603256494286509,2.570431386471867e-4,TRUE,ND,51,864.8992242106422
3,MRP2.1,39,0.34449146859197394,0.2915243756014428,0.4100398451733392,0.3185703185703186,0.025921150021655348,6.71906018445163e-4,TRUE,OH,83,1151.6125015539817
3,MRP2.1,40,0.31978892190862407,0.257982281362681,0.3785320758165561,0.28644240570846075,0.03334651620016332,0.001111990142687755,TRUE,OK,66,956.0397935492573
3,MRP2.1,41,0.3171274550830217,0.26669728927021796,0.37696109839946407,0.3165644171779141,5.630379051075884e-4,3.170116825879418e-7,TRUE,OR,107,1646.1286805090951
3,MRP2.1,42,0.32536464496377854,0.2763461143780702,0.3822481000865115,0.3404605263157895,-0.015095881352010954,2.2788563379399205e-4,TRUE,PA,143,2003.19948642815
3,MRP2.1,44,0.325484897752134,0.2598813669266959,0.3878993202410516,0.3433667781493868,-0.017881880397252803,3.1976164654165404e-4,TRUE,RI,39,660.7148759966722
3,MRP2.1,45,0.33292774788007395,0.2797020803129219,0.3929610224141338,0.31290849673202614,0.020019251148047812,4.0077041652861363e-4,TRUE,SC,71,1041.012531216092
3,MRP2.1,46,0.3136203840393265,0.2509422744443445,0.3815200654589159,0.2953846153846154,0.018235768654711104,3.3254325842814404e-4,TRUE,SD,36,618.058983516861
3,MRP2.1,47,0.32695055678431867,0.27345242285642357,0.38671556618865666,0.327212020033389,-2.6146324907033724e-4,6.83630306144172e-8,TRUE,TN,80,1137.5746924373777
3,MRP2.1,48,0.36249832042639357,0.3213515449840842,0.40773621331082927,0.33565823888404533,0.026840081542348238,7.203899771999026e-4,TRUE,TX,262,3769.2755372977604
3,MRP2.1,49,0.2978257334621315,0.24667848234515777,0.3442079218578351,0.2304,0.06742573346213149,0.0045462295329063976,FALSE,UT,119,1882.6942398841568
3,MRP2.1,50,0.31814366621811574,0.2587326547205633,0.3855227755200156,0.33587786259541985,-0.017734196377304112,3.145017211487863e-4,TRUE,VT,58,1092.1409630769176
3,MRP2.1,51,0.3274872055505005,0.2758744598112085,0.3789832064951001,0.2716180371352785,0.05586916841522199,0.0031213639794084387,FALSE,VA,120,1740.6369895349294
3,MRP2.1,53,0.3169471919897739,0.27179511587939725,0.3612846905005239,0.32831683168316833,-0.01136963969339444,1.2926870675761043e-4,TRUE,WA,194,2950.3543622280263
3,MRP2.1,54,0.2955377244109564,0.23165567689067196,0.35251655558057043,0.27807486631016043,0.017462858100795953,3.049514130485348e-4,TRUE,WV,56,887.6985762955791
3,MRP2.1,55,0.3015009797012039,0.2473280489805027,0.36095283030529884,0.3069958847736626,-0.0054949050724587,3.019398175533235e-5,TRUE,WI,92,1316.697163297052
3,MRP2.1,56,0.3121710480553523,0.2529529898518604,0.37942371991177076,0.2782152230971129,0.0339558249582394,0.0011529980485945938,TRUE,WY,40,707.0633057905497
4,MRP2.1,01,0.33123465631444177,0.2874723691556325,0.3728520920857082,0.3007135575942915,0.03052109872015024,9.315374670851568e-4,TRUE,AL,69,976.9706995971427
4,MRP2.1,04,0.31295196962968,0.27475292912703714,0.35236967452387996,0.28578919769271105,0.027162771936968977,7.378161792997894e-4,TRUE,AZ,136,1976.6503733610334
4,MRP2.1,05,0.31915278993323526,0.2710792179538334,0.3606488534703108,0.2849035187287174,0.03424927120451787,0.001173012578040617,TRUE,AR,69,1024.3350830388158
4,MRP2.1,06,0.34866645777288646,0.3187823381803818,0.3898333861841178,0.3766891891891892,-0.028022731416302737,7.852734760302405e-4,TRUE,CA,329,4771.472234193188
4,MRP2.1,08,0.3024347627195312,0.25747568435288637,0.33616153951480615,0.2865264354747015,0.015908327244829656,2.530748757285895e-4,TRUE,CO,120,1774.0728873737787
4,MRP2.1,09,0.3249604236470577,0.2868789181024143,0.36689438528758167,0.3638113570741097,-0.03885093342705204,0.0015093950281532293,TRUE,CT,71,1050.8487960385298
4,MRP2.1,10,0.3174343005090407,0.2814726863157263,0.35779035416217186,0.3221957040572792,-0.0047614035482385075,2.267096374917825e-5,TRUE,DE,82,1492.4380984598408
4,MRP2.1,11,0.34225137202421524,0.2990326098095273,0.38158226930236977,0.2659758203799655,0.07627555164424976,0.005817959778634613,FALSE,DC,55,1020.9806293819595
4,MRP2.1,12,0.31859737130073434,0.2823737650547207,0.3548355858652807,0.35494880546075086,-0.036351434160016516,0.0013214267654900157,FALSE,FL,185,2568.6048184774477
4,MRP2.1,13,0.3359344585085147,0.296587364113368,0.375026532082935,0.3376770538243626,-0.0017425953158478613,3.0366384348149077e-6,TRUE,GA,131,1859.6790579061765
4,MRP2.1,16,0.2983586532216079,0.25398654091752215,0.3356454663608718,0.27474747474747474,0.023611178474133132,5.574877489373678e-4,TRUE,ID,78,1288.0687166073956
4,MRP2.1,17,0.326311042176739,0.28858183241928764,0.36866257175498485,0.3270967741935484,-7.857320168093707e-4,6.173748022393211e-7,TRUE,IL,105,1442.020280637396
4,MRP2.1,18,0.317082748758002,0.27568469612903074,0.3596689414553616,0.3194805194805195,-0.002397770722517456,5.749304437761883e-6,TRUE,IN,79,1086.7153759561454
4,MRP2.1,19,0.31454615468162045,0.2752124186845647,0.3615025440664062,0.28534031413612565,0.0292058405454948,8.529811219688679e-4,TRUE,IA,83,1259.9735157707782
4,MRP2.1,20,0.29735046495746004,0.24320183305307416,0.3374452762055334,0.2644787644787645,0.03287170047869553,0.001080548692361072,TRUE,KS,64,962.7327514325294
4,MRP2.1,21,0.3229366199704916,0.28079809788244037,0.37113490340880323,0.3541300527240773,-0.031193432753585715,9.73030246952474e-4,TRUE,KY,74,1086.5667589219402
4,MRP2.1,22,0.3439185689062515,0.3014254814840393,0.3940836566723597,0.40809248554913297,-0.06417391664288147,0.004118291577287499,FALSE,LA,54,780.8749328399027
4,MRP2.1,23,0.2989728606846343,0.2564324984577951,0.3484197860904665,0.2982456140350877,7.272466495465979e-4,5.288876892767522e-7,TRUE,ME,73,1231.9278628735347
4,MRP2.1,24,0.33128664001184627,0.29036948306019306,0.36775110591077825,0.30939226519337015,0.021894374818476114,4.79363648691921e-4,TRUE,MD,120,1800.9743811577357
4,MRP2.1,25,0.32198514782210425,0.2888816628168052,0.367622741228307,0.3460096411355115,-0.02402449331340728,5.771762789659511e-4,TRUE,MA,113,1729.2216600035297
4,MRP2.1,26,0.32545325009611603,0.29057819594187007,0.3662979115813906,0.40276356192425794,-0.07731031182814191,0.005976884314964539,FALSE,MI,128,1845.2400847755168
4,MRP2.1,27,0.3030068396023705,0.2581171310238453,0.34474562721760066,0.31893004115226337,-0.01592320154989285,2.535483475985101e-4,TRUE,MN,90,1336.7693695261235
4,MRP2.1,28,0.32824863549112815,0.27540358741707055,0.36742525672042586,0.33690476190476193,-0.00865612641363378,7.492852448880841e-5,TRUE,MS,65,969.758276584829
4,MRP2.1,29,0.3326117178800407,0.2939496840506671,0.3845712017188502,0.31070496083550914,0.021906757044531544,4.7990600420813243e-4,TRUE,MO,77,1124.3374441005867
4,MRP2.1,30,0.32175093878452965,0.2817420791041871,0.37904603101457524,0.27586206896551724,0.04588886981901241,0.002105788373266268,FALSE,MT,62,1102.7906874497696
4,MRP2.1,31,0.3073226916004559,0.25957682022611644,0.3471893812109708,0.2688553682342502,0.038467323366205675,0.0014797349669602331,TRUE,NE,81,1285.068749446911
4,MRP2.1,32,0.3225683865548537,0.28678311802416157,0.3641676254669054,0.3879310344827586,-0.06536264792790492,0.004272275744147252,FALSE,NV,73,1126.499739325239
4,MRP2.1,33,0.3138269566418815,0.2728910889624868,0.366416326547379,0.3114874815905744,0.002339475051307105,5.473143515688382e-6,TRUE,NH,86,1509.1002274970504
4,MRP2.1,34,0.32375069394008227,0.2838723954352236,0.36069498745295614,0.3675276752767528,-0.04377698133667052,0.0019164240949511987,FALSE,NJ,107,1492.11409575083
4,MRP2.1,35,0.3071231915668694,0.25795116226573844,0.34290724731538896,0.3167062549485352,-0.009583063381665813,9.183510377702421e-5,TRUE,NM,74,1173.5931987850984
4,MRP2.1,36,0.3300109687215151,0.2920132625363084,0.3710854441145741,0.34244946492271106,-0.01243849620119597,1.5471618774716658e-4,TRUE,NY,127,1688.502929961134
4,MRP2.1,37,0.33138947277070013,0.2920766219412162,0.37547003956062497,0.30879199428162973,0.0225974784890704,5.106460340639995e-4,TRUE,NC,93,1288.8705659831119
4,MRP2.1,38,0.2997246518628131,0.24305019263291602,0.34014731815463534,0.3009079118028534,-0.0011832599400403154,1.400104085704211e-6,TRUE,ND,53,888.0240021789203
4,MRP2.1,39,0.3226783513280546,0.28273744236850284,0.3661892502435787,0.3185703185703186,0.004108032757736024,1.6875933138632245e-5,TRUE,OH,89,1233.9558835089917
4,MRP2.1,40,0.3292920953215744,0.28984699453342294,0.3691548677039632,0.28644240570846075,0.04284968961311364,0.0018360958999401788,FALSE,OK,73,1070.788266702454
4,MRP2.1,41,0.30838520579255235,0.27016251249177764,0.3489164194548859,0.3165644171779141,-0.008179211385361762,6.689949888643147e-5,TRUE,OR,109,1670.573282785925
4,MRP2.1,42,0.32468043849857303,0.2889598358382318,0.3710026127532166,0.3404605263157895,-0.01578008781721646,2.490111715190633e-4,TRUE,PA,126,1777.9600416642022
4,MRP2.1,44,0.3252911850684946,0.28684810007479017,0.3750917968056802,0.3433667781493868,-0.018075593080892238,3.2672706522599937e-4,TRUE,RI,51,856.4122702822658
4,MRP2.1,45,0.3074773533175101,0.2605741777135545,0.3473879788644736,0.31290849673202614,-0.00543114341451606,2.9497318789041164e-5,TRUE,SC,82,1179.3920125264353
4,MRP2.1,46,0.3108643860543021,0.2663630786570117,0.3574752119467249,0.2953846153846154,0.015479770669686699,2.3962329998609259e-4,TRUE,SD,35,595.9481543359432
4,MRP2.1,47,0.32100533053421304,0.2780487217224565,0.3636743524140943,0.327212020033389,-0.006206689499175966,3.85229945391812e-5,TRUE,TN,94,1337.796300753815
4,MRP2.1,48,0.3420776054631645,0.3098933947671791,0.3770112767816749,0.33565823888404533,0.006419366579119179,4.120826727711227e-5,TRUE,TX,250,3505.69868187267
4,MRP2.1,49,0.3094408102976491,0.26490549203149516,0.3470773854380788,0.2304,0.07904081029764909,0.00624744969250895,FALSE,UT,107,1710.0564635339383
4,MRP2.1,50,0.2934446317741815,0.24844473328504324,0.337474180673851,0.33587786259541985,-0.042433230821238344,0.0018005790779284916,TRUE,VT,67,1214.7399322796048
4,MRP2.1,51,0.3225041091870566,0.28757962907934664,0.36099294905974877,0.2716180371352785,0.050886072051778086,0.002589392328858751,FALSE,VA,113,1661.318517969816
4,MRP2.1,53,0.3167158326063804,0.28164907650480214,0.3563482215879213,0.32831683168316833,-0.01160099907678791,1.3458317957963395e-4,TRUE,WA,177,2697.0800914078163
4,MRP2.1,54,0.31637726273219585,0.2718088294209796,0.3643527355496236,0.27807486631016043,0.03830239642203542,0.001467073571670752,TRUE,WV,52,854.4894613648985
4,MRP2.1,55,0.3070244021056398,0.2594525516744617,0.3459605166490505,0.3069958847736626,2.8517331977229166e-5,8.132382230994972e-10,TRUE,WI,72,1028.5111329101505
4,MRP2.1,56,0.31201454899177156,0.27135121051452626,0.360666724145756,0.2782152230971129,0.03379932589465867,0.0011423944309333443,TRUE,WY,45,819.7579516975666
5,MRP2.1,01,0.31899246639733997,0.2541984802951335,0.386868034222129,0.3007135575942915,0.018278908803048444,3.341185070301619e-4,TRUE,AL,80,1125.1192440401585
5,MRP2.1,04,0.3326096213070398,0.280919862941458,0.3961018036989635,0.28578919769271105,0.046820423614328754,0.0021921520674251936,TRUE,AZ,129,1927.893943101682
5,MRP2.1,05,0.3085215251428477,0.24015674331702286,0.3761082853325958,0.2849035187287174,0.02361800641413031,5.578102269779005e-4,TRUE,AR,59,878.4891511406599
5,MRP2.1,06,0.3266634081734514,0.28516777530011717,0.37075233545686503,0.3766891891891892,-0.05002578101573779,0.0025025787662345516,FALSE,CA,315,4478.7280681825905
5,MRP2.1,08,0.30654993527236707,0.2541231413038391,0.36316458924908857,0.2865264354747015,0.020023499797665545,4.009405441471121e-4,TRUE,CO,135,2014.8077720869792
5,MRP2.1,09,0.30754396074246804,0.24545708473385983,0.37434070976241707,0.3638113570741097,-0.056267396331641684,0.003166019889942044,TRUE,CT,58,857.3119010359043
5,MRP2.1,10,0.2941691111355878,0.2338923781500037,0.3558725156557683,0.3221957040572792,-0.028026592921691407,7.854899107982028e-4,TRUE,DE,68,1214.0505363464504
5,MRP2.1,11,0.30894840422525216,0.23766896876408755,0.37686353886090557,0.2659758203799655,0.04297258384528668,0.001846642962340194,TRUE,DC,57,1045.1848530216457
5,MRP2.1,12,0.34211555181384457,0.2925972402799369,0.39728866369947907,0.35494880546075086,-0.012833253646906295,1.6469239916583372e-4,TRUE,FL,202,2856.946792690901
5,MRP2.1,13,0.32133608836692074,0.2591313611914095,0.3785852972924049,0.3376770538243626,-0.016340965457441847,2.6702715208130765e-4,TRUE,GA,106,1481.4197911340787
5,MRP2.1,16,0.29293761927697165,0.2350804515065371,0.35500136610033206,0.27474747474747474,0.01819014452949691,3.3088135800398637e-4,TRUE,ID,93,1556.72034743296
5,MRP2.1,17,0.33042983462144543,0.2771982398291297,0.39446089755893465,0.3270967741935484,0.00333306042789705,1.1109291816013265e-5,TRUE,IL,116,1628.205591773329
5,MRP2.1,18,0.2793072875778483,0.21660562247897816,0.3416283830046326,0.3194805194805195,-0.04017323190267119,0.0016138885615057984,TRUE,IN,85,1169.125016503987
5,MRP2.1,19,0.283592629268084,0.21444426025263386,0.3433367908446499,0.28534031413612565,-0.0017476848680416657,3.054402397981814e-6,TRUE,IA,82,1238.5519026280942
5,MRP2.1,20,0.2854984464938205,0.22150877023153578,0.347541508585886,0.2644787644787645,0.021019682015055996,4.418270320140685e-4,TRUE,KS,89,1326.7666064913224
5,MRP2.1,21,0.32908634187479463,0.2657874234095348,0.40191905907490666,0.3541300527240773,-0.025043710849282697,6.271874531024799e-4,TRUE,KY,73,1058.7311704671058
5,MRP2.1,22,0.40222709801068074,0.33072150180093224,0.49640435257862897,0.40809248554913297,-0.005865387538452227,3.440277097623067e-5,TRUE,LA,53,778.8777585184718
5,MRP2.1,23,0.30160238901694536,0.2389643266584244,0.37415980852891073,0.2982456140350877,0.0033567749818576575,1.1267938278825477e-5,TRUE,ME,56,926.7500529473978
5,MRP2.1,24,0.3562058528062061,0.3009421865202997,0.4162314766095358,0.30939226519337015,0.04681358761283594,0.0021915119851846666,TRUE,MD,123,1849.5298534029519
5,MRP2.1,25,0.32694273916208,0.27308374251348133,0.3874038592089104,0.3460096411355115,-0.019066901973431527,3.635467508644471e-4,TRUE,MA,131,1925.973571594856
5,MRP2.1,26,0.3623889674314537,0.30314196766647206,0.43048115421088756,0.40276356192425794,-0.04037459449280423,0.0016301078804583774,TRUE,MI,142,2052.235799543366
5,MRP2.1,27,0.312685643242658,0.25674488788899646,0.37506156167519394,0.31893004115226337,-0.006244397909605348,3.899250525348364e-5,TRUE,MN,99,1444.4568238673526
5,MRP2.1,28,0.3570024461713567,0.2924188860799147,0.4347924163668946,0.33690476190476193,0.02009768426659475,4.039169128797302e-4,TRUE,MS,52,800.9193776654423
5,MRP2.1,29,0.29033699675422897,0.22905658813882127,0.3492489803191476,0.31070496083550914,-0.020367964081280165,4.14853960816319e-4,TRUE,MO,93,1333.4247284227974
5,MRP2.1,30,0.28267871365045005,0.22409682315537777,0.3438909060911093,0.27586206896551724,0.0068166446849328155,4.64666447606228e-5,TRUE,MT,77,1333.697822127363
5,MRP2.1,31,0.3071741879308129,0.23950925348035698,0.37997710542854884,0.2688553682342502,0.0383188196965627,0.0014683319429376815,TRUE,NE,71,1156.05375357637
5,MRP2.1,32,0.3290745896437313,0.26641830961395135,0.40316457558420377,0.3879310344827586,-0.0588564448390273,0.003464081099089463,TRUE,NV,70,1121.167475145084
5,MRP2.1,33,0.3334144417410351,0.26900278800733674,0.41053467849113706,0.3114874815905744,0.021926960150460695,4.807915814398913e-4,TRUE,NH,76,1332.705856968281
5,MRP2.1,34,0.312276737671677,0.2453621791594151,0.3743102311981543,0.3675276752767528,-0.05525093760507577,0.0030526661062399755,TRUE,NJ,83,1144.4281207722709
5,MRP2.1,35,0.34099527460929774,0.2789281734330274,0.40952737440776843,0.3167062549485352,0.024289019660762523,5.899564760809084e-4,TRUE,NM,72,1217.4055473642768
5,MRP2.1,36,0.28597974647860036,0.23037899312821172,0.3427117937004109,0.34244946492271106,-0.056469718444110695,0.0031888291011571354,TRUE,NY,121,1577.398576319573
5,MRP2.1,37,0.3402236733558218,0.28225549805454864,0.40756538326096836,0.30879199428162973,0.03143167907419209,9.879504494230047e-4,TRUE,NC,84,1160.2880919885886
5,MRP2.1,38,0.31245432111202404,0.2462675839046592,0.3928952234498016,0.3009079118028534,0.011546409309170613,1.333195679349018e-4,TRUE,ND,40,696.6302600693929
5,MRP2.1,39,0.3615028345565519,0.2926332635719769,0.44637859983368655,0.3185703185703186,0.04293251598623332,0.0018432009289081797,TRUE,OH,84,1196.1827917469925
5,MRP2.1,40,0.3035514749842183,0.2400647991673932,0.3676007408878399,0.28644240570846075,0.01710906927575756,2.9272025148267133e-4,TRUE,OK,74,1074.747047145753
5,MRP2.1,41,0.32317449174874,0.2647345953244792,0.3908677961608488,0.3165644171779141,0.006610074570825908,4.3693085831879313e-5,TRUE,OR,96,1490.1346376190693
5,MRP2.1,42,0.3071252132212739,0.2542924703459603,0.3630153215680069,0.3404605263157895,-0.033335313094515595,0.0011112430991093828,TRUE,PA,127,1796.18298950704
5,MRP2.1,44,0.3178829782820624,0.259090122413318,0.3930800001731262,0.3433667781493868,-0.025483799867324408,6.494240556778435e-4,TRUE,RI,51,860.0221841072745
5,MRP2.1,45,0.33006670953722594,0.2670971834875086,0.4062768947692191,0.31290849673202614,0.017158212805199802,2.9440426666852245e-4,TRUE,SC,70,1038.3782383588712
5,MRP2.1,46,0.27120388489613145,0.1992812788706143,0.34448815353992995,0.2953846153846154,-0.02418073048848396,5.847077269566977e-4,TRUE,SD,37,595.071373322596
5,MRP2.1,47,0.3192976595873145,0.2564420703232786,0.38671570037738384,0.327212020033389,-0.00791436044607452,6.263710127038887e-5,TRUE,TN,95,1349.228840919637
5,MRP2.1,48,0.338981855331282,0.29293142582729637,0.3871279111747984,0.33565823888404533,0.003323616447236666,1.1046426288342076e-5,TRUE,TX,235,3371.4862613305704
5,MRP2.1,49,0.24713683929195587,0.19326993603611275,0.30600187828073266,0.2304,0.01673683929195588,2.801217894847582e-4,TRUE,UT,124,1979.1707796713945
5,MRP2.1,50,0.29323340523082375,0.23066112568563993,0.3599735365003667,0.33587786259541985,-0.0426444573645961,0.0018185497439208546,TRUE,VT,55,1013.5540860857272
5,MRP2.1,51,0.27788288312228304,0.21747199996169653,0.3335649074894356,0.2716180371352785,0.0062648459870045525,3.9248295240887044e-5,TRUE,VA,123,1771.0288401733974
5,MRP2.1,53,0.2866138217828148,0.23647164083184558,0.3337576353485002,0.32831683168316833,-0.04170300990035353,0.0017391410347489843,TRUE,WA,184,2769.296623630786
5,MRP2.1,54,0.30536946758055694,0.24183468669491193,0.3746737867279333,0.27807486631016043,0.027294601270396512,7.449952585099309e-4,TRUE,WV,66,1052.3844641403825
5,MRP2.1,55,0.2763592254464457,0.21367196785322745,0.3342262012359032,0.3069958847736626,-0.030636659327216875,9.386048947319448e-4,TRUE,WI,88,1249.28663067647
5,MRP2.1,56,0.31770206785401517,0.25275260335384603,0.39741496537588744,0.2782152230971129,0.039486844756902284,0.0015592109088557013,TRUE,WY,49,912.0473152974934
6,MRP2.1,01,0.2926809634229309,0.21943984383146903,0.358509483196652,0.3007135575942915,-0.008032594171360652,6.452256912177712e-5,TRUE,AL,67,937.333459343739
6,MRP2.1,04,0.31385011749317565,0.2568898916264959,0.3734656515723154,0.28578919769271105,0.0280609198004646,7.874152200481063e-4,TRUE,AZ,120,1763.8218276051546
6,MRP2.1,05,0.32490736091494865,0.2573634224186168,0.3940098317204941,0.2849035187287174,0.040003842186231264,0.0016003073896608962,TRUE,AR,45,684.8167851115346
6,MRP2.1,06,0.35071855791083995,0.30930427410797384,0.3923410745835202,0.3766891891891892,-0.025970631278349254,6.744736889959727e-4,TRUE,CA,328,4689.220303596519
6,MRP2.1,08,0.3097655255398896,0.2519803036629551,0.3684619629505034,0.2865264354747015,0.023239090065188095,5.40055307057924e-4,TRUE,CO,106,1593.2904651948256
6,MRP2.1,09,0.35131827087744816,0.2876240955049555,0.4187413164946719,0.3638113570741097,-0.012493086196661563,1.5607720271721567e-4,TRUE,CT,73,1096.5045310535304
6,MRP2.1,10,0.3443586192834738,0.28774376184477063,0.40716376441600244,0.3221957040572792,0.02216291522619457,4.91194811323487e-4,TRUE,DE,77,1394.343151867968
6,MRP2.1,11,0.31416600452979715,0.24377660536072576,0.3776795457073464,0.2659758203799655,0.04819018414983167,0.002322293848394688,TRUE,DC,53,1014.5708195778158
6,MRP2.1,12,0.34353253982650245,0.2952666988003542,0.39490859848640514,0.35494880546075086,-0.011416265634248413,1.3033112103172132e-4,TRUE,FL,189,2686.9379026590514
6,MRP2.1,13,0.34687144943052634,0.29180176205466113,0.4068013801978756,0.3376770538243626,0.009194395606163752,8.453691056264332e-5,TRUE,GA,134,1903.2674939411254
6,MRP2.1,16,0.3065187329222664,0.24779142487488826,0.3673238668966583,0.27474747474747474,0.03177125817479165,0.0010094128460092651,TRUE,ID,77,1307.8878938514251
6,MRP2.1,17,0.34950954127185646,0.2916622488497216,0.41307025677965237,0.3270967741935484,0.022412767078308082,5.023321281064907e-4,TRUE,IL,119,1665.9054661319935
6,MRP2.1,18,0.33510918203750656,0.27150708644608174,0.406083653203897,0.3194805194805195,0.015628662556987083,2.4425509332017003e-4,TRUE,IN,89,1269.9169464007598
6,MRP2.1,19,0.2984679466632819,0.23772007216362004,0.36704707199176945,0.28534031413612565,0.013127632527156263,1.7233473576805115e-4,TRUE,IA,66,990.8485899860362
6,MRP2.1,20,0.294730334178016,0.22496577775202695,0.3603012412181893,0.2644787644787645,0.030251569699251468,9.151574692686696e-4,TRUE,KS,67,1007.176826113528
6,MRP2.1,21,0.3536266219296182,0.2864095796158696,0.429033171978317,0.3541300527240773,-5.034307944591365e-4,2.5344256480975736e-7,TRUE,KY,74,1100.4408035545262
6,MRP2.1,22,0.4007501369102375,0.32873609934988346,0.4876908948546508,0.40809248554913297,-0.007342348638895491,5.391008353509046e-5,TRUE,LA,51,756.4091090939796
6,MRP2.1,23,0.35576294879054926,0.2888544760655936,0.43357744694882167,0.2982456140350877,0.05751733475546156,0.003308243797371826,TRUE,ME,70,1209.3004676848766
6,MRP2.1,24,0.318829393765846,0.2621512934213815,0.3769130324327937,0.30939226519337015,0.009437128572475861,8.905939569344028e-5,TRUE,MD,119,1723.5669218400326
6,MRP2.1,25,0.3350372586622115,0.27833335583496993,0.3988556707967706,0.3460096411355115,-0.010972382473300013,1.2039317714038131e-4,TRUE,MA,128,1906.0052483469522
6,MRP2.1,26,0.3765118701045272,0.3146239567738336,0.4442151987606324,0.40276356192425794,-0.02625169181973075,6.891513233981183e-4,TRUE,MI,136,1970.4005996435951
6,MRP2.1,27,0.3349919217382787,0.2749973056855386,0.40181716930390976,0.31893004115226337,0.01606188058601532,2.5798400795941584e-4,TRUE,MN,100,1488.6024507406762
6,MRP2.1,28,0.3437184032556118,0.2786345174077806,0.4055548853837818,0.33690476190476193,0.006813641350849886,4.6425708458011464e-5,TRUE,MS,61,917.1117578350652
6,MRP2.1,29,0.34050687166109866,0.27798612713406756,0.4144206760496981,0.31070496083550914,0.029801910825589528,8.881538888563903e-4,TRUE,MO,79,1140.1195487675132
6,MRP2.1,30,0.3276626353389246,0.26450419295843786,0.40813843652929277,0.27586206896551724,0.05180056637340735,0.0026832986766057807,TRUE,MT,59,1049.4041308959424
6,MRP2.1,31,0.2762311369690535,0.20612320652236393,0.3456484141477129,0.2688553682342502,0.0073757687348032785,5.440196442930156e-5,TRUE,NE,75,1171.5284744567382
6,MRP2.1,32,0.371585203886232,0.30830547394662333,0.4444473888576393,0.3879310344827586,-0.01634583059652661,2.671861778903455e-4,TRUE,NV,65,1033.5219919353556
6,MRP2.1,33,0.2945535581261148,0.23595499652559712,0.3537110936504635,0.3114874815905744,-0.0169339234644596,2.867577639001754e-4,TRUE,NH,81,1399.892022849054
6,MRP2.1,34,0.34887571383553423,0.28511579943684257,0.4132873815821541,0.3675276752767528,-0.018651961441218556,3.478956656047038e-4,TRUE,NJ,85,1163.5619712463433
6,MRP2.1,35,0.3753311332882311,0.31911672691041293,0.44324496291622323,0.3167062549485352,0.058624878339695874,0.0034368763603441423,FALSE,NM,85,1445.885880275946
6,MRP2.1,36,0.3761890396626208,0.31742913652209065,0.4361531377265859,0.34244946492271106,0.03373957473990974,0.0011383589036299553,TRUE,NY,136,1905.8350288688384
6,MRP2.1,37,0.36431517506092564,0.3080929830310734,0.42580908426434094,0.30879199428162973,0.05552318077929591,0.003082823603850375,TRUE,NC,107,1513.5764132694576
6,MRP2.1,38,0.3164145073201398,0.24906416905534162,0.38182393813125237,0.3009079118028534,0.015506595517286392,2.4045450453672644e-4,TRUE,ND,50,880.4149093552571
6,MRP2.1,39,0.3251814428773609,0.26312411174223455,0.3873830934326505,0.3185703185703186,0.006611124307042304,4.370696460316559e-5,TRUE,OH,101,1375.2151595489279
6,MRP2.1,40,0.36150180209801763,0.2984600140506011,0.4334322271066328,0.28644240570846075,0.07505939638955689,0.005633912986364626,FALSE,OK,67,984.9277094084468
6,MRP2.1,41,0.345022390209052,0.2836893713771018,0.41507293845426385,0.3165644171779141,0.028457973031137895,8.098562290409718e-4,TRUE,OR,96,1484.052019467389
6,MRP2.1,42,0.33765228813521714,0.28359738595356565,0.4004483458513031,0.3404605263157895,-0.0028082381805723533,7.886201678824322e-6,TRUE,PA,136,1908.2565168012234
6,MRP2.1,44,0.3121797251244356,0.24885363346079775,0.3775340319954602,0.3433667781493868,-0.031187053024951228,9.726322763811196e-4,TRUE,RI,59,1014.0394343175801
6,MRP2.1,45,0.34023799703803215,0.2806709776093342,0.40685914812730245,0.31290849673202614,0.027329500306006005,7.469015869759823e-4,TRUE,SC,87,1269.4430710168895
6,MRP2.1,46,0.2826641919079211,0.21410574507819158,0.35061936172979924,0.2953846153846154,-0.012720423476694331,1.618091734264363e-4,TRUE,SD,39,634.1985364746831
6,MRP2.1,47,0.2968794307850975,0.22810204653490637,0.3603062570245197,0.327212020033389,-0.03033258924829152,9.200659705055703e-4,TRUE,TN,78,1083.5084424089605
6,MRP2.1,48,0.32605078238620083,0.2734068465602827,0.37294953869172415,0.33565823888404533,-0.009607456497844502,9.230322035797454e-5,TRUE,TX,249,3497.597832036657
6,MRP2.1,49,0.308244910631438,0.2551693919140194,0.3679788565457793,0.2304,0.077844910631438,0.006059830111216569,FALSE,UT,130,2118.5008763575215
6,MRP2.1,50,0.2985269233810264,0.23594025640896246,0.3608854265076972,0.33587786259541985,-0.037350939214393475,0.0013950926601973162,TRUE,VT,55,996.4100798300051
6,MRP2.1,51,0.27980672394501444,0.22366591001389888,0.3393853599581448,0.2716180371352785,0.008188686809735946,6.705459166794345e-5,TRUE,VA,137,1986.951280502886
6,MRP2.1,53,0.3495604031500307,0.2989685915498358,0.4046359320004092,0.32831683168316833,0.021243571466862343,4.512893286676879e-4,TRUE,WA,169,2583.003822529
6,MRP2.1,54,0.32619609644559755,0.25676105777977,0.4013958217750712,0.27807486631016043,0.04812123013543712,0.0023156527897477018,TRUE,WV,58,948.829947996332
6,MRP2.1,55,0.32183789941019286,0.2604999797665475,0.38800626412649203,0.3069958847736626,0.014842014636530287,2.2028539847097927e-4,TRUE,WI,71,1015.5508245911288
6,MRP2.1,56,0.30956698958474105,0.23736966561676312,0.3838833173829337,0.2782152230971129,0.03135176648762816,9.829332618947644e-4,TRUE,WY,45,788.2357982172359
7,MRP2.1,01,0.3343026432882844,0.26406638629914847,0.4119709313219428,0.3007135575942915,0.03358908569399288,0.0011282266777583973,TRUE,AL,72,1025.2933063297826
7,MRP2.1,04,0.31178218651698036,0.25682744490644244,0.37128159564176527,0.28578919769271105,0.025992988824269314,6.756354680185894e-4,TRUE,AZ,135,1976.2525840936278
7,MRP2.1,05,0.2793202964925626,0.20037929960024012,0.3563758433015222,0.2849035187287174,-0.005583222236154761,3.117237053829297e-5,TRUE,AR,55,827.7475565579368
7,MRP2.1,06,0.38766446664814225,0.3400759773103847,0.4361279333005485,0.3766891891891892,0.010975277458953048,1.2045671530100286e-4,TRUE,CA,304,4392.6310925878015
7,MRP2.1,08,0.25578277681376554,0.20189724107359233,0.31393776744753915,0.2865264354747015,-0.03074365866093598,9.451725478601438e-4,TRUE,CO,144,2102.1781069371154
7,MRP2.1,09,0.39226162356421795,0.32118927345689574,0.4713233066677529,0.3638113570741097,0.028450266490108234,8.094176633581755e-4,TRUE,CT,77,1171.4478202916791
7,MRP2.1,10,0.2864474518494875,0.22116367386683125,0.34935660540255153,0.3221957040572792,-0.03574825220779171,0.0012779375359118848,TRUE,DE,73,1291.8533401048817
7,MRP2.1,11,0.28081836714125163,0.20781361232944942,0.35236061908010335,0.2659758203799655,0.014842546761286157,2.203011943609662e-4,TRUE,DC,52,962.0100070573061
7,MRP2.1,12,0.3543795797362952,0.3051455063933819,0.40907693475007967,0.35494880546075086,-5.692257244556687e-4,3.2401792538208084e-7,TRUE,FL,198,2795.0063282430087
7,MRP2.1,13,0.31289106493600594,0.2536309646938324,0.37423641178118494,0.3376770538243626,-0.024785988888356647,6.143452451737391e-4,TRUE,GA,121,1689.7432264383867
7,MRP2.1,16,0.2548676682010846,0.19237154227423964,0.31921856209371297,0.27474747474747474,-0.019879806546390155,3.9520670832189685e-4,TRUE,ID,89,1493.888274019667
7,MRP2.1,17,0.3210620544375465,0.26151588584725916,0.38615169071212563,0.3270967741935484,-0.006034719756001894,3.6417842533479555e-5,TRUE,IL,130,1806.207485941191
7,MRP2.1,18,0.28844135960830314,0.22137047461690582,0.3690923094696389,0.3194805194805195,-0.031039159872216338,9.63429445573005e-4,TRUE,IN,68,966.9665831291978
7,MRP2.1,19,0.3065004336993159,0.24473698139360855,0.3788226499282831,0.28534031413612565,0.02116011956319025,4.477506599285067e-4,TRUE,IA,82,1271.9600764779732
7,MRP2.1,20,0.3008855290440407,0.22745936388459698,0.38680633286219473,0.2644787644787645,0.036406764565276195,0.0013254525061114505,TRUE,KS,58,876.1580654945899
7,MRP2.1,21,0.29983097266052833,0.22590611354137702,0.3781927856977919,0.3541300527240773,-0.054299080063549,0.0029483900957477044,TRUE,KY,68,987.3822947820022
7,MRP2.1,22,0.38394814716411735,0.30463248256529163,0.4694762510653741,0.40809248554913297,-0.024144338385015618,5.829490760501385e-4,TRUE,LA,53,773.4176240478615
7,MRP2.1,23,0.25433203135500965,0.18445885882063998,0.33432707234231746,0.2982456140350877,-0.043913582680078056,0.0019284027438000513,TRUE,ME,56,908.5976939860166
7,MRP2.1,24,0.3544218751001672,0.2903979580842262,0.42097028053867436,0.30939226519337015,0.04502960990679705,0.0020276657683583155,TRUE,MD,108,1606.0597041665246
7,MRP2.1,25,0.3550393644312766,0.2973616790982076,0.42061357691724294,0.3460096411355115,0.009029723295765069,8.153590279808237e-5,TRUE,MA,140,2087.6125343691974
7,MRP2.1,26,0.4225552247880341,0.35392404874110256,0.4932692302847983,0.40276356192425794,0.01979166286377615,3.917099189133759e-4,TRUE,MI,138,2032.8091260464403
7,MRP2.1,27,0.334030419374349,0.26266097182448545,0.41120858070146504,0.31893004115226337,0.015100378222085653,2.2802142245003867e-4,TRUE,MN,94,1400.1334833286521
7,MRP2.1,28,0.3474404901470995,0.2791454576835923,0.42756319738465437,0.33690476190476193,0.010535728242337561,1.110015695963893e-4,TRUE,MS,57,846.0430886956841
7,MRP2.1,29,0.27325386364406745,0.2036664568457313,0.3517590493026599,0.31070496083550914,-0.037451097191441685,0.0014025846808428113,TRUE,MO,71,1004.9337183528418
7,MRP2.1,30,0.2849256340046854,0.2166171477849691,0.35457834359154733,0.27586206896551724,0.009063565039168164,8.214821121923141e-5,TRUE,MT,78,1373.856134887476
7,MRP2.1,31,0.3080928447315472,0.23650843034423835,0.39441466202282893,0.2688553682342502,0.039237476497296975,0.0015395795618759324,TRUE,NE,57,932.4099882726296
7,MRP2.1,32,0.31145807206941717,0.24922764222655844,0.3729481149510067,0.3879310344827586,-0.07647296241334145,0.005848113980272334,FALSE,NV,81,1254.0146841706141
7,MRP2.1,33,0.33147834411531285,0.2554691747794111,0.4157664967815726,0.3114874815905744,0.019990862524738473,3.996345844829931e-4,TRUE,NH,59,1046.328193922021
7,MRP2.1,34,0.3539450979025463,0.2881607204767203,0.43199073066734073,0.3675276752767528,-0.013582577374206484,1.844864081263059e-4,TRUE,NJ,88,1225.9826598767747
7,MRP2.1,35,0.3416651561408879,0.27913759198132937,0.41234854193369974,0.3167062549485352,0.024958901192352667,6.229467487296234e-4,TRUE,NM,66,1098.1409505749077
7,MRP2.1,36,0.32606502129379006,0.2651605844727013,0.39966556540858533,0.34244946492271106,-0.016384443628920997,2.6844999302928985e-4,TRUE,NY,125,1663.8942521753079
7,MRP2.1,37,0.35305696032575296,0.28863895607992374,0.42018422454214877,0.30879199428162973,0.04426496604412322,0.0019593872188873817,TRUE,NC,99,1383.9557027175983
7,MRP2.1,38,0.3129931926736356,0.24157400591000153,0.3924891508271545,0.3009079118028534,0.0120852808707822,1.4605401372569417e-4,TRUE,ND,46,822.0891805998695
7,MRP2.1,39,0.2630210564818539,0.19903216652182518,0.33138504299069105,0.3185703185703186,-0.05554926208846467,0.003085720518572938,TRUE,OH,102,1350.3125097431553
7,MRP2.1,40,0.25461069214375504,0.19123924032317202,0.32431583809833125,0.28644240570846075,-0.03183171356470571,0.0010132579884654695,TRUE,OK,73,1040.9432361029872
7,MRP2.1,41,0.3032874691426241,0.244436304107904,0.36843758340174243,0.3165644171779141,-0.013276948035290004,1.762773491317911e-4,TRUE,OR,119,1815.8730658977997
7,MRP2.1,42,0.3382139391129395,0.278704455398251,0.4015393565646466,0.3404605263157895,-0.002246587202849981,5.0471540600093025e-6,TRUE,PA,131,1852.5582596468635
7,MRP2.1,44,0.3709419781982244,0.28312661702600816,0.46178263741360376,0.3433667781493868,0.027575200048837567,7.603916577334114e-4,TRUE,RI,40,698.763140593412
7,MRP2.1,45,0.28896621220943774,0.22417846366726324,0.3570491717562641,0.31290849673202614,-0.023942284522588397,5.73232988160576e-4,TRUE,SC,89,1281.927471648029
7,MRP2.1,46,0.29896954327059444,0.22602773035923118,0.39182308859318726,0.2953846153846154,0.003584927885979028,1.2851707947670062e-5,TRUE,SD,46,764.6137873364029
7,MRP2.1,47,0.35107429569086995,0.2839581789973317,0.42186621190405943,0.327212020033389,0.023862275657480947,5.694081995536078e-4,TRUE,TN,90,1273.8898206879753
7,MRP2.1,48,0.34062038618065327,0.2926637231691076,0.3896373947573386,0.33565823888404533,0.004962147296607933,2.4622905793233414e-5,TRUE,TX,251,3514.9087574194496
7,MRP2.1,49,0.2870904596416344,0.22831603622128968,0.3470466259472858,0.2304,0.05669045964163438,0.003213808214379777,TRUE,UT,118,1872.8993198095436
7,MRP2.1,50,0.34029186977252396,0.26821592195576954,0.4216500251809816,0.33587786259541985,0.004414007177104107,1.9483459359526565e-5,TRUE,VT,63,1202.4509445785166
7,MRP2.1,51,0.2991688491062499,0.23804343082166363,0.36027979465727555,0.2716180371352785,0.027550811970971423,7.590472402598222e-4,TRUE,VA,135,1950.2735485232488
7,MRP2.1,53,0.30614977119887643,0.2533492592614118,0.36088192409533515,0.32831683168316833,-0.0221670604842919,4.913785705142555e-4,TRUE,WA,171,2564.793185538184
7,MRP2.1,54,0.35645472941346623,0.2783236273463448,0.4516337973246022,0.27807486631016043,0.0783798631033058,0.006143402940092958,FALSE,WV,56,911.6562870992557
7,MRP2.1,55,0.3446873534695991,0.26912700896370984,0.42286230752921283,0.3069958847736626,0.037691468695936536,0.0014206468124567638,TRUE,WI,88,1291.1684800864803
7,MRP2.1,56,0.28709798415716353,0.20679917814130183,0.3717242915504012,0.2782152230971129,0.008882761060050648,7.890344404995211e-5,TRUE,WY,34,583.4303882763805
8,MRP2.1,01,0.33112669360125657,0.26515875341708123,0.4041259099536413,0.3007135575942915,0.030413136006965047,9.249588417781538e-4,TRUE,AL,74,1050.690748495988
8,MRP2.1,04,0.25391820572253077,0.19597508466753064,0.31121437813128805,0.28578919769271105,-0.031870991970180285,0.0010157601291632963,TRUE,AZ,134,1932.688692332469
8,MRP2.1,05,0.2799233032793778,0.20887387871233998,0.3542404723760786,0.2849035187287174,-0.004980215449339576,2.480254592184059e-5,TRUE,AR,50,733.4942162706812
8,MRP2.1,06,0.3418221798865483,0.3002115646083227,0.3850504783101077,0.3766891891891892,-0.03486700930264092,0.0012157083377104482,TRUE,CA,318,4484.583101817463
8,MRP2.1,08,0.2877639606824299,0.2276979193956967,0.3512239886634827,0.2865264354747015,0.0012375252077283516,1.5314686397630997e-6,TRUE,CO,103,1541.0947681309815
8,MRP2.1,09,0.30350552801113634,0.22999756046278494,0.3741351140040522,0.3638113570741097,-0.06030582906297338,0.003636793018972565,TRUE,CT,58,868.1582402591531
8,MRP2.1,10,0.30219017765138506,0.2448401870166329,0.36653921007069346,0.3221957040572792,-0.020005526405894147,4.00221086776928e-4,TRUE,DE,86,1569.2979106840119
8,MRP2.1,11,0.35918405206708104,0.29408158406818524,0.43115374830408165,0.2659758203799655,0.09320823168711556,0.008687774454239013,FALSE,DC,53,997.5036964654316
8,MRP2.1,12,0.3340708033288367,0.2832540691552622,0.39496777350794515,0.35494880546075086,-0.020878002131914153,4.358909730202119e-4,TRUE,FL,177,2482.4035694099643
8,MRP2.1,13,0.3255535524972138,0.26776331661070896,0.3870619893833925,0.3376770538243626,-0.012123501327148789,1.4697928442937845e-4,TRUE,GA,129,1830.583867246974
8,MRP2.1,16,0.260494026284804,0.1974441545609232,0.3222190353984188,0.27474747474747474,-0.014253448462670737,2.031607930780108e-4,TRUE,ID,88,1436.23976464121
8,MRP2.1,17,0.3471826252017863,0.28593604412968865,0.4182086775018815,0.3270967741935484,0.020085851008237898,4.034414107251314e-4,TRUE,IL,92,1274.7077797821667
8,MRP2.1,18,0.3216670254059988,0.25341087129655976,0.39207304377675356,0.3194805194805195,0.0021865059254793096,4.780808162156132e-6,TRUE,IN,76,1069.1994235358882
8,MRP2.1,19,0.30944191211348154,0.2366756701265437,0.3924952661735083,0.28534031413612565,0.024101597977355893,5.808870250620856e-4,TRUE,IA,62,950.8975264520009
8,MRP2.1,20,0.28044776165392105,0.21537467868375473,0.35302739811017264,0.2644787644787645,0.01596899717515654,2.550088707801576e-4,TRUE,KS,65,977.8736181366428
8,MRP2.1,21,0.3402618531304426,0.2737650897208047,0.4249762640587051,0.3541300527240773,-0.013868199593634722,1.9232695996889028e-4,TRUE,KY,70,1025.0703928955545
8,MRP2.1,22,0.38259094954445155,0.3063682747994197,0.4701185029483705,0.40809248554913297,-0.025501536004681413,6.503283385980625e-4,TRUE,LA,59,856.8882775002937
8,MRP2.1,23,0.30393116265554243,0.23914798860320166,0.37406692869500874,0.2982456140350877,0.005685548620454728,3.232546311555466e-5,TRUE,ME,71,1183.0554137271686
8,MRP2.1,24,0.3239631593949645,0.26534844470928226,0.3824969548402559,0.30939226519337015,0.014570894201594353,2.1231095783405594e-4,TRUE,MD,115,1688.6116989709612
8,MRP2.1,25,0.3528888513521954,0.2920620409702977,0.4132249661305674,0.3460096411355115,0.006879210216683862,4.732353320532763e-5,TRUE,MA,127,1898.0318174668307
8,MRP2.1,26,0.3553617042318495,0.2954187148592502,0.4237949548442246,0.40276356192425794,-0.047401857692408456,0.0022469361126913425,TRUE,MI,131,1942.095916401568
8,MRP2.1,27,0.2944225052595485,0.23182644566597915,0.3603163959016449,0.31893004115226337,-0.02450753589271487,6.006193155327076e-4,TRUE,MN,112,1610.9222720753805
8,MRP2.1,28,0.37793950992097036,0.3053688387783881,0.4634068399827559,0.33690476190476193,0.04103474801620843,0.001683850544753722,TRUE,MS,46,698.3941054777073
8,MRP2.1,29,0.3166248392454363,0.2501513956299036,0.39023223598136486,0.31070496083550914,0.005919878409927137,3.504496038832145e-5,TRUE,MO,68,959.0987565764133
8,MRP2.1,30,0.30581703224598733,0.24433789445911896,0.37878655669003347,0.27586206896551724,0.029954963280470093,8.972998251343116e-4,TRUE,MT,67,1172.1609278469512
8,MRP2.1,31,0.24691692543595242,0.1788279216408262,0.3172326725725688,0.2688553682342502,-0.02193844279829779,4.812952724141842e-4,TRUE,NE,67,1038.1919125982213
8,MRP2.1,32,0.32007186667255744,0.26250991719995287,0.38707852457776076,0.3879310344827586,-0.06785916781020118,0.004604866655893044,FALSE,NV,80,1260.9549191931158
8,MRP2.1,33,0.2647434062512258,0.20143768363159603,0.33102371171844824,0.3114874815905744,-0.0467440753393486,0.002185008579330698,TRUE,NH,95,1604.3357133312725
8,MRP2.1,34,0.3044843264964211,0.247771729933667,0.36178968762233527,0.3675276752767528,-0.06304334878033169,0.003974463825438549,FALSE,NJ,128,1791.14943355417
8,MRP2.1,35,0.32348217284983277,0.2602121033827693,0.3838680602914862,0.3167062549485352,0.006775917901297557,4.591306340512469e-5,TRUE,NM,88,1457.3181823082284
8,MRP2.1,36,0.3702708171278677,0.30841161376356135,0.4390570211220866,0.34244946492271106,0.027821352205156635,7.74027638523374e-4,TRUE,NY,141,1952.228279141762
8,MRP2.1,37,0.2954275991051264,0.23339051245290993,0.3552538414057144,0.30879199428162973,-0.01336439517650334,1.7860705843374575e-4,TRUE,NC,112,1519.4528583308243
8,MRP2.1,38,0.30701803586448395,0.22985921860592157,0.3928164337553586,0.3009079118028534,0.006110124061630529,3.733361604851635e-5,TRUE,ND,38,650.8998149472131
8,MRP2.1,39,0.34570953065586174,0.2776044189742779,0.41656919799150993,0.3185703185703186,0.027139212085543152,7.365368326240915e-4,TRUE,OH,90,1241.3286251676627
8,MRP2.1,40,0.275164424017229,0.2094917427980026,0.3436492188478298,0.28644240570846075,-0.011277981691231731,1.2719287102775812e-4,TRUE,OK,80,1146.383018673564
8,MRP2.1,41,0.26379897490057963,0.2068498672533523,0.3271090419128626,0.3165644171779141,-0.052765442277334484,0.0027841918987227174,TRUE,OR,87,1312.7958616574956
8,MRP2.1,42,0.32946339716998607,0.27614011743427075,0.3910493684077912,0.3404605263157895,-0.01099712914580342,1.2093684944947904e-4,TRUE,PA,133,1846.3359791770372
8,MRP2.1,44,0.29161633571019724,0.2278937693772464,0.36581471401787813,0.3433667781493868,-0.05175044243918958,0.002678108292651874,TRUE,RI,53,881.6055890015365
8,MRP2.1,45,0.33540724690082285,0.2671953751245365,0.4116599838698245,0.31290849673202614,0.02249875016879671,5.0619375915793e-4,TRUE,SC,75,1099.8102118557306
8,MRP2.1,46,0.31020269929387595,0.2302456916399451,0.40347821259499583,0.2953846153846154,0.014818083909260538,2.1957561074188606e-4,TRUE,SD,35,594.2764618266642
8,MRP2.1,47,0.34482443740659213,0.279831675295785,0.42276184523059956,0.327212020033389,0.017612417373203126,3.101972457279073e-4,TRUE,TN,87,1210.922728731921
8,MRP2.1,48,0.3278529451729938,0.2805130902546181,0.37749624209986793,0.33565823888404533,-0.007805293711051542,6.092260991578075e-5,TRUE,TX,251,3513.6847974669577
8,MRP2.1,49,0.24997666663820012,0.19729884361334304,0.30852271190638514,0.2304,0.019576666638200124,3.8324587666321776e-4,TRUE,UT,135,2186.9589344971632
8,MRP2.1,50,0.347782241187729,0.279503615900568,0.43481221455051633,0.33587786259541985,0.01190437859230914,1.4171422966902813e-4,TRUE,VT,68,1285.1024358342308
8,MRP2.1,51,0.2771958279430869,0.22236246069434148,0.33386400824098106,0.2716180371352785,0.005577790807808403,3.111175029567191e-5,TRUE,VA,118,1703.9415063603367
8,MRP2.1,53,0.33718681988993565,0.2842685602600657,0.39582533494544736,0.32831683168316833,0.00886998820676732,7.867669078819136e-5,TRUE,WA,165,2565.6801977505534
8,MRP2.1,54,0.27428795417899254,0.20825152041926703,0.3467608857039403,0.27807486631016043,-0.0037869121311678855,1.4340703489186497e-5,TRUE,WV,59,913.5696596066607
8,MRP2.1,55,0.2789370937227734,0.21633861430392315,0.3436372724806306,0.3069958847736626,-0.028058791050889154,7.872957552374572e-4,TRUE,WI,88,1240.1614627610054
8,MRP2.1,56,0.26465229215955116,0.19203515117284634,0.33718848639328947,0.2782152230971129,-0.013562930937561724,1.8395309561706894e-4,TRUE,WY,44,766.0432138592013
9,MRP2.1,01,0.3247856640558637,0.26123653155333165,0.39061606303268703,0.3007135575942915,0.02407210646157215,5.794663094972637e-4,TRUE,AL,57,835.0344875703191
9,MRP2.1,04,0.32208783679201863,0.2700241515439023,0.3797672776725404,0.28578919769271105,0.036298639099307584,0.0013175912004617812,TRUE,AZ,113,1664.1093406732532
9,MRP2.1,05,0.32331135981090303,0.26248866273041,0.39047808339924633,0.2849035187287174,0.038407841082185645,0.0014751622565944275,TRUE,AR,63,948.8661184465218
9,MRP2.1,06,0.37574458700187163,0.3369639190866125,0.42239586296081966,0.3766891891891892,-9.44602187317567e-4,8.922732922851318e-7,TRUE,CA,329,4734.865669916093
9,MRP2.1,08,0.28964193328120175,0.22887735807712706,0.34907950750239003,0.2865264354747015,0.0031154978065002226,9.706326582307699e-6,TRUE,CO,115,1692.4074608628919
9,MRP2.1,09,0.34125310118098046,0.2814572124463083,0.41195698440158274,0.3638113570741097,-0.022558255893129264,5.088749089399012e-4,TRUE,CT,55,831.8715991993403
9,MRP2.1,10,0.31885453530399926,0.26250061752216475,0.3759675715306267,0.3221957040572792,-0.003341168753279944,1.1163408637894254e-5,TRUE,DE,66,1196.948556931922
9,MRP2.1,11,0.32537997831412996,0.26726155262743395,0.38242913075647933,0.2659758203799655,0.05940415793416448,0.003528853979867157,FALSE,DC,59,1067.6306158880382
9,MRP2.1,12,0.3431560029025872,0.30012171760114786,0.39147994449419715,0.35494880546075086,-0.011792802558163673,1.3907019217583168e-4,TRUE,FL,204,2873.4308454202537
9,MRP2.1,13,0.3233290256022784,0.27207613701075295,0.3733377214807521,0.3376770538243626,-0.014348028222084197,2.058659138617246e-4,TRUE,GA,114,1605.8419116525122
9,MRP2.1,16,0.29304997630048196,0.23201538906097532,0.34915659145532235,0.27474747474747474,0.018302501553007222,3.349815630978318e-4,TRUE,ID,84,1410.8415671909063
9,MRP2.1,17,0.34890048221781117,0.2949397048809898,0.4122131550952497,0.3270967741935484,0.02180370802426279,4.7540168360730165e-4,TRUE,IL,98,1371.656338852571
9,MRP2.1,18,0.31491101960706613,0.2525772391918438,0.3816228582505754,0.3194805194805195,-0.004569499873453342,2.088032909349011e-5,TRUE,IN,65,920.6179724303872
9,MRP2.1,19,0.3158656736753821,0.25581827769923066,0.3769159727407192,0.28534031413612565,0.030525359539256447,9.317975750008745e-4,TRUE,IA,80,1228.19638082222
9,MRP2.1,20,0.32828392224143477,0.2675877317514098,0.39438235949426503,0.2644787644787645,0.06380515776267026,0.004071098157119241,FALSE,KS,79,1232.4143360171756
9,MRP2.1,21,0.3372312378207186,0.28088843966823696,0.40769950353269274,0.3541300527240773,-0.016898814903358705,2.855699451379783e-4,TRUE,KY,88,1288.9234118174504
9,MRP2.1,22,0.3472423507872261,0.28552966540797897,0.41855526711869245,0.40809248554913297,-0.06085013476190687,0.003702738900542227,TRUE,LA,60,853.6708030841378
9,MRP2.1,23,0.26604998146071096,0.20211029864706448,0.3281447328523682,0.2982456140350877,-0.03219563257437674,0.0010365587568642689,TRUE,ME,66,1097.2202556986667
9,MRP2.1,24,0.31291418660415127,0.2561539793154215,0.3719201420014736,0.30939226519337015,0.0035219214107811148,1.2403930423718437e-5,TRUE,MD,98,1423.0310409456208
9,MRP2.1,25,0.34733097856893363,0.29161227604178863,0.4054017357380062,0.3460096411355115,0.0013213374334221095,1.7459326129625278e-6,TRUE,MA,123,1819.5484764322025
9,MRP2.1,26,0.35595301308773336,0.3034511583412498,0.4165421708028772,0.40276356192425794,-0.04681054883652458,0.0021912274823766525,TRUE,MI,141,2089.4961168026207
9,MRP2.1,27,0.3438928530031522,0.2821870757572552,0.4086188206021972,0.31893004115226337,0.024962811850888833,6.23141975502876e-4,TRUE,MN,106,1579.1692867192005
9,MRP2.1,28,0.331597698320373,0.27098533875552716,0.39107339433417954,0.33690476190476193,-0.005307063584388927,2.8164923888747045e-5,TRUE,MS,48,709.9200562601483
9,MRP2.1,29,0.3067608578320601,0.2468849606938473,0.37052134566906136,0.31070496083550914,-0.003944103003449051,1.5555948501815826e-5,TRUE,MO,87,1226.1006872058447
9,MRP2.1,30,0.2922469879877481,0.2262572232260189,0.3618572882509824,0.27586206896551724,0.01638491902223088,2.684655713650634e-4,TRUE,MT,65,1124.169955861304
9,MRP2.1,31,0.2962493217275617,0.23670643268253888,0.3557255610508019,0.2688553682342502,0.027393953493311474,7.504286879937118e-4,TRUE,NE,65,1039.809597209689
9,MRP2.1,32,0.32421622434347286,0.2735184577428902,0.37730548200046043,0.3879310344827586,-0.06371481013928576,0.004059577031085232,FALSE,NV,82,1275.2415491411198
9,MRP2.1,33,0.33698571817213924,0.2759215727907145,0.4074235736415361,0.3114874815905744,0.02549823658156486,6.501600687694524e-4,TRUE,NH,68,1199.4434506363277
9,MRP2.1,34,0.3492853718007123,0.2937461233895881,0.40815176554154836,0.3675276752767528,-0.0182423034760405,3.327816361119593e-4,TRUE,NJ,112,1587.9676648346863
9,MRP2.1,35,0.31527756567993753,0.25510271672113016,0.3699535936323823,0.3167062549485352,-0.0014286892685976826,2.0411530262061815e-6,TRUE,NM,77,1260.2107112597166
9,MRP2.1,36,0.3523444531752646,0.30260785499880954,0.4142551444632557,0.34244946492271106,0.009894988252553527,9.79107925181723e-5,TRUE,NY,113,1567.2531580697178
9,MRP2.1,37,0.3234630431917451,0.2672374652823208,0.3820093185308401,0.30879199428162973,0.014671048910115392,2.1523967612299802e-4,TRUE,NC,99,1362.55222359256
9,MRP2.1,38,0.2814034361574165,0.21492261692883347,0.34385301317606226,0.3009079118028534,-0.019504475645436947,3.8042457020344303e-4,TRUE,ND,44,754.7765020894528
9,MRP2.1,39,0.3021845513482465,0.2447322350416519,0.3618567757031904,0.3185703185703186,-0.01638576722207208,2.684933674559317e-4,TRUE,OH,98,1309.9898265352638
9,MRP2.1,40,0.3084451095887361,0.245965136734984,0.37067543161714533,0.28644240570846075,0.022002703880275365,4.841189780430846e-4,TRUE,OK,63,910.4925836478728
9,MRP2.1,41,0.3368393137658105,0.28158016813385833,0.4020967932584206,0.3165644171779141,0.020274896587896385,4.110714316498925e-4,TRUE,OR,104,1604.6999627228458
9,MRP2.1,42,0.3483056058214106,0.2924787901387094,0.4095164459037581,0.3404605263157895,0.007845079505621133,6.154527244951672e-5,TRUE,PA,130,1857.0240120593444
9,MRP2.1,44,0.34634080686041785,0.2847109065222249,0.42239295625600387,0.3433667781493868,0.0029740287110310293,8.844846774036886e-6,TRUE,RI,63,1107.2934458319005
9,MRP2.1,45,0.3364632893617381,0.27815165968092753,0.4007394513560289,0.31290849673202614,0.02355479262971194,5.548282558287319e-4,TRUE,SC,82,1186.7310835646133
9,MRP2.1,46,0.3058310496591452,0.23851920054378128,0.38011950566493563,0.2953846153846154,0.010446434274529792,1.0912798905207078e-4,TRUE,SD,45,746.6278148853141
9,MRP2.1,47,0.3225100422634611,0.26284399713743306,0.3878605030959062,0.327212020033389,-0.004701977769927923,2.2108594948896364e-5,TRUE,TN,78,1096.9230146565449
9,MRP2.1,48,0.32478857288944935,0.27797568703951686,0.3702429688970193,0.33565823888404533,-0.01086966599459599,1.1814963883407641e-4,TRUE,TX,284,3988.984341710574
9,MRP2.1,49,0.27551908927295005,0.22036760056155333,0.33129112334010435,0.2304,0.04511908927295005,0.0020357322168204363,TRUE,UT,125,1975.5936286953602
9,MRP2.1,50,0.31338711476967823,0.2546647146829469,0.3803944117545691,0.33587786259541985,-0.02249074782574162,5.058337377611014e-4,TRUE,VT,64,1219.1112013044235
9,MRP2.1,51,0.3025121112940135,0.24689584292017025,0.358158484967712,0.2716180371352785,0.03089407415873502,9.544438181254189e-4,TRUE,VA,115,1657.4385082790568
9,MRP2.1,53,0.31584302065334247,0.2704296080532189,0.3646947879212148,0.32831683168316833,-0.012473811029825865,1.5559596160780542e-4,TRUE,WA,178,2689.741010849409
9,MRP2.1,54,0.2528712099240718,0.1899566192745246,0.3205049908748566,0.27807486631016043,-0.025203656386088624,6.352242952280259e-4,TRUE,WV,63,963.446410696658
9,MRP2.1,55,0.2882806061393949,0.22454947185783897,0.35091450963015813,0.3069958847736626,-0.018715278634267696,3.502616543582769e-4,TRUE,WI,79,1123.448747475489
9,MRP2.1,56,0.324020736163169,0.2632653570352895,0.3996918651316165,0.2782152230971129,0.045805513066056125,0.0020981450272446384,TRUE,WY,54,962.6393707184898
10,MRP2.1,01,0.30855030514356663,0.24506334833390583,0.3753059601849288,0.3007135575942915,0.007836747549275103,6.141461215106933e-5,TRUE,AL,64,900.2110085361296
10,MRP2.1,04,0.2795081317545589,0.22380722849548193,0.3339856756643015,0.28578919769271105,-0.006281065938152142,3.9451789319415044e-5,TRUE,AZ,135,1984.793314795837
10,MRP2.1,05,0.31560792713314123,0.25491712818811374,0.3860856802211486,0.2849035187287174,0.030704408404423844,9.427606954656536e-4,TRUE,AR,76,1150.3222359074957
10,MRP2.1,06,0.3783494891654063,0.3346104024012867,0.4283135728960431,0.3766891891891892,0.0016602999762170834,2.7565960110264474e-6,TRUE,CA,351,5053.090939309258
10,MRP2.1,08,0.30569315905853917,0.24699434835867634,0.37090809383545736,0.2865264354747015,0.01916672358383764,3.67363292939238e-4,TRUE,CO,105,1555.757342200547
10,MRP2.1,09,0.33525267852153734,0.2704626290170746,0.40546466483974314,0.3638113570741097,-0.02855867855257238,8.155981206691577e-4,TRUE,CT,66,976.9083640489894
10,MRP2.1,10,0.37035268474590194,0.3025010948292371,0.44967888166935516,0.3221957040572792,0.04815698068862273,0.0023190947890443826,TRUE,DE,66,1216.0879719710433
10,MRP2.1,11,0.2994299312765366,0.23125859883158661,0.36557074998303674,0.2659758203799655,0.03345411089657113,0.0011191775358800793,TRUE,DC,71,1308.1511011771051
10,MRP2.1,12,0.34638243645318867,0.2949608543757451,0.4059284414414831,0.35494880546075086,-0.008566369007562191,7.338267797372204e-5,TRUE,FL,170,2426.3572928609683
10,MRP2.1,13,0.3001910053952709,0.23947659761527654,0.3597563326610396,0.3376770538243626,-0.0374860484290917,0.0014052038268282084,TRUE,GA,117,1648.3373409956787
10,MRP2.1,16,0.2912630255306275,0.225437076487997,0.3525143156672924,0.27474747474747474,0.016515550783152755,2.727634176708976e-4,TRUE,ID,80,1344.9710929553503
10,MRP2.1,17,0.29259653877287906,0.23080250993791823,0.35265406900886415,0.3270967741935484,-0.03450023542066932,0.0011902662440816062,TRUE,IL,104,1422.747962110033
10,MRP2.1,18,0.3197758096681316,0.25170697528688796,0.3942121332252297,0.3194805194805195,2.9529018761215164e-4,8.719629490001972e-8,TRUE,IN,80,1122.840446013692
10,MRP2.1,19,0.32056765640811824,0.25386186043392145,0.3959923100796915,0.28534031413612565,0.03522734227199259,0.001240965643548116,TRUE,IA,75,1120.8352160165753
10,MRP2.1,20,0.27872171469187634,0.20916875455968856,0.354206142889765,0.2644787644787645,0.014242950213111838,2.0286163077318255e-4,TRUE,KS,65,997.5967642394346
10,MRP2.1,21,0.32724012807405967,0.25684811620005643,0.4005034176605078,0.3541300527240773,-0.02688992465001766,7.230680476836274e-4,TRUE,KY,71,1047.2300818454778
10,MRP2.1,22,0.3469269781483799,0.27842787921895373,0.42593004206727647,0.40809248554913297,-0.06116550740075305,0.003741219295591576,TRUE,LA,50,734.446893322186
10,MRP2.1,23,0.301121531867208,0.2350024421314247,0.3742483712908332,0.2982456140350877,0.0028759178321203227,8.270903377107656e-6,TRUE,ME,66,1089.5932988908548
10,MRP2.1,24,0.28455191331020935,0.22720344474010667,0.34384532054470485,0.30939226519337015,-0.024840351883160805,6.170430816792506e-4,TRUE,MD,108,1584.9291263958683
10,MRP2.1,25,0.376786338331235,0.31416343513708483,0.44157818808270866,0.3460096411355115,0.030776697195723457,9.472050902772522e-4,TRUE,MA,136,2107.0311792105795
10,MRP2.1,26,0.3513275485353422,0.29870561646416566,0.4122929572153034,0.40276356192425794,-0.051436013388915736,0.002645663473344719,TRUE,MI,147,2122.610358814003
10,MRP2.1,27,0.3247334141555086,0.26020587183297517,0.39401553474509865,0.31893004115226337,0.005803373003245238,3.3679138214795654e-5,TRUE,MN,95,1380.2906731498015
10,MRP2.1,28,0.3047152984178794,0.2301368365238992,0.376122025195628,0.33690476190476193,-0.03218946348688251,0.0010361615595733422,TRUE,MS,51,733.4710774566788
10,MRP2.1,29,0.3224884819518058,0.2543230456205665,0.40070811615426116,0.31070496083550914,0.011783521116296658,1.3885136989820923e-4,TRUE,MO,72,1019.4821577645729
10,MRP2.1,30,0.29210747423191885,0.2289776966172189,0.3560453318812801,0.27586206896551724,0.016245405266401614,2.6391319226962926e-4,TRUE,MT,62,1099.8427356473694
10,MRP2.1,31,0.33417353828722995,0.26864705908532893,0.4099865494385822,0.2688553682342502,0.06531817005297974,0.004266463339069979,TRUE,NE,72,1180.7340782397146
10,MRP2.1,32,0.3654142473819023,0.30097191213437263,0.44221115427932073,0.3879310344827586,-0.022516787100856306,5.07005701345289e-4,TRUE,NV,72,1142.8860806038629
10,MRP2.1,33,0.3046144558697235,0.2400583035955848,0.3749195094193902,0.3114874815905744,-0.006873025720850856,4.723848255947743e-5,TRUE,NH,79,1333.122856138272
10,MRP2.1,34,0.3202445875692908,0.26124404025341297,0.38274433997717233,0.3675276752767528,-0.04728308770746198,0.002235690383151542,TRUE,NJ,98,1370.6589956973592
10,MRP2.1,35,0.29547620009450676,0.22411933005502901,0.3641389626804223,0.3167062549485352,-0.021230054854028457,4.5071522910505727e-4,TRUE,NM,69,1108.1182945955818
10,MRP2.1,36,0.35192329488840285,0.29609771253399747,0.41481241167992633,0.34244946492271106,0.009473829965691793,8.975345421883977e-5,TRUE,NY,131,1802.6279257081626
10,MRP2.1,37,0.340293467268406,0.2786718186799927,0.40279184659120443,0.30879199428162973,0.03150147298677625,9.923428003365937e-4,TRUE,NC,107,1513.3469062284992
10,MRP2.1,38,0.31379234593371236,0.24152161964165506,0.39073791907897515,0.3009079118028534,0.012884434130858935,1.6600864287244263e-4,TRUE,ND,38,677.8979245370925
10,MRP2.1,39,0.3065484284174357,0.2388585601060494,0.37034659652180296,0.3185703185703186,-0.012021890152882908,1.4452584284798303e-4,TRUE,OH,99,1331.4952452053078
10,MRP2.1,40,0.29240281891332787,0.22136685682366553,0.3632631726530557,0.28644240570846075,0.005960413204867121,3.552652557275434e-5,TRUE,OK,68,964.6292172253435
10,MRP2.1,41,0.32954962660027465,0.2728697179214013,0.3940037946986184,0.3165644171779141,0.012985209422360533,1.6861566374256078e-4,TRUE,OR,127,1970.0839494913848
10,MRP2.1,42,0.3004911656451805,0.24768941694813765,0.3604508708226798,0.3404605263157895,-0.03996936067060897,0.001597549792417223,TRUE,PA,136,1876.6536714472875
10,MRP2.1,44,0.33155504718530554,0.2663271470881635,0.4044867274784242,0.3433667781493868,-0.01181173096408128,1.3951698836783648e-4,TRUE,RI,50,856.6275643485849
10,MRP2.1,45,0.2966548939623232,0.23812221578461168,0.3602133829028829,0.31290849673202614,-0.016253602769702946,2.6417960299529526e-4,TRUE,SC,93,1334.805921349629
10,MRP2.1,46,0.35714679703139096,0.2803123433642806,0.45028270983810137,0.2953846153846154,0.06176218164677555,0.0038145670817692984,TRUE,SD,37,629.9653892356407
10,MRP2.1,47,0.2904699492519538,0.22581905953504872,0.35586190732823303,0.327212020033389,-0.03674207078143521,0.001349979765307995,TRUE,TN,83,1149.153146238045
10,MRP2.1,48,0.3605369299535295,0.312487453471869,0.4142351040397202,0.33565823888404533,0.02487869106948415,6.189492693308304e-4,TRUE,TX,259,3644.473198510064
10,MRP2.1,49,0.27127707351311575,0.21385782681574436,0.32853579978339786,0.2304,0.04087707351311576,0.0016709351389966698,TRUE,UT,111,1749.1105609876017
10,MRP2.1,50,0.30093762886915554,0.2343144270816906,0.37240283022265896,0.33587786259541985,-0.034940233726264314,0.0012208199328459781,TRUE,VT,51,917.8047123478544
10,MRP2.1,51,0.31137724153645113,0.2540513509852247,0.36469170891526737,0.2716180371352785,0.03975920440117264,0.001580794334614226,TRUE,VA,127,1847.7405702630326
10,MRP2.1,53,0.29759532962762236,0.2485985701071117,0.34495996039683674,0.32831683168316833,-0.03072150205554597,9.438106885489152e-4,TRUE,WA,175,2623.726339820685
10,MRP2.1,54,0.29484139507795953,0.22843228692752454,0.36389242136588307,0.27807486631016043,0.016766528767799105,2.8111648692143496e-4,TRUE,WV,57,891.3182445341691
10,MRP2.1,55,0.343460944670766,0.2805130948375229,0.4147686140351167,0.3069958847736626,0.03646505989710341,0.0013297005932993396,TRUE,WI,84,1220.7267351190908
10,MRP2.1,56,0.27458395233628213,0.20972571275303445,0.34010511293661233,0.2782152230971129,-0.0036312707608307515,1.3186127338464345e-5,TRUE,WY,42,763.2838153460707
1,MRP3,01,0.3310690747434484,0.2950916942636591,0.36251722778525014,0.3007135575942915,0.030355517149156852,9.214574213927557e-4,TRUE,AL,72,990.995991853708
1,MRP3,04,0.31057125423810145,0.2792959488745448,0.33721473251026446,0.28578919769271105,0.024782056545390396,6.141503266189269e-4,TRUE,AZ,142,2083.2050904597972
1,MRP3,05,0.3187994260495892,0.2851656957600227,0.35101574548664605,0.2849035187287174,0.03389590732087183,0.0011489325331051326,FALSE,AR,46,671.1368062878959
1,MRP3,06,0.33259903429694954,0.29982589889770395,0.35801327397674304,0.3766891891891892,-0.044090154892239664,0.001943941758421685,FALSE,CA,300,4289.591789158838
1,MRP3,08,0.31017545848888856,0.2805923060476041,0.33979205071620205,0.2865264354747015,0.02364902301418703,5.592762895255479e-4,TRUE,CO,125,1877.7070497365498
1,MRP3,09,0.3235157898177395,0.293978267715654,0.35407601014737833,0.3638113570741097,-0.040295567256370235,0.001623732740512657,FALSE,CT,61,908.3560027465476
1,MRP3,10,0.32406973401698724,0.29527600994306746,0.3664833838652306,0.3221957040572792,0.0018740299597080345,3.5119882898832976e-6,TRUE,DE,67,1266.9294675534663
1,MRP3,11,0.34728745227185237,0.2971341533672518,0.37887068939188584,0.2659758203799655,0.08131163189188689,0.0066115814809217174,FALSE,DC,50,899.4664213641361
1,MRP3,12,0.33291670147037306,0.30814261006298876,0.37245284664078276,0.35494880546075086,-0.022032103990377805,4.854136062428216e-4,TRUE,FL,217,3049.265273921742
1,MRP3,13,0.3433116469497485,0.31119535662811154,0.37196356571613204,0.3376770538243626,0.005634593125385889,3.174863968864593e-5,TRUE,GA,114,1616.8005337782563
1,MRP3,16,0.30556872652032,0.27639863757023275,0.34010571131791645,0.27474747474747474,0.03082125177284528,9.499495608451185e-4,FALSE,ID,76,1301.3098209911368
1,MRP3,17,0.3275579688271557,0.3030605358617667,0.3627837245984463,0.3270967741935484,4.6119463360733137e-4,2.1270049006820063e-7,TRUE,IL,118,1669.63954442939
1,MRP3,18,0.31253957971405616,0.28336290568468336,0.34163841058529426,0.3194805194805195,-0.0069409397664633166,4.817664484167184e-5,TRUE,IN,97,1357.1894958847893
1,MRP3,19,0.30052374087249156,0.2709475291672011,0.334039244418883,0.28534031413612565,0.015183426736365913,2.3053644745859122e-4,TRUE,IA,80,1213.8238179740317
1,MRP3,20,0.30693995548628505,0.2715645697099551,0.33706067848002297,0.2644787644787645,0.04246119100752055,0.0018029527417771439,FALSE,KS,66,1008.9569420091326
1,MRP3,21,0.32017460294473366,0.29257162062593334,0.35814299122889615,0.3541300527240773,-0.03395544977934367,0.0011529725697175303,TRUE,KY,65,963.0183385360598
1,MRP3,22,0.340873992685351,0.30777214181074725,0.37359378017457245,0.40809248554913297,-0.06721849286378195,0.004518325782878306,FALSE,LA,60,854.6248037980355
1,MRP3,23,0.28812551479599197,0.26077800985441263,0.3244137799052543,0.2982456140350877,-0.010120099239095737,1.0241640860914612e-4,TRUE,ME,61,1051.7497827690847
1,MRP3,24,0.3417470252537323,0.3082616182004674,0.37612568972231925,0.30939226519337015,0.03235476006036214,0.0010468304985636052,TRUE,MD,109,1605.0378687534212
1,MRP3,25,0.3110848624716005,0.2832846212838805,0.34273070606862116,0.3460096411355115,-0.03492477866391103,0.001219740164723175,FALSE,MA,121,1828.8192380499327
1,MRP3,26,0.32122539319485877,0.29530956397635044,0.3632880256146425,0.40276356192425794,-0.08153816872939917,0.006648472959743969,FALSE,MI,146,2115.0175167507286
1,MRP3,27,0.3040457712929656,0.27784548026494793,0.3436635601688949,0.31893004115226337,-0.01488426985929775,2.2154148924439945e-4,TRUE,MN,98,1446.5927385881441
1,MRP3,28,0.35072985055994166,0.3200131630081132,0.3924582259509058,0.33690476190476193,0.01382508865517973,1.9113307632357925e-4,TRUE,MS,39,582.6251147496225
1,MRP3,29,0.3122046852519635,0.2795495689496738,0.34131999278240566,0.31070496083550914,0.001499724416454351,2.2491733253093437e-6,TRUE,MO,85,1192.6229894747892
1,MRP3,30,0.28876132544175603,0.2507096364185538,0.31682597234564486,0.27586206896551724,0.012899256476238796,1.6639081763978851e-4,TRUE,MT,79,1351.1463458676883
1,MRP3,31,0.3084435274744127,0.27727305455777906,0.3430678781917644,0.2688553682342502,0.03958815924016251,0.0015672223520244645,FALSE,NE,64,1058.7503872757975
1,MRP3,32,0.3229461344726424,0.28994281965063756,0.35892332335830496,0.3879310344827586,-0.0649849000101162,0.0042230372293248,FALSE,NV,74,1123.3857122694822
1,MRP3,33,0.2955310663654804,0.26753702005638347,0.32793127145837486,0.3114874815905744,-0.015956415225094,2.546071868356116e-4,TRUE,NH,75,1298.550526541381
1,MRP3,34,0.33303547628110863,0.30269492123025027,0.3761168412551958,0.3675276752767528,-0.03449219899564415,0.0011897117915551155,TRUE,NJ,103,1455.332120930462
1,MRP3,35,0.3385027244702493,0.3090977175309065,0.3791435719001815,0.3167062549485352,0.0217964695217141,4.750860836110117e-4,TRUE,NM,78,1316.1536655794296
1,MRP3,36,0.3242055732661176,0.29515316530461666,0.35702089512088286,0.34244946492271106,-0.01824389165659346,3.328395827775204e-4,TRUE,NY,123,1661.0998210098694
1,MRP3,37,0.3350034382333817,0.3070969951482618,0.36822986898271365,0.30879199428162973,0.026211443951751956,6.870397940358342e-4,TRUE,NC,104,1475.7593188758162
1,MRP3,38,0.3061247455176232,0.2789323545389425,0.3405958329615361,0.3009079118028534,0.005216833714769775,2.721535400755861e-5,TRUE,ND,49,871.8795877549137
1,MRP3,39,0.3186858923314671,0.28849850715673664,0.35129616891015913,0.3185703185703186,1.1557376114851303e-4,1.335729426601354e-8,TRUE,OH,96,1294.45871502274
1,MRP3,40,0.3258920556587636,0.2896740870334374,0.35528781891728295,0.28644240570846075,0.03944964995030287,0.0015562748812014311,FALSE,OK,71,1050.8391264739776
1,MRP3,41,0.2954459788824409,0.2610589563077211,0.3206267448057492,0.3165644171779141,-0.02111843829547322,4.459884360397098e-4,TRUE,OR,109,1655.2815414622523
1,MRP3,42,0.3138751421935322,0.2869796775762545,0.34789062203382826,0.3404605263157895,-0.026585384122257305,7.067826489279708e-4,TRUE,PA,147,2060.867817206735
1,MRP3,44,0.3107565424367109,0.2790973368587565,0.3413021818611106,0.3433667781493868,-0.032610235712675906,0.001063427473236283,FALSE,RI,69,1147.063741686034
1,MRP3,45,0.3206381078677528,0.2904776729686769,0.3563396957013202,0.31290849673202614,0.007729611135726677,5.9746888309549853e-5,TRUE,SC,83,1207.7645355569744
1,MRP3,46,0.29803443312877836,0.26646324570432806,0.32922568037486877,0.2953846153846154,0.0026498177441629522,7.021534077280837e-6,TRUE,SD,48,779.385662893915
1,MRP3,47,0.3190388196511799,0.28759673499073046,0.3542764599321511,0.327212020033389,-0.00817320038220909,6.68012044877428e-5,TRUE,TN,77,1095.303162303359
1,MRP3,48,0.3411660328981229,0.30666386157422776,0.3662898695759192,0.33565823888404533,0.005507794014077583,3.033579490150885e-5,TRUE,TX,223,3133.6720041483063
1,MRP3,49,0.3089723232975058,0.27686129610950844,0.3389214626159775,0.2304,0.0785723232975058,0.006173609988367772,FALSE,UT,107,1717.1532008630898
1,MRP3,50,0.28910113105702523,0.25673122865301257,0.3182285030874338,0.33587786259541985,-0.04677673153839462,0.002188062613415042,FALSE,VT,55,1004.7792704029811
1,MRP3,51,0.31902922556448077,0.28454224946178347,0.3468801765634022,0.2716180371352785,0.04741118842920228,0.002247820788269324,FALSE,VA,129,1866.511363597658
1,MRP3,53,0.3124681279070173,0.2887629528061868,0.3441776676979398,0.32831683168316833,-0.015848703776151052,2.511814113841846e-4,TRUE,WA,186,2817.7484332429945
1,MRP3,54,0.3005349229812786,0.2696494697720169,0.334169122199463,0.27807486631016043,0.022460056671118167,5.044541456698397e-4,TRUE,WV,63,998.6958248566079
1,MRP3,55,0.3013617938118503,0.26937544323741447,0.3321286333601324,0.3069958847736626,-0.005634090961812277,3.174298096597479e-5,TRUE,WI,82,1173.8443741165736
1,MRP3,56,0.29698532831009816,0.2650624071711835,0.326818501734458,0.2782152230971129,0.018770105212985277,3.523168497065371e-4,TRUE,WY,39,683.0910284061732
2,MRP3,01,0.33294957362928895,0.2613128191356931,0.40597460757045,0.3007135575942915,0.03223601603499743,0.0010391607298086112,TRUE,AL,68,995.649971249108
2,MRP3,04,0.25992650303823367,0.20112605229947955,0.31961196876349596,0.28578919769271105,-0.02586269465447738,6.688789747907329e-4,TRUE,AZ,117,1707.5329427312176
2,MRP3,05,0.29840363371459,0.22814302801911884,0.37359231136327165,0.2849035187287174,0.013500114985872613,1.822531046317823e-4,TRUE,AR,51,752.3928399104523
2,MRP3,06,0.36405768337492134,0.3189064073242605,0.41129983771200834,0.3766891891891892,-0.012631505814267863,1.5955493913588281e-4,TRUE,CA,322,4618.918979154124
2,MRP3,08,0.2768188764653168,0.21422239032019197,0.33535470274785084,0.2865264354747015,-0.009707559009384747,9.423670192068698e-5,TRUE,CO,107,1594.28481305953
2,MRP3,09,0.33568530458282836,0.26559676282350564,0.4111887627548489,0.3638113570741097,-0.02812605249128136,7.910748287423145e-4,TRUE,CT,73,1089.9604668439538
2,MRP3,10,0.2902670290737726,0.22934058074351327,0.3548638318951214,0.3221957040572792,-0.0319286749835066,0.0010194402862024003,TRUE,DE,75,1342.246549895721
2,MRP3,11,0.3034910528367969,0.23267036144872671,0.3727339230983119,0.2659758203799655,0.037515232456831415,0.0014073926662900972,TRUE,DC,67,1217.2012862533363
2,MRP3,12,0.3076449999675003,0.25899909293376383,0.36242607464592974,0.35494880546075086,-0.047303805493250584,0.002237650014143284,TRUE,FL,203,2787.6546501178927
2,MRP3,13,0.31910265129308774,0.2620492192562117,0.37748357850446596,0.3376770538243626,-0.018574402531274847,3.4500842939382947e-4,TRUE,GA,141,1992.9478904583598
2,MRP3,16,0.3371128893229196,0.2766540134571247,0.41023918205121523,0.27474747474747474,0.062365414575444866,0.003889444935167111,FALSE,ID,87,1503.0521521111687
2,MRP3,17,0.3295449354892099,0.2742765126977185,0.3916570911279901,0.3270967741935484,0.0024481612956614995,5.993493729574992e-6,TRUE,IL,122,1681.3263455665522
2,MRP3,18,0.3100918563983842,0.24516520168588748,0.379735623996424,0.3194805194805195,-0.009388663082135262,8.81469944698496e-5,TRUE,IN,95,1342.3040595173163
2,MRP3,19,0.3242598731772219,0.25217833123001676,0.39996525037490704,0.28534031413612565,0.03891955904109623,0.0015147320759533753,TRUE,IA,64,976.581360043162
2,MRP3,20,0.30651302186961155,0.24437594891571923,0.37190285503392956,0.2644787644787645,0.04203425739084704,0.0017668787943999791,TRUE,KS,80,1209.0909967902996
2,MRP3,21,0.3500002085507159,0.28248281546348813,0.4237836872939193,0.3541300527240773,-0.00412984417336143,1.7055612896247353e-5,TRUE,KY,77,1162.4805016068271
2,MRP3,22,0.38776530751387583,0.3162937704660752,0.4748910623252841,0.40809248554913297,-0.020327178035257132,4.1319416687704e-4,TRUE,LA,65,963.835081439526
2,MRP3,23,0.2949911108478899,0.23184303916382684,0.3686882905208655,0.2982456140350877,-0.003254503187197777,1.059179099548049e-5,TRUE,ME,72,1216.6595924292958
2,MRP3,24,0.29829721040197943,0.23608142492470655,0.3621816462567316,0.30939226519337015,-0.011095054791390724,1.2310024082396226e-4,TRUE,MD,112,1608.8686247501848
2,MRP3,25,0.3322329257231842,0.27379713243998205,0.3979668050589122,0.3460096411355115,-0.013776715412327334,1.897978875522575e-4,TRUE,MA,142,2129.0106904539043
2,MRP3,26,0.33524174035260207,0.27456447873605916,0.4014962389391034,0.40276356192425794,-0.06752182157165587,0.004559196388354532,FALSE,MI,141,2028.9713165885473
2,MRP3,27,0.28827055278689223,0.22888675921948884,0.35235736994926287,0.31893004115226337,-0.030659488365371135,9.400042268263279e-4,TRUE,MN,92,1331.1723053259425
2,MRP3,28,0.3218950719044431,0.2555043242124916,0.39404229449376366,0.33690476190476193,-0.01500969000031882,2.2529079390567078e-4,TRUE,MS,60,901.6288552540187
2,MRP3,29,0.2925636505245242,0.2269352443506238,0.3643487420432455,0.31070496083550914,-0.018141310310984926,3.29107139799448e-4,TRUE,MO,84,1163.5511984161094
2,MRP3,30,0.2770440673634079,0.2137374364497271,0.3444588300756034,0.27586206896551724,0.0011819983978906823,1.3971202126161396e-6,TRUE,MT,64,1094.3365173467537
2,MRP3,31,0.28336817902015876,0.21976148283359825,0.35349357279992055,0.2688553682342502,0.014512810785908548,2.1062167690758348e-4,TRUE,NE,75,1213.8662023201211
2,MRP3,32,0.34640898066121545,0.2776052427570775,0.4234786571081302,0.3879310344827586,-0.04152205382154317,0.0017240809535591277,TRUE,NV,64,1011.4541636402428
2,MRP3,33,0.29880377735856534,0.24016491713679128,0.36425926298851524,0.3114874815905744,-0.012683704232009041,1.6087635304508406e-4,TRUE,NH,82,1381.5362157664063
2,MRP3,34,0.39320145434214776,0.31301721482426115,0.4846789527125685,0.3675276752767528,0.025673779065394975,6.591429314987133e-4,TRUE,NJ,74,1090.5948928887703
2,MRP3,35,0.3244778254431252,0.25910959603168926,0.39210408219783466,0.3167062549485352,0.0077715704945899855,6.039730795238163e-5,TRUE,NM,82,1353.131220923858
2,MRP3,36,0.3129957298406767,0.2562303983398745,0.3734829332922338,0.34244946492271106,-0.02945373508203436,8.675225102826616e-4,TRUE,NY,148,2002.0219004323005
2,MRP3,37,0.27519697064598575,0.20328347004533517,0.34434580420881544,0.30879199428162973,-0.033595023635643984,0.0011286256130794779,TRUE,NC,84,1114.8546883003255
2,MRP3,38,0.2820720792208329,0.2107693741086324,0.3555922674987585,0.3009079118028534,-0.01883583258202054,3.5478858905790654e-4,TRUE,ND,38,650.0063142938156
2,MRP3,39,0.3233290023933821,0.26183690026506007,0.39306032575009425,0.3185703185703186,0.004758683823063492,2.264507172788617e-5,TRUE,OH,97,1326.5561670638942
2,MRP3,40,0.2743260400262706,0.1980646149875398,0.35236027323798563,0.28644240570846075,-0.012116365682190156,1.4680631734455531e-4,TRUE,OK,64,899.6015317801957
2,MRP3,41,0.34028322752697354,0.2730245341305216,0.41169464480703394,0.3165644171779141,0.023718810349059427,5.625819643746485e-4,TRUE,OR,95,1492.4694642038096
2,MRP3,42,0.36126195669184363,0.29609977775921054,0.4377704207255619,0.3404605263157895,0.020801430376054142,4.3269950568982794e-4,TRUE,PA,121,1712.138409956175
2,MRP3,44,0.3331521744917061,0.2618701630267604,0.4126916884173741,0.3433667781493868,-0.010214603657680732,1.0433812788350458e-4,TRUE,RI,52,906.8236073958067
2,MRP3,45,0.30949221985451447,0.24902995965147076,0.3739466565108189,0.31290849673202614,-0.0034162768775116703,1.1670947703820888e-5,TRUE,SC,100,1457.8652217542647
2,MRP3,46,0.2882344247127236,0.21711802340389985,0.3634083600923235,0.2953846153846154,-0.007150190671891821,5.11252266444088e-5,TRUE,SD,38,635.0843658230615
2,MRP3,47,0.3294242076655002,0.26253370975533996,0.40115648333765774,0.327212020033389,0.0022121876321111733,4.8937741196656394e-6,TRUE,TN,81,1162.5165432651725
2,MRP3,48,0.3263203397327521,0.27768006553219704,0.37679997016725514,0.33565823888404533,-0.009337899151293239,8.719636055972298e-5,TRUE,TX,242,3443.2350295082006
2,MRP3,49,0.23703173554736018,0.17341829366181305,0.3057709635137638,0.2304,0.006631735547360185,4.397991637012069e-5,TRUE,UT,101,1573.0412049881527
2,MRP3,50,0.3408071796947409,0.27200308243716165,0.42553460602088344,0.33587786259541985,0.00492931709932104,2.4298167065658793e-5,TRUE,VT,50,948.9130820159605
2,MRP3,51,0.27276800249887156,0.20741721882235004,0.3360175959725173,0.2716180371352785,0.001149965363593075,1.3224203374637535e-6,TRUE,VA,113,1617.2851587668797
2,MRP3,53,0.30208145825249527,0.24952132670288632,0.3548982383020621,0.32831683168316833,-0.02623537343067306,6.882948190468659e-4,TRUE,WA,171,2595.21090343394
2,MRP3,54,0.2845553285191594,0.22106774213886496,0.35140697959099104,0.27807486631016043,0.006480462208998949,4.1996390442263545e-5,TRUE,WV,76,1175.1942308316388
2,MRP3,55,0.30686128625835035,0.2421490476689163,0.3788214831281628,0.3069958847736626,-1.345985153122231e-4,1.811676032425476e-8,TRUE,WI,79,1133.99587264568
2,MRP3,56,0.28956370544575494,0.2237027412321048,0.36266266609999287,0.2782152230971129,0.011348482348642053,1.2878805161744024e-4,TRUE,WY,40,697.6755487549432
3,MRP3,01,0.3233445088890395,0.2625350581399749,0.3754470319358408,0.3007135575942915,0.02263095129474796,5.121599565052543e-4,TRUE,AL,76,1082.361559791973
3,MRP3,04,0.311654503433114,0.2667767003172079,0.3575538079667849,0.28578919769271105,0.025865305740402966,6.690140410445226e-4,TRUE,AZ,126,1858.176227982662
3,MRP3,05,0.31007309060378596,0.2456343294621496,0.35836445556832747,0.2849035187287174,0.025169571875068575,6.33507348374243e-4,TRUE,AR,62,924.7789729490361
3,MRP3,06,0.3089918957998899,0.26301837149092183,0.3487380211778667,0.3766891891891892,-0.0676972933892993,0.0045829235322368675,FALSE,CA,318,4487.148422100378
3,MRP3,08,0.33764500767376815,0.290488311794113,0.3949353000542659,0.2865264354747015,0.051118572199066625,0.0026131084236711874,FALSE,CO,107,1641.6281863549573
3,MRP3,09,0.3427887108544386,0.2889555099341555,0.41096056868575,0.3638113570741097,-0.021022646219671093,4.4195165407745127e-4,TRUE,CT,50,770.8399450575271
3,MRP3,10,0.30865357190442455,0.24534796109373502,0.3615795185257133,0.3221957040572792,-0.013542132152854658,1.8338934324537993e-4,TRUE,DE,61,1101.4849871378892
3,MRP3,11,0.34089172680300645,0.2817298752862886,0.3914392540673323,0.2659758203799655,0.07491590642304097,0.005612393035185831,FALSE,DC,70,1303.4355762302796
3,MRP3,12,0.32677183452227254,0.28273693309289316,0.3747965416913736,0.35494880546075086,-0.02817697093847832,7.939416912678517e-4,TRUE,FL,201,2817.0435186544155
3,MRP3,13,0.3467034162358004,0.2949716679825868,0.40434016087172253,0.3376770538243626,0.009026362411437838,8.147521838261791e-5,TRUE,GA,114,1637.0904272966088
3,MRP3,16,0.30871154477187546,0.2563168394569131,0.3605858330872389,0.27474747474747474,0.03396407002440072,0.0011535580526223952,TRUE,ID,79,1330.2835356750884
3,MRP3,17,0.3691325533613291,0.31673241423153886,0.4454589119512569,0.3270967741935484,0.04203577916778073,0.0017670067302424284,TRUE,IL,113,1616.8209354039295
3,MRP3,18,0.31160832038724307,0.2556251957208619,0.3645733230815091,0.3194805194805195,-0.00787219909327641,6.197151856418194e-5,TRUE,IN,82,1146.539578449271
3,MRP3,19,0.30278118342580174,0.24560533829620168,0.35584161080969373,0.28534031413612565,0.017440869289676086,3.0418392157956643e-4,TRUE,IA,68,1012.3067251682717
3,MRP3,20,0.2907157098689834,0.2250301349960883,0.3406938371101637,0.2644787644787645,0.02623694539021887,6.883773034093272e-4,TRUE,KS,65,941.2143768147198
3,MRP3,21,0.3484509922908742,0.2961864685189209,0.4147793105116818,0.3541300527240773,-0.005679060433203154,3.225172740397359e-5,TRUE,KY,74,1130.1597292298113
3,MRP3,22,0.3560924854679099,0.30481379941560877,0.42935717835825615,0.40809248554913297,-0.052000000081223074,0.0027040000084471998,TRUE,LA,68,981.2745355242912
3,MRP3,23,0.2907974255942426,0.23565166645086513,0.3395319942163529,0.2982456140350877,-0.007448188440845105,5.547551105033864e-5,TRUE,ME,76,1254.5115529860466
3,MRP3,24,0.3645843667571076,0.3132523376182609,0.4274110941326956,0.30939226519337015,0.05519210156373744,0.0030461680750219085,FALSE,MD,95,1436.40626173891
3,MRP3,25,0.33102021934546594,0.28785952688959726,0.3871117015874495,0.3460096411355115,-0.014989421790045587,2.2468276559989346e-4,TRUE,MA,125,1876.0343533946539
3,MRP3,26,0.33279516205384546,0.2881674783912555,0.385031100235017,0.40276356192425794,-0.06996839987041248,0.004895576980425937,FALSE,MI,150,2177.0702336058184
3,MRP3,27,0.2974588553933737,0.24282315069756155,0.34719482897040255,0.31893004115226337,-0.021471185758889677,4.6101181789274685e-4,TRUE,MN,117,1699.021959182508
3,MRP3,28,0.3469296862625678,0.28498608918180085,0.40445844874566167,0.33690476190476193,0.010024924357805887,1.0049910837972977e-4,TRUE,MS,65,956.039240696255
3,MRP3,29,0.2985986738498817,0.2300808257258612,0.35250649111574966,0.31070496083550914,-0.012106286985627435,1.465621845783722e-4,TRUE,MO,69,959.670891954068
3,MRP3,30,0.2917190259508298,0.2330328283964683,0.3445132030706036,0.27586206896551724,0.015856956985312587,2.5144308483405364e-4,TRUE,MT,56,967.8362461815135
3,MRP3,31,0.32362604864562655,0.2741582101157316,0.38378855174680954,0.2688553682342502,0.05477068041137634,0.0029998274327251236,FALSE,NE,68,1105.838915393289
3,MRP3,32,0.3495534801378098,0.29614087027181757,0.41620376345877175,0.3879310344827586,-0.03837755434494883,0.0014728366774995007,TRUE,NV,72,1119.7751303419982
3,MRP3,33,0.3219611861927433,0.27652771697125716,0.37828947979680505,0.3114874815905744,0.010473704602168898,1.0969848809349396e-4,TRUE,NH,91,1584.9371317221035
3,MRP3,34,0.3630867329241853,0.3132877475770827,0.4279286095315403,0.3675276752767528,-0.0044409423525674785,1.972196897882757e-5,TRUE,NJ,108,1543.8386723079716
3,MRP3,35,0.33720268075414317,0.28860352085048163,0.3911738574793762,0.3167062549485352,0.020496425805607954,4.2010347080479165e-4,TRUE,NM,98,1627.1349195823493
3,MRP3,36,0.32773847568391795,0.2750253234302751,0.383361729221407,0.34244946492271106,-0.014710989238793104,2.1641320438388651e-4,TRUE,NY,112,1523.0986618341274
3,MRP3,37,0.33791565125253087,0.28641395240513456,0.39176932817504595,0.30879199428162973,0.029123656970901135,8.481873953587182e-4,TRUE,NC,95,1311.4234693211438
3,MRP3,38,0.2915077999613059,0.2283148124291689,0.3407269683523312,0.3009079118028534,-0.009400111841547543,8.836210263360233e-5,TRUE,ND,51,864.8992242106422
3,MRP3,39,0.3422969464473142,0.2884037452290522,0.4067863966383425,0.3185703185703186,0.023726627876995587,5.629528704134241e-4,TRUE,OH,83,1151.6125015539817
3,MRP3,40,0.32115087343948484,0.25740521766452157,0.37332882750061613,0.28644240570846075,0.034708467731024095,0.001204677732235541,TRUE,OK,66,956.0397935492573
3,MRP3,41,0.3162639371596024,0.2669110280214042,0.36808865317796247,0.3165644171779141,-3.004800183117329e-4,9.028824140461932e-8,TRUE,OR,107,1646.1286805090951
3,MRP3,42,0.3263579480223184,0.2801886787957586,0.3806998726035639,0.3404605263157895,-0.014102578293471113,1.9888271452348262e-4,TRUE,PA,143,2003.19948642815
3,MRP3,44,0.32220827805253044,0.2649280265386518,0.38955308982159964,0.3433667781493868,-0.02115850009685638,4.4768212634867146e-4,TRUE,RI,39,660.7148759966722
3,MRP3,45,0.33335891204535073,0.28086768243947474,0.39435201019342825,0.31290849673202614,0.020450415313324588,4.1821948648746083e-4,TRUE,SC,71,1041.012531216092
3,MRP3,46,0.31171503479465534,0.2578248759374008,0.3733642219330128,0.2953846153846154,0.01633041941003993,2.6668259810780896e-4,TRUE,SD,36,618.058983516861
3,MRP3,47,0.32850803225824504,0.27649756474744436,0.38540990817882365,0.327212020033389,0.0012960122248560357,1.6796476869762918e-6,TRUE,TN,80,1137.5746924373777
3,MRP3,48,0.36349734385378274,0.320392558429263,0.41332776482463696,0.33565823888404533,0.027839104969737405,7.750157655160579e-4,TRUE,TX,262,3769.2755372977604
3,MRP3,49,0.29963030889965686,0.25119769330939706,0.3418216298885419,0.2304,0.06923030889965687,0.004792835670341909,FALSE,UT,119,1882.6942398841568
3,MRP3,50,0.3195227259175245,0.26593605961576205,0.3852418998479213,0.33587786259541985,-0.016355136677895343,2.674904957526375e-4,TRUE,VT,58,1092.1409630769176
3,MRP3,51,0.32753700576940153,0.2757572204704162,0.37752012978005606,0.2716180371352785,0.055918968634123045,0.003126931053104037,FALSE,VA,120,1740.6369895349294
3,MRP3,53,0.31650202869535876,0.2716550321295945,0.3622360579404362,0.32831683168316833,-0.01181480298780957,1.3958956964075394e-4,TRUE,WA,194,2950.3543622280263
3,MRP3,54,0.299072194271849,0.23396497812747394,0.35664917075511915,0.27807486631016043,0.020997327961688572,4.4088778153070874e-4,TRUE,WV,56,887.6985762955791
3,MRP3,55,0.3061264699383851,0.25229421352624587,0.3561510913501388,0.3069958847736626,-8.694148352774711e-4,7.558821558005522e-7,TRUE,WI,92,1316.697163297052
3,MRP3,56,0.3135150316874368,0.2595906068303837,0.3844549590280649,0.2782152230971129,0.03529980859032389,0.0012460764865135042,TRUE,WY,40,707.0633057905497
4,MRP3,01,0.3316238208960804,0.2919420200806361,0.36857971674313916,0.3007135575942915,0.030910263301788865,9.554443773859154e-4,TRUE,AL,69,976.9706995971427
4,MRP3,04,0.3129768876969222,0.2811034121510414,0.3477501586428803,0.28578919769271105,0.027187690004211174,7.391704877650841e-4,TRUE,AZ,136,1976.6503733610334
4,MRP3,05,0.32072189345104557,0.28395809429766233,0.35298767808581416,0.2849035187287174,0.03581837472232818,0.0012829559677491186,TRUE,AR,69,1024.3350830388158
4,MRP3,06,0.3457694387897875,0.3188036407773507,0.3880012791394357,0.3766891891891892,-0.030919750399401702,9.560309647613017e-4,TRUE,CA,329,4771.472234193188
4,MRP3,08,0.30767121320353474,0.26572479200350907,0.3378150871624367,0.2865264354747015,0.02114477772883322,4.4710162520176133e-4,TRUE,CO,120,1774.0728873737787
4,MRP3,09,0.322584795671729,0.28343326320606677,0.3558687197950175,0.3638113570741097,-0.041226561402380735,0.001699629365064269,FALSE,CT,71,1050.8487960385298
4,MRP3,10,0.3164262480466644,0.28748206091896433,0.3479706443976535,0.3221957040572792,-0.005769456010614793,3.328662265841916e-5,TRUE,DE,82,1492.4380984598408
4,MRP3,11,0.3433279291809386,0.3018763229908324,0.38207907073958525,0.2659758203799655,0.0773521088009731,0.00598334873595758,FALSE,DC,55,1020.9806293819595
4,MRP3,12,0.3196753007408807,0.2898981438706051,0.35430101111632284,0.35494880546075086,-0.035273504719870175,0.0012442201352227036,FALSE,FL,185,2568.6048184774477
4,MRP3,13,0.3371781863691013,0.3053058108689826,0.3731010704579573,0.3376770538243626,-4.988674552612871e-4,2.4886873791887225e-7,TRUE,GA,131,1859.6790579061765
4,MRP3,16,0.3046970947542559,0.26687996979818635,0.33506385237426645,0.27474747474747474,0.02994962000678114,8.969797385505852e-4,TRUE,ID,78,1288.0687166073956
4,MRP3,17,0.32601739489356707,0.2918229881350565,0.3618617795609895,0.3270967741935484,-0.001079379299981309,1.1650596732281407e-6,TRUE,IL,105,1442.020280637396
4,MRP3,18,0.31727576944724134,0.28029661965382124,0.349816183728558,0.3194805194805195,-0.0022047500332781356,4.86092270923994e-6,TRUE,IN,79,1086.7153759561454
4,MRP3,19,0.31115400314299496,0.2783589879773819,0.3510006184369735,0.28534031413612565,0.02581368900686931,6.663465401433655e-4,TRUE,IA,83,1259.9735157707782
4,MRP3,20,0.30616706151593764,0.25715872465985956,0.33658815698537947,0.2644787644787645,0.04168829703717314,0.0017379141098595786,TRUE,KS,64,962.7327514325294
4,MRP3,21,0.3213282981031422,0.28701364027976856,0.3560499575486053,0.3541300527240773,-0.03280175462093515,0.0010759551062120406,TRUE,KY,74,1086.5667589219402
4,MRP3,22,0.34013074472167726,0.30701949813008916,0.3797789613733295,0.40809248554913297,-0.06796174082745571,0.00461879821629826,FALSE,LA,54,780.8749328399027
4,MRP3,23,0.29643991445374657,0.26695858920676113,0.3348054742052846,0.2982456140350877,-0.0018056995813411358,3.260550978055553e-6,TRUE,ME,73,1231.9278628735347
4,MRP3,24,0.33119794463911373,0.29431930016645236,0.3625572865609877,0.30939226519337015,0.021805679445743575,4.7548765609052384e-4,TRUE,MD,120,1800.9743811577357
4,MRP3,25,0.31892334456388816,0.2898405895638868,0.35527931597576823,0.3460096411355115,-0.02708629657162337,7.336674619659359e-4,TRUE,MA,113,1729.2216600035297
4,MRP3,26,0.32304043636017193,0.29295250216061947,0.359977913361784,0.40276356192425794,-0.079723125564086,0.0063557767497070235,FALSE,MI,128,1845.2400847755168
4,MRP3,27,0.30585745876931447,0.2733452019673463,0.3383964114312817,0.31893004115226337,-0.013072582382948894,1.7089241015898578e-4,TRUE,MN,90,1336.7693695261235
4,MRP3,28,0.3322967445175505,0.282061676336051,0.3670214513002593,0.33690476190476193,-0.004608017387211449,2.1233824240843033e-5,TRUE,MS,65,969.758276584829
4,MRP3,29,0.32657918831180693,0.29384233876724086,0.36480811576978267,0.31070496083550914,0.015874227476297798,2.519910979692479e-4,TRUE,MO,77,1124.3374441005867
4,MRP3,30,0.31182247752737946,0.281407935733489,0.3592345183294604,0.27586206896551724,0.03596040856186222,0.0012931509839360538,FALSE,MT,62,1102.7906874497696
4,MRP3,31,0.3105443991961671,0.27223420663108727,0.3393982901002698,0.2688553682342502,0.041689030961916895,0.0017379753025436656,FALSE,NE,81,1285.068749446911
4,MRP3,32,0.32273935950836546,0.28743580257626206,0.3598831898769179,0.3879310344827586,-0.06519167497439315,0.004249954485966919,FALSE,NV,73,1126.499739325239
4,MRP3,33,0.30825907315117845,0.27641386292800385,0.3497644949647255,0.3114874815905744,-0.0032284084393959245,1.0422621051562829e-5,TRUE,NH,86,1509.1002274970504
4,MRP3,34,0.3250478827236673,0.2888145875074455,0.3598781574990946,0.3675276752767528,-0.04247979255308548,0.0018045327753531768,FALSE,NJ,107,1492.11409575083
4,MRP3,35,0.3108387444505504,0.25953208247699394,0.34269384582999457,0.3167062549485352,-0.00586751049798484,3.442767944396231e-5,TRUE,NM,74,1173.5931987850984
4,MRP3,36,0.3275590100810815,0.2938865315380756,0.3610607396818286,0.34244946492271106,-0.014890454841629541,2.2172564539060864e-4,TRUE,NY,127,1688.502929961134
4,MRP3,37,0.3287630343923992,0.29087265819787267,0.3643372631584896,0.30879199428162973,0.019971040110769445,3.98842443105962e-4,TRUE,NC,93,1288.8705659831119
4,MRP3,38,0.3045334767025597,0.25896648688714985,0.33503308403407694,0.3009079118028534,0.0036255648997062795,1.3144720841982204e-5,TRUE,ND,53,888.0240021789203
4,MRP3,39,0.3217987020570631,0.2869395099390907,0.35641641781707895,0.3185703185703186,0.003228383486744535,1.04224599374848e-5,TRUE,OH,89,1233.9558835089917
4,MRP3,40,0.33279194854093225,0.2920115930515222,0.3743825166232472,0.28644240570846075,0.0463495428324715,0.0021482801207791105,FALSE,OK,73,1070.788266702454
4,MRP3,41,0.3088326979558489,0.27643610619426684,0.34155209955641824,0.3165644171779141,-0.007731719222065225,5.977948212885289e-5,TRUE,OR,109,1670.573282785925
4,MRP3,42,0.3217438900007712,0.29135258533152425,0.36490305983092247,0.3404605263157895,-0.018716636315018298,3.5031247494866176e-4,TRUE,PA,126,1777.9600416642022
4,MRP3,44,0.32041557682816785,0.28803291521283797,0.36214425662746114,0.3433667781493868,-0.022951201321218972,5.267576420871235e-4,TRUE,RI,51,856.4122702822658
4,MRP3,45,0.3134138684004697,0.27327879242414516,0.34221623515231026,0.31290849673202614,5.05371668443555e-4,2.5540052326542245e-7,TRUE,SC,82,1179.3920125264353
4,MRP3,46,0.3077447122413038,0.2721837995124417,0.34520353194776704,0.2953846153846154,0.012360096856688374,1.5277199430671783e-4,TRUE,SD,35,595.9481543359432
4,MRP3,47,0.32081962003279313,0.28285089984089434,0.3555927919565963,0.327212020033389,-0.006392400000595877,4.086277776761817e-5,TRUE,TN,94,1337.796300753815
4,MRP3,48,0.3422416558718,0.31122730056878717,0.37437659210443835,0.33565823888404533,0.0065834169877546644,4.33413792346567e-5,TRUE,TX,250,3505.69868187267
4,MRP3,49,0.31384208105296235,0.2746711813264999,0.346560370818904,0.2304,0.08344208105296236,0.00696258089044914,FALSE,UT,107,1710.0564635339383
4,MRP3,50,0.29595067346037013,0.25937545392527184,0.3319147403716329,0.33587786259541985,-0.03992718913504972,0.0015941804322260327,FALSE,VT,67,1214.7399322796048
4,MRP3,51,0.3236118123782846,0.28819228775499967,0.35791167956582154,0.2716180371352785,0.051993775243006135,0.0027033526640202377,FALSE,VA,113,1661.318517969816
4,MRP3,53,0.3149026271813015,0.2812284988606939,0.3471824995325044,0.32831683168316833,-0.013414204501866811,1.7994088241790382e-4,TRUE,WA,177,2697.0800914078163
4,MRP3,54,0.31359820167005903,0.28198164574025947,0.3530710098303938,0.27807486631016043,0.0355233353598986,0.0012619073550918223,FALSE,WV,52,854.4894613648985
4,MRP3,55,0.3073306193678077,0.2698639243989501,0.34026635329967647,0.3069958847736626,3.347345941451252e-4,1.1204724851750167e-7,TRUE,WI,72,1028.5111329101505
4,MRP3,56,0.30724025823202905,0.27541796674761054,0.3448599311854925,0.2782152230971129,0.029025035134916166,8.424526645831179e-4,TRUE,WY,45,819.7579516975666
5,MRP3,01,0.3199196246043591,0.25856434689575103,0.3861266343972868,0.3007135575942915,0.01920606701006755,3.688730099952051e-4,TRUE,AL,80,1125.1192440401585
5,MRP3,04,0.3292177441357582,0.2775241390077311,0.3896822894432222,0.28578919769271105,0.04342854644304717,0.0018860386461559046,TRUE,AZ,129,1927.893943101682
5,MRP3,05,0.3053144336760405,0.24382375097510717,0.36608954703916935,0.2849035187287174,0.02041091494732311,4.16605448986858e-4,TRUE,AR,59,878.4891511406599
5,MRP3,06,0.3261733822720922,0.2846974360147121,0.3691065799994714,0.3766891891891892,-0.050515806917097006,0.0025518467484854255,FALSE,CA,315,4478.7280681825905
5,MRP3,08,0.31192657894788667,0.25983224928502285,0.3704910229532888,0.2865264354747015,0.025400143473185144,6.451672884583899e-4,TRUE,CO,135,2014.8077720869792
5,MRP3,09,0.3057649213611469,0.24821319487035626,0.36330431102991123,0.3638113570741097,-0.05804643571296281,0.0033693886989791242,FALSE,CT,58,857.3119010359043
5,MRP3,10,0.2933561733193969,0.23615448044959111,0.3484821162930424,0.3221957040572792,-0.028839530737882313,8.317185331812588e-4,TRUE,DE,68,1214.0505363464504
5,MRP3,11,0.3085164666493972,0.24007963323221523,0.37404111559053166,0.2659758203799655,0.042540646269431714,0.0018097065850209144,TRUE,DC,57,1045.1848530216457
5,MRP3,12,0.34382488258720173,0.29178473588490295,0.4021030192224556,0.35494880546075086,-0.01112392287354913,1.2374166009666954e-4,TRUE,FL,202,2856.946792690901
5,MRP3,13,0.31779869239115516,0.2563250315899309,0.3741768084578986,0.3376770538243626,-0.019878361433207425,3.9514925326922836e-4,TRUE,GA,106,1481.4197911340787
5,MRP3,16,0.29305091022516594,0.23842350349666538,0.35060017209267824,0.27474747474747474,0.0183034354776912,3.3501575028600485e-4,TRUE,ID,93,1556.72034743296
5,MRP3,17,0.33009073657250326,0.2719992774705469,0.39575349543364513,0.3270967741935484,0.002993962378954884,8.96381072659719e-6,TRUE,IL,116,1628.205591773329
5,MRP3,18,0.2769154386733424,0.21446505589919868,0.33202707053713537,0.3194805194805195,-0.04256508080717708,0.0018117861041215147,TRUE,IN,85,1169.125016503987
5,MRP3,19,0.28511033151349285,0.2264602419378288,0.3444915369571313,0.28534031413612565,-2.2998262263279612e-4,5.2892006713059106e-8,TRUE,IA,82,1238.5519026280942
5,MRP3,20,0.2850148864321677,0.22966015618838848,0.3398393161487424,0.2644787644787645,0.020536121953403208,4.217323048850492e-4,TRUE,KS,89,1326.7666064913224
5,MRP3,21,0.3263243266528958,0.2639365500262773,0.4002232411410284,0.3541300527240773,-0.027805726071181536,7.731584023455846e-4,TRUE,KY,73,1058.7311704671058
5,MRP3,22,0.3947487438279071,0.3221549721784672,0.4876254716920651,0.40809248554913297,-0.013343741721225877,1.7805544312278411e-4,TRUE,LA,53,778.8777585184718
5,MRP3,23,0.29936984281961254,0.24400453361882382,0.3721047001793278,0.2982456140350877,0.0011242287845248389,1.2638903599541965e-6,TRUE,ME,56,926.7500529473978
5,MRP3,24,0.3538014666285337,0.2997060639880234,0.41335252658449634,0.30939226519337015,0.044409201435163526,0.0019721771721089303,TRUE,MD,123,1849.5298534029519
5,MRP3,25,0.3168174203957691,0.26533398860539886,0.37640734509433865,0.3460096411355115,-0.029192220739742425,8.521857517178478e-4,TRUE,MA,131,1925.973571594856
5,MRP3,26,0.36095956339570395,0.30338938988314745,0.42819767429266353,0.40276356192425794,-0.04180399852855399,0.0017475742929753439,TRUE,MI,142,2052.235799543366
5,MRP3,27,0.320097181858114,0.26245988937227943,0.3818034038511799,0.31893004115226337,0.0011671407058506111,1.3622174272534628e-6,TRUE,MN,99,1444.4568238673526
5,MRP3,28,0.35722970814347504,0.2906476872400842,0.43102990982108536,0.33690476190476193,0.020324946238713115,4.131034396065784e-4,TRUE,MS,52,800.9193776654423
5,MRP3,29,0.2919053459761839,0.22899371638442897,0.3468858321964347,0.31070496083550914,-0.018799614859325242,3.5342551885896245e-4,TRUE,MO,93,1333.4247284227974
5,MRP3,30,0.28078593180244205,0.2250182378258841,0.33969659714279204,0.27586206896551724,0.004923862836924808,2.4244425236849223e-5,TRUE,MT,77,1333.697822127363
5,MRP3,31,0.30997992353440146,0.25420277198848723,0.37812339096664505,0.2688553682342502,0.041124555300151244,0.001691229048635198,TRUE,NE,71,1156.05375357637
5,MRP3,32,0.33865199248036193,0.2765862945652908,0.40949375127425386,0.3879310344827586,-0.04927904200239669,0.0024284239806739772,TRUE,NV,70,1121.167475145084
5,MRP3,33,0.32503847240589584,0.26884387622723555,0.38781412062729065,0.3114874815905744,0.013550990815321462,1.8362935207692663e-4,TRUE,NH,76,1332.705856968281
5,MRP3,34,0.3145473804715428,0.24744975098849456,0.38038675677066414,0.3675276752767528,-0.05298029480520999,0.002806911637646961,TRUE,NJ,83,1144.4281207722709
5,MRP3,35,0.34355310444351594,0.2823009467720925,0.41101892919816585,0.3167062549485352,0.02684684949498073,7.20753327806147e-4,TRUE,NM,72,1217.4055473642768
5,MRP3,36,0.2902382174344935,0.23124724408353228,0.3461889905444867,0.34244946492271106,-0.05221124748821754,0.002726014364275902,TRUE,NY,121,1577.398576319573
5,MRP3,37,0.3320491671108507,0.27182041377840904,0.4015060112636527,0.30879199428162973,0.023257172829220962,5.408960880082538e-4,TRUE,NC,84,1160.2880919885886
5,MRP3,38,0.3116449962241706,0.24711789572761048,0.3831276630039834,0.3009079118028534,0.010737084421317156,1.1528498187049156e-4,TRUE,ND,40,696.6302600693929
5,MRP3,39,0.3626754879952251,0.2984707725621495,0.4427547948715457,0.3185703185703186,0.0441051694249065,0.0019452659699997071,TRUE,OH,84,1196.1827917469925
5,MRP3,40,0.30490771639385666,0.239366570788686,0.36445516538950334,0.28644240570846075,0.01846531068539592,3.4096769870819673e-4,TRUE,OK,74,1074.747047145753
5,MRP3,41,0.3230442397292503,0.26789156375303425,0.3849838859372381,0.3165644171779141,0.006479822551336167,4.1988100296804755e-5,TRUE,OR,96,1490.1346376190693
5,MRP3,42,0.307750900678016,0.25115497500061407,0.3676666583095456,0.3404605263157895,-0.032709625637773465,0.0010699196093632872,TRUE,PA,127,1796.18298950704
5,MRP3,44,0.32358390984596697,0.2650115581199908,0.38677689998870884,0.3433667781493868,-0.019782868303419854,3.9136187831045394e-4,TRUE,RI,51,860.0221841072745
5,MRP3,45,0.32591189728893083,0.2647990574132292,0.3911856466748223,0.31290849673202614,0.013003400556904687,1.6908842604330913e-4,TRUE,SC,70,1038.3782383588712
5,MRP3,46,0.27778276137365554,0.21231245749963248,0.3464601950382184,0.2953846153846154,-0.017601854010959872,3.0982526462314415e-4,TRUE,SD,37,595.071373322596
5,MRP3,47,0.31451589172998656,0.2601995127912695,0.3724879154205238,0.327212020033389,-0.012696128303402443,1.611916738964566e-4,TRUE,TN,95,1349.228840919637
5,MRP3,48,0.34240745535715816,0.2979307931002155,0.389467051644793,0.33565823888404533,0.006749216473112829,4.5551923000937574e-5,TRUE,TX,235,3371.4862613305704
5,MRP3,49,0.25634813416262814,0.20153078156268858,0.3069551073264399,0.2304,0.025948134162628145,6.733056665217498e-4,TRUE,UT,124,1979.1707796713945
5,MRP3,50,0.2918238133928729,0.22589961877010503,0.36206658778329603,0.33587786259541985,-0.04405404920254696,0.0019407592511404288,TRUE,VT,55,1013.5540860857272
5,MRP3,51,0.27807375376044263,0.21265941013635867,0.33016543137252913,0.2716180371352785,0.006455716625164143,4.167627714442071e-5,TRUE,VA,123,1771.0288401733974
5,MRP3,53,0.28232646572766823,0.22903513799909084,0.32914471212876717,0.32831683168316833,-0.0459903659555001,0.0021151137607208228,TRUE,WA,184,2769.296623630786
5,MRP3,54,0.2963227061001986,0.23821599248045902,0.35780439399643343,0.27807486631016043,0.01824783979003819,3.32983657002901e-4,TRUE,WV,66,1052.3844641403825
5,MRP3,55,0.28262721323868223,0.2261554332374139,0.3422156422580545,0.3069958847736626,-0.024368671534980346,5.938321523797613e-4,TRUE,WI,88,1249.28663067647
5,MRP3,56,0.3129713640425208,0.2532044490349445,0.3778165755654503,0.2782152230971129,0.03475614094540791,0.0012079893334170603,TRUE,WY,49,912.0473152974934
6,MRP3,01,0.28969067964205336,0.21287121104545065,0.3612174159329979,0.3007135575942915,-0.011022877952238164,1.2150383834993821e-4,TRUE,AL,67,937.333459343739
6,MRP3,04,0.31617046005196536,0.260489743687821,0.3729978855785094,0.28578919769271105,0.030381262359254313,9.23021102541843e-4,TRUE,AZ,120,1763.8218276051546
6,MRP3,05,0.3283717949908406,0.2559705395388152,0.40228790660923125,0.2849035187287174,0.04346827626212324,0.0018894910412002668,TRUE,AR,45,684.8167851115346
6,MRP3,06,0.3489193938507981,0.3038309868404613,0.3945642683513159,0.3766891891891892,-0.02776979533839108,7.711615331361269e-4,TRUE,CA,328,4689.220303596519
6,MRP3,08,0.3090622435193931,0.24508093188062208,0.36967118298078483,0.2865264354747015,0.022535808044691574,5.078626442271855e-4,TRUE,CO,106,1593.2904651948256
6,MRP3,09,0.3545566671315205,0.28683055103246274,0.42897365840748397,0.3638113570741097,-0.009254689942589212,8.56492859334619e-5,TRUE,CT,73,1096.5045310535304
6,MRP3,10,0.34305887609648417,0.28521991230515376,0.4055785321779962,0.3221957040572792,0.020863172039204958,4.3527194753746357e-4,TRUE,DE,77,1394.343151867968
6,MRP3,11,0.3089262984060867,0.2342511140012378,0.37920414609017494,0.2659758203799655,0.04295047802612123,0.0018447435626723226,TRUE,DC,53,1014.5708195778158
6,MRP3,12,0.34511278329159084,0.2948096965225989,0.39908314564215064,0.35494880546075086,-0.00983602216916002,9.674733211220736e-5,TRUE,FL,189,2686.9379026590514
6,MRP3,13,0.3462383361634364,0.2907560328658224,0.40358649930862145,0.3376770538243626,0.008561282339073828,7.329555528933743e-5,TRUE,GA,134,1903.2674939411254
6,MRP3,16,0.308258913111578,0.2424829504558073,0.3706794341255018,0.27474747474747474,0.03351143836410325,0.0011230165012310913,TRUE,ID,77,1307.8878938514251
6,MRP3,17,0.349605831314389,0.28963903265343044,0.4154656770090763,0.3270967741935484,0.022509057120840614,5.066576524692656e-4,TRUE,IL,119,1665.9054661319935
6,MRP3,18,0.33303061544939355,0.27103179664920285,0.39593123235990274,0.3194805194805195,0.013550095968874076,1.836051007656975e-4,TRUE,IN,89,1269.9169464007598
6,MRP3,19,0.3052063483319685,0.23779495321824018,0.3682302291819675,0.28534031413612565,0.019866034195842874,3.9465931467039847e-4,TRUE,IA,66,990.8485899860362
6,MRP3,20,0.3001284833857677,0.23347419020327567,0.36460404428849225,0.2644787644787645,0.03564971890700319,0.0012709024581483408,TRUE,KS,67,1007.176826113528
6,MRP3,21,0.3555139394351091,0.29052768966568326,0.43413994083899504,0.3541300527240773,0.0013838867110317898,1.9151424289703845e-6,TRUE,KY,74,1100.4408035545262
6,MRP3,22,0.40327624908486304,0.32480671670138767,0.4968902923625636,0.40809248554913297,-0.00481623646426993,2.3196133679763314e-05,TRUE,LA,51,756.4091090939796
6,MRP3,23,0.35910818972933944,0.29330639405068293,0.44212457687012824,0.2982456140350877,0.06086257569425174,0.003704253120138523,TRUE,ME,70,1209.3004676848766
6,MRP3,24,0.3164373982654086,0.2553463644112769,0.37520402341207093,0.30939226519337015,0.0070451330720384675,4.9633900002730176e-5,TRUE,MD,119,1723.5669218400326
6,MRP3,25,0.3359448289787605,0.28152123364673975,0.39642350916809826,0.3460096411355115,-0.010064812156751035,1.0130044375068342e-4,TRUE,MA,128,1906.0052483469522
6,MRP3,26,0.37857702633261414,0.3167988714834243,0.44393423107841945,0.40276356192425794,-0.0241865355916438,5.849885039258523e-4,TRUE,MI,136,1970.4005996435951
6,MRP3,27,0.33600635903857856,0.27525610936780237,0.4017253605983246,0.31893004115226337,0.017076317886315195,2.9160063255448827e-4,TRUE,MN,100,1488.6024507406762
6,MRP3,28,0.34042731813874666,0.2709932565367184,0.4114259028497493,0.33690476190476193,0.0035225562339847305,1.2408402421584688e-5,TRUE,MS,61,917.1117578350652
6,MRP3,29,0.3419618729080482,0.2771836582587807,0.414888949650921,0.31070496083550914,0.031256912072539056,9.769945523104377e-4,TRUE,MO,79,1140.1195487675132
6,MRP3,30,0.3299001793744496,0.26612623376939853,0.4021548613073873,0.27586206896551724,0.05403811040893236,0.0029201173765679637,TRUE,MT,59,1049.4041308959424
6,MRP3,31,0.27717009344522603,0.20653089989311688,0.3435911516711509,0.2688553682342502,0.008314725210975815,6.913465533403681e-5,TRUE,NE,75,1171.5284744567382
6,MRP3,32,0.3760929445199728,0.3047301204653907,0.45133249283206767,0.3879310344827586,-0.011838089962785792,1.401403739670097e-4,TRUE,NV,65,1033.5219919353556
6,MRP3,33,0.29234584221203486,0.2335008548145065,0.35446896866208427,0.3114874815905744,-0.01914163937853952,3.664023580980549e-4,TRUE,NH,81,1399.892022849054
6,MRP3,34,0.3497713397292861,0.2887160912640235,0.414595171763571,0.3675276752767528,-0.017756335547466695,3.152874520742294e-4,TRUE,NJ,85,1163.5619712463433
6,MRP3,35,0.37742474041877705,0.3162492775341813,0.44704169504069935,0.3167062549485352,0.060718485470241834,0.0036867344777999685,TRUE,NM,85,1445.885880275946
6,MRP3,36,0.37466600109763337,0.32009888738241915,0.4393255595990736,0.34244946492271106,0.03221653617492232,0.0010379052031100782,TRUE,NY,136,1905.8350288688384
6,MRP3,37,0.3634791121061226,0.3027919414161879,0.42971424927163004,0.30879199428162973,0.05468711782449287,0.0029906808559499658,TRUE,NC,107,1513.5764132694576
6,MRP3,38,0.3196481659686749,0.25108482751448485,0.38762751320055033,0.3009079118028534,0.01874025416582148,3.5119712619958933e-4,TRUE,ND,50,880.4149093552571
6,MRP3,39,0.3263582137108188,0.2655301094520313,0.38783945179971185,0.3185703185703186,0.007787895140500212,6.065131071942681e-5,TRUE,OH,101,1375.2151595489279
6,MRP3,40,0.3617312719607631,0.2941590061741987,0.4370139880120831,0.28644240570846075,0.07528886625230236,0.005668413381557072,FALSE,OK,67,984.9277094084468
6,MRP3,41,0.34626266445437764,0.28898364051997977,0.414198275019435,0.3165644171779141,0.02969824727646353,8.819858912939735e-4,TRUE,OR,96,1484.052019467389
6,MRP3,42,0.3403209991750899,0.2845348743450159,0.4011898963048392,0.3404605263157895,-1.3952714069959127e-4,1.946782299180354e-8,TRUE,PA,136,1908.2565168012234
6,MRP3,44,0.31314810774201524,0.2464657513401096,0.37979780223559173,0.3433667781493868,-0.030218670407371584,9.131680411893551e-4,TRUE,RI,59,1014.0394343175801
6,MRP3,45,0.33954536410080394,0.2749181388914305,0.4030607792548845,0.31290849673202614,0.026636867368777795,7.095227032218593e-4,TRUE,SC,87,1269.4430710168895
6,MRP3,46,0.281722654130586,0.20346374197997702,0.3553378892139707,0.2953846153846154,-0.013661961254029409,1.8664918530660081e-4,TRUE,SD,39,634.1985364746831
6,MRP3,47,0.2990215492552853,0.2287112484044982,0.35800839293069864,0.327212020033389,-0.028190470778103716,7.947026426911195e-4,TRUE,TN,78,1083.5084424089605
6,MRP3,48,0.3240633778515163,0.27261824572661864,0.3785676668401233,0.33565823888404533,-0.011594861032529047,1.3444080236366056e-4,TRUE,TX,249,3497.597832036657
6,MRP3,49,0.3097898866621205,0.2563953745342969,0.3631582751396692,0.2304,0.07938988666212049,0.006302754104224337,FALSE,UT,130,2118.5008763575215
6,MRP3,50,0.29910313642142833,0.2329170691545172,0.36568384390825504,0.33587786259541985,-0.03677472617399152,0.0013523804851720573,TRUE,VT,55,996.4100798300051
6,MRP3,51,0.27731977096760096,0.21386622314670994,0.33576830832366544,0.2716180371352785,0.005701733832322475,3.250976869465074e-5,TRUE,VA,137,1986.951280502886
6,MRP3,53,0.34893876069872876,0.298125731516823,0.4027424067782617,0.32831683168316833,0.020621929015560425,4.25263956322813e-4,TRUE,WA,169,2583.003822529
6,MRP3,54,0.3244951008379153,0.2628375544045341,0.4004856937052482,0.27807486631016043,0.046420234527754844,0.002154838173611763,TRUE,WV,58,948.829947996332
6,MRP3,55,0.32215001391309306,0.2584639278535265,0.3914606956161099,0.3069958847736626,0.015154129139430483,2.2964762997453608e-4,TRUE,WI,71,1015.5508245911288
6,MRP3,56,0.3064910169875205,0.2396724332927755,0.3810904187384509,0.2782152230971129,0.02827579389040763,7.995205201328134e-4,TRUE,WY,45,788.2357982172359
7,MRP3,01,0.33492701122009944,0.26251546977765244,0.41110841673320825,0.3007135575942915,0.03421345362580791,0.0011705604090053085,TRUE,AL,72,1025.2933063297826
7,MRP3,04,0.31630783018516007,0.25746110799109245,0.37640176856092233,0.28578919769271105,0.030518632492449016,9.313869292091649e-4,TRUE,AZ,135,1976.2525840936278
7,MRP3,05,0.2933513080238606,0.21760328168213153,0.3677460228787104,0.2849035187287174,0.008447789295143227,7.136514397513649e-5,TRUE,AR,55,827.7475565579368
7,MRP3,06,0.38451984771839537,0.337159017583498,0.4358518665884116,0.3766891891891892,0.00783065852920617,6.131921300102933e-5,TRUE,CA,304,4392.6310925878015
7,MRP3,08,0.2532711729213026,0.19296110462526037,0.31624745099941826,0.2865264354747015,-0.033255262553398945,0.001105912487495498,TRUE,CO,144,2102.1781069371154
7,MRP3,09,0.38584841272189285,0.31059488068167185,0.46788488092088276,0.3638113570741097,0.022037055647783133,4.856318216234905e-4,TRUE,CT,77,1171.4478202916791
7,MRP3,10,0.28572350830343274,0.22292885279344593,0.35092308298228675,0.3221957040572792,-0.03647219575384647,0.0013302210631068966,TRUE,DE,73,1291.8533401048817
7,MRP3,11,0.2844970832569211,0.20838679113493633,0.36049294101391466,0.2659758203799655,0.018521262876955602,3.430371785572937e-4,TRUE,DC,52,962.0100070573061
7,MRP3,12,0.35694159716635737,0.30090756236080857,0.4124515208251296,0.35494880546075086,0.0019927917056065114,3.971218781934109e-6,TRUE,FL,198,2795.0063282430087
7,MRP3,13,0.3050541233428616,0.24030601927873205,0.3682844047084279,0.3376770538243626,-0.032622930481501,0.001064255593200847,TRUE,GA,121,1689.7432264383867
7,MRP3,16,0.2636576276604737,0.19958279699100387,0.32627858593148096,0.27474747474747474,-0.011089847087001059,1.2298470841306587e-4,TRUE,ID,89,1493.888274019667
7,MRP3,17,0.3281113285533424,0.26665442403649486,0.390452938633416,0.3270967741935484,0.0010145543597940287,1.0293205489770716e-6,TRUE,IL,130,1806.207485941191
7,MRP3,18,0.29857756811685715,0.22790151448375862,0.37152190296741033,0.3194805194805195,-0.020902951363662325,4.369333757116327e-4,TRUE,IN,68,966.9665831291978
7,MRP3,19,0.31430097527570927,0.24154183374645952,0.38682583231403767,0.28534031413612565,0.02896066113958362,8.387198936417889e-4,TRUE,IA,82,1271.9600764779732
7,MRP3,20,0.2933858229413128,0.22248645428465488,0.3739582010782179,0.2644787644787645,0.02890705846254832,8.356180289571864e-4,TRUE,KS,58,876.1580654945899
7,MRP3,21,0.3091663280211274,0.23517950266184387,0.3883236460910311,0.3541300527240773,-0.0449637247029499,0.0020217365391626673,TRUE,KY,68,987.3822947820022
7,MRP3,22,0.3796899216896728,0.3057414339648443,0.46649940940252754,0.40809248554913297,-0.02840256385946016,8.067056337907125e-4,TRUE,LA,53,773.4176240478615
7,MRP3,23,0.2657198727489168,0.19864824884924756,0.3323375416469085,0.2982456140350877,-0.03252574128617092,0.0010579238462149233,TRUE,ME,56,908.5976939860166
7,MRP3,24,0.3522562296629852,0.28324385042509215,0.42148155051600217,0.30939226519337015,0.042863964469615046,0.0018373194500524211,TRUE,MD,108,1606.0597041665246
7,MRP3,25,0.3464527020590253,0.28647595408627996,0.40641323274833924,0.3460096411355115,4.430609235137606e-4,1.963029819448664e-7,TRUE,MA,140,2087.6125343691974
7,MRP3,26,0.4212375732941583,0.3539212106804114,0.4944812434624496,0.40276356192425794,0.018474011369900345,3.412890960952072e-4,TRUE,MI,138,2032.8091260464403
7,MRP3,27,0.3367615936607505,0.2663522826098406,0.4159999121680628,0.31893004115226337,0.017831552508487114,3.179642648629331e-4,TRUE,MN,94,1400.1334833286521
7,MRP3,28,0.34953879135590893,0.2731734780091241,0.4251534225850071,0.33690476190476193,0.012634029451147,1.5961870017244977e-4,TRUE,MS,57,846.0430886956841
7,MRP3,29,0.2692820389980436,0.19915877438877752,0.34109231871205764,0.31070496083550914,-0.04142292183746554,0.0017158584535527798,TRUE,MO,71,1004.9337183528418
7,MRP3,30,0.29522795690045267,0.23283703552030705,0.3667618401638112,0.27586206896551724,0.019365887934935433,3.750376155084778e-4,TRUE,MT,78,1373.856134887476
7,MRP3,31,0.3129657346663564,0.24786062691529623,0.3883324188911828,0.2688553682342502,0.044110366432106196,0.0019457244267746812,TRUE,NE,57,932.4099882726296
7,MRP3,32,0.32587913040352856,0.25524287966424475,0.39805298527171196,0.3879310344827586,-0.06205190407923006,0.003850438799857968,TRUE,NV,81,1254.0146841706141
7,MRP3,33,0.3266999874115775,0.2573381112417657,0.40284314105734176,0.3114874815905744,0.015212505821003142,2.3142033335405446e-4,TRUE,NH,59,1046.328193922021
7,MRP3,34,0.3511170032879623,0.28074789313465187,0.4303316831622256,0.3675276752767528,-0.01641067198879048,2.6931015512367257e-4,TRUE,NJ,88,1225.9826598767747
7,MRP3,35,0.33577414783287746,0.2609286933480659,0.4098056483352733,0.3167062549485352,0.01906789288434224,3.6358453904874945e-4,TRUE,NM,66,1098.1409505749077
7,MRP3,36,0.32268493159634515,0.25643027695818144,0.39009642761328966,0.34244946492271106,-0.019764533326365907,3.906367776090286e-4,TRUE,NY,125,1663.8942521753079
7,MRP3,37,0.34694803892390375,0.2773596835507814,0.42082377147716876,0.30879199428162973,0.03815604464227401,0.0014558837427432073,TRUE,NC,99,1383.9557027175983
7,MRP3,38,0.31143947703000363,0.2382956145137754,0.3928347714665466,0.3009079118028534,0.010531565227150208,1.109138661337194e-4,TRUE,ND,46,822.0891805998695
7,MRP3,39,0.27592452055905914,0.20996669505179377,0.33782084524541073,0.3185703185703186,-0.04264579801125945,0.0018186640880171405,TRUE,OH,102,1350.3125097431553
7,MRP3,40,0.27376024348027694,0.20740543856016,0.34686571712599484,0.28644240570846075,-0.012682162228183802,1.6083723878197194e-4,TRUE,OK,73,1040.9432361029872
7,MRP3,41,0.2927320947482844,0.23393519813261363,0.35295120112908274,0.3165644171779141,-0.023832322429629738,5.679795923898326e-4,TRUE,OR,119,1815.8730658977997
7,MRP3,42,0.3403296210667849,0.2770330813150881,0.4094639128967053,0.3404605263157895,-1.309052490046092e-4,1.713618421695874e-8,TRUE,PA,131,1852.5582596468635
7,MRP3,44,0.3561219157794657,0.28132138280974434,0.4530409470697411,0.3433667781493868,0.012755137630078905,1.626935359622549e-4,TRUE,RI,40,698.763140593412
7,MRP3,45,0.2960781560244888,0.22476460649865218,0.37013014103416714,0.31290849673202614,-0.01683034070753736,2.832603683317892e-4,TRUE,SC,89,1281.927471648029
7,MRP3,46,0.31071608868562683,0.23150654526191683,0.3899768254865587,0.2953846153846154,0.015331473301011422,2.350540735796261e-4,TRUE,SD,46,764.6137873364029
7,MRP3,47,0.3534829414966724,0.2850196262610546,0.42692452124409164,0.327212020033389,0.026270921463283414,6.901613145300051e-4,TRUE,TN,90,1273.8898206879753
7,MRP3,48,0.3415474419455617,0.289793987303085,0.3937679963846866,0.33565823888404533,0.005889203061516357,3.468271269977363e-5,TRUE,TX,251,3514.9087574194496
7,MRP3,49,0.2862687500930403,0.23132654262630206,0.34624337628582597,0.2304,0.05586875009304032,0.0031213172369585927,FALSE,UT,118,1872.8993198095436
7,MRP3,50,0.3332347100523993,0.2633667712851953,0.40889689834478404,0.33587786259541985,-0.002643152543020555,6.9862553656760264e-6,TRUE,VT,63,1202.4509445785166
7,MRP3,51,0.30769143694689816,0.24908342939233366,0.37256301638026484,0.2716180371352785,0.036073399811619666,0.0013012901739689617,TRUE,VA,135,1950.2735485232488
7,MRP3,53,0.3094579131571939,0.25493074235579155,0.365721604189332,0.32831683168316833,-0.018858918525974433,3.556588079693417e-4,TRUE,WA,171,2564.793185538184
7,MRP3,54,0.3373826569621693,0.2563362769501134,0.4209902054561877,0.27807486631016043,0.05930779065200886,0.00351741403202251,TRUE,WV,56,911.6562870992557
7,MRP3,55,0.33694132967134327,0.2713531346719924,0.4152783632621945,0.3069958847736626,0.029945444897680695,8.967296701200308e-4,TRUE,WI,88,1291.1684800864803
7,MRP3,56,0.28168252227190177,0.20642238504159877,0.3635823007060154,0.2782152230971129,0.003467299174788885,1.2022163567491682e-5,TRUE,WY,34,583.4303882763805
8,MRP3,01,0.32656835034602655,0.26064179657358477,0.4021435980136544,0.3007135575942915,0.025854792751735023,6.684703082351699e-4,TRUE,AL,74,1050.690748495988
8,MRP3,04,0.25342478628115783,0.1971736733410012,0.31234788355417803,0.28578919769271105,-0.03236441141155322,0.001047455126016276,TRUE,AZ,134,1932.688692332469
8,MRP3,05,0.279399463014225,0.2038015028235342,0.3516654599944641,0.2849035187287174,-0.005504055714492362,3.0294629308236024e-5,TRUE,AR,50,733.4942162706812
8,MRP3,06,0.34473438509835397,0.3028263925395224,0.3913324798533796,0.3766891891891892,-0.03195480409083523,0.00102110950448366,TRUE,CA,318,4484.583101817463
8,MRP3,08,0.28673010747737426,0.2221427158697361,0.3538659436749382,0.2865264354747015,2.03672002672739e-4,4.14822846727242e-8,TRUE,CO,103,1541.0947681309815
8,MRP3,09,0.2969619673107939,0.22819613929140717,0.3659846649934949,0.3638113570741097,-0.06684938976331584,0.004468840911727716,TRUE,CT,58,868.1582402591531
8,MRP3,10,0.3120508298257628,0.2502967312267774,0.378235005760569,0.3221957040572792,-0.010144874231516388,1.0291847317328521e-4,TRUE,DE,86,1569.2979106840119
8,MRP3,11,0.3560247576337098,0.2831508148414712,0.4319597387716604,0.2659758203799655,0.0900489372537443,0.0081088111005287785,FALSE,DC,53,997.5036964654316
8,MRP3,12,0.34032467494919943,0.2894145365798961,0.3975799582921145,0.35494880546075086,-0.014624130511551425,2.1386519321888936e-4,TRUE,FL,177,2482.4035694099643
8,MRP3,13,0.3285921291672362,0.26276952886613514,0.3881542454763274,0.3376770538243626,-0.009084924657126403,8.253585602566329e-5,TRUE,GA,129,1830.583867246974
8,MRP3,16,0.257047211570195,0.19793119634014358,0.32050892192978236,0.27474747474747474,-0.01770026317727974,3.132993165449651e-4,TRUE,ID,88,1436.23976464121
8,MRP3,17,0.3474965238815322,0.28288744546351646,0.42423648438911826,0.3270967741935484,0.020399749687983804,4.161497873323953e-4,TRUE,IL,92,1274.7077797821667
8,MRP3,18,0.31999399780073345,0.2521009911289589,0.3915824953935779,0.3194805194805195,5.134783202139781e-4,2.6365998532976863e-7,TRUE,IN,76,1069.1994235358882
8,MRP3,19,0.3130428351212095,0.24902212742894847,0.3859910705666579,0.28534031413612565,0.027702520985083856,7.674296689290114e-4,TRUE,IA,62,950.8975264520009
8,MRP3,20,0.2771375042152151,0.20846097899243923,0.33984626414648844,0.2644787644787645,0.012658739736450597,1.6024369171519333e-4,TRUE,KS,65,977.8736181366428
8,MRP3,21,0.3305418424456009,0.26496055586270845,0.40734905871784555,0.3541300527240773,-0.023588210278476407,5.5640366414162e-4,TRUE,KY,70,1025.0703928955545
8,MRP3,22,0.3840996180237633,0.31472885333415396,0.46645556105286584,0.40809248554913297,-0.023992867525369665,5.756576920899383e-4,TRUE,LA,59,856.8882775002937
8,MRP3,23,0.29681709610169826,0.23481928994471354,0.36437461979221614,0.2982456140350877,-0.0014285179333894393,2.0406634860152344e-6,TRUE,ME,71,1183.0554137271686
8,MRP3,24,0.3205753554957452,0.2640905999546581,0.3872646074166552,0.30939226519337015,0.01118309030237502,1.2506150871107423e-4,TRUE,MD,115,1688.6116989709612
8,MRP3,25,0.3515987622177212,0.29286306717597826,0.41998519970940956,0.3460096411355115,0.005589121082209658,3.123827447160046e-5,TRUE,MA,127,1898.0318174668307
8,MRP3,26,0.35690882486400904,0.29622305276000344,0.4233040024434298,0.40276356192425794,-0.045854737060248896,0.0021026569108645635,TRUE,MI,131,1942.095916401568
8,MRP3,27,0.29454594395755446,0.23610781394681243,0.35675335172175837,0.31893004115226337,-0.02438409719470891,5.945841960010109e-4,TRUE,MN,112,1610.9222720753805
8,MRP3,28,0.37681697514551843,0.2981176070609932,0.46812498345160714,0.33690476190476193,0.0399122132407565,0.0015929847657756185,TRUE,MS,46,698.3941054777073
8,MRP3,29,0.30815656990279194,0.24019603029533232,0.3839398101275148,0.31070496083550914,-0.0025483909327171927,6.494296345955204e-6,TRUE,MO,68,959.0987565764133
8,MRP3,30,0.30616462506249115,0.24257945745968426,0.374690983884737,0.27586206896551724,0.03030255609697391,9.182449060102507e-4,TRUE,MT,67,1172.1609278469512
8,MRP3,31,0.2502211672141088,0.17619859538164073,0.3204907288545132,0.2688553682342502,-0.018634201020141405,3.47233447659039e-4,TRUE,NE,67,1038.1919125982213
8,MRP3,32,0.32349575958035937,0.25600283402530744,0.38995356101079753,0.3879310344827586,-0.06443527490239925,0.004151904651747763,TRUE,NV,80,1260.9549191931158
8,MRP3,33,0.26435301885730517,0.21180382687598684,0.3229188443129305,0.3114874815905744,-0.04713446273326921,0.002221657577153944,TRUE,NH,95,1604.3357133312725
8,MRP3,34,0.29900713373197513,0.23945117818530667,0.3564405276921046,0.3675276752767528,-0.06852054154477766,0.004695064613589601,FALSE,NJ,128,1791.14943355417
8,MRP3,35,0.32251643602220165,0.26175935924469806,0.3897190422802716,0.3167062549485352,0.005810181073666432,3.3758204108791606e-5,TRUE,NM,88,1457.3181823082284
8,MRP3,36,0.3717346158405076,0.3115697606986585,0.44455986823134036,0.34244946492271106,0.029285150917796543,8.576200642781197e-4,TRUE,NY,141,1952.228279141762
8,MRP3,37,0.29223297129596526,0.22984206357575657,0.35459459371264546,0.30879199428162973,-0.016559022985664473,2.742012422397644e-4,TRUE,NC,112,1519.4528583308243
8,MRP3,38,0.3040817457602782,0.23200743007104396,0.38191946592232306,0.3009079118028534,0.0031738339574247654,1.0073221989302547e-5,TRUE,ND,38,650.8998149472131
8,MRP3,39,0.34293381539216783,0.2713535709325207,0.4153416541133804,0.3185703185703186,0.02436349682184924,5.93579977388258e-4,TRUE,OH,90,1241.3286251676627
8,MRP3,40,0.279390522967587,0.2144137990046387,0.34214492940397007,0.28644240570846075,-0.0070518827408737605,4.972905019103322e-5,TRUE,OK,80,1146.383018673564
8,MRP3,41,0.26735702758499846,0.20717480798562216,0.3299951423221556,0.3165644171779141,-0.04920738959291565,0.0024213671905489835,TRUE,OR,87,1312.7958616574956
8,MRP3,42,0.3285343298453906,0.27015032197659067,0.39325550476609206,0.3404605263157895,-0.011926196470398887,1.4223416225055485e-4,TRUE,PA,133,1846.3359791770372
8,MRP3,44,0.3030973592006211,0.2325651918694612,0.37355312887479497,0.3433667781493868,-0.040269418948765734,0.0016216261024712126,TRUE,RI,53,881.6055890015365
8,MRP3,45,0.3312995375703261,0.26372867270529765,0.40307766887456425,0.31290849673202614,0.018391040838299955,3.382303831160167e-4,TRUE,SC,75,1099.8102118557306
8,MRP3,46,0.30352695544294395,0.2273303085892587,0.3855389638918151,0.2953846153846154,0.008142340058328534,6.629770162546153e-5,TRUE,SD,35,594.2764618266642
8,MRP3,47,0.337236964272265,0.2724486826665486,0.4114518772691767,0.327212020033389,0.01002494423887601,1.004995069925733e-4,TRUE,TN,87,1210.922728731921
8,MRP3,48,0.32903135342366635,0.27855109764187863,0.378912509968655,0.33565823888404533,-0.006626885460378984,4.391561090498238e-5,TRUE,TX,251,3513.6847974669577
8,MRP3,49,0.2514952169986085,0.19658513414057305,0.3083982998948567,0.2304,0.0210952169986085,4.4500818021838106e-4,TRUE,UT,135,2186.9589344971632
8,MRP3,50,0.3390804681733088,0.27445614984566163,0.41781483701448596,0.33587786259541985,0.0032026055778889284,1.0256682487525277e-5,TRUE,VT,68,1285.1024358342308
8,MRP3,51,0.2763530909188015,0.21442334266527774,0.3398056576993975,0.2716180371352785,0.004735053783523013,2.2420734332855603e-5,TRUE,VA,118,1703.9415063603367
8,MRP3,53,0.3378832373907636,0.28714086229791475,0.3954712363985898,0.32831683168316833,0.00956640570759526,9.151611816231118e-5,TRUE,WA,165,2565.6801977505534
8,MRP3,54,0.27675198269642826,0.21449222389580513,0.3437679706931984,0.27807486631016043,-0.0013228836137321731,1.7500210554810933e-6,TRUE,WV,59,913.5696596066607
8,MRP3,55,0.28413646328460773,0.223691782921401,0.3500989896267055,0.3069958847736626,-0.022859421489054843,5.225531508142624e-4,TRUE,WI,88,1240.1614627610054
8,MRP3,56,0.26346161365271803,0.20011692020480637,0.334056141124452,0.2782152230971129,-0.014753609444394855,2.1766899163773706e-4,TRUE,WY,44,766.0432138592013
9,MRP3,01,0.33406607966667173,0.2795086898267829,0.395270707767002,0.3007135575942915,0.03335252207238021,0.001112390728588609,TRUE,AL,57,835.0344875703191
9,MRP3,04,0.3268052474128403,0.27898189785699445,0.37849203079891247,0.28578919769271105,0.04101604972012923,0.0016823163346441133,TRUE,AZ,113,1664.1093406732532
9,MRP3,05,0.3296969229682545,0.2769282276725978,0.3921355090957923,0.2849035187287174,0.044793404239537093,0.0020064490633665798,TRUE,AR,63,948.8661184465218
9,MRP3,06,0.3704993729262351,0.32995102628248274,0.41574652206949564,0.3766891891891892,-0.006189816262954118,3.831382536913128e-5,TRUE,CA,329,4734.865669916093
9,MRP3,08,0.2913037216411291,0.23395502966216944,0.34049653177854183,0.2865264354747015,0.004777286166427586,2.2822463115940378e-5,TRUE,CO,115,1692.4074608628919
9,MRP3,09,0.3411148100766248,0.2872468513401714,0.40668380797860837,0.3638113570741097,-0.022696546997484912,5.151332456090413e-4,TRUE,CT,55,831.8715991993403
9,MRP3,10,0.31596788505109835,0.2596720804735112,0.3660465111422701,0.3221957040572792,-0.006227819006180857,3.8785729573747514e-5,TRUE,DE,66,1196.948556931922
9,MRP3,11,0.330220075892267,0.2715746047309228,0.3846231288674326,0.2659758203799655,0.0642442555123015,0.004127324366329882,FALSE,DC,59,1067.6306158880382
9,MRP3,12,0.35015093574926826,0.30481040070027454,0.4045338637972721,0.35494880546075086,-0.004797869711482605,2.3019553768362178e-5,TRUE,FL,204,2873.4308454202537
9,MRP3,13,0.33083143159670736,0.2766928907886825,0.38025079563405717,0.3376770538243626,-0.006845622227655224,4.6862543683767264e-5,TRUE,GA,114,1605.8419116525122
9,MRP3,16,0.298243722760597,0.24277421737792018,0.3497345300194528,0.27474747474747474,0.02349624801312228,5.520736706941526e-4,TRUE,ID,84,1410.8415671909063
9,MRP3,17,0.34146117816499194,0.2915219515563464,0.4001492302208607,0.3270967741935484,0.014364403971443562,2.063361014548236e-4,TRUE,IL,98,1371.656338852571
9,MRP3,18,0.3161075103161674,0.259231481268826,0.37449703968193754,0.3194805194805195,-0.00337300916435207,1.1377190822803049e-5,TRUE,IN,65,920.6179724303872
9,MRP3,19,0.31635001554916853,0.26246762146836644,0.3678764185512269,0.28534031413612565,0.03100970141304288,9.616015817260735e-4,TRUE,IA,80,1228.19638082222
9,MRP3,20,0.3286190899767622,0.27973321667356166,0.3890315749569523,0.2644787644787645,0.0641403254979977,0.004113981354989094,FALSE,KS,79,1232.4143360171756
9,MRP3,21,0.3342618542497661,0.2823024170629119,0.39690946436910496,0.3541300527240773,-0.019868198474311205,3.947453106146221e-4,TRUE,KY,88,1288.9234118174504
9,MRP3,22,0.34307872593876537,0.28876982820834984,0.4058829291632847,0.40809248554913297,-0.0650137596103676,0.0042267889386746645,FALSE,LA,60,853.6708030841378
9,MRP3,23,0.27497897040338637,0.2185912086921341,0.3255708290881989,0.2982456140350877,-0.023266643631701334,5.413367058845882e-4,TRUE,ME,66,1097.2202556986667
9,MRP3,24,0.3190841960136348,0.2601624743906706,0.37041784542933925,0.30939226519337015,0.00969193082026465,9.393352302479579e-5,TRUE,MD,98,1423.0310409456208
9,MRP3,25,0.33687502234815275,0.29072851120996485,0.3949181284633193,0.3460096411355115,-0.009134618787358773,8.344126039036785e-5,TRUE,MA,123,1819.5484764322025
9,MRP3,26,0.3524964926965586,0.30357812816962326,0.41403650193566244,0.40276356192425794,-0.05026706922769936,0.0025267782487423196,TRUE,MI,141,2089.4961168026207
9,MRP3,27,0.3299610920455319,0.2837289957176896,0.39404969718271216,0.31893004115226337,0.011031050893268557,1.2168408380988103e-4,TRUE,MN,106,1579.1692867192005
9,MRP3,28,0.33273511923524274,0.2677121551941737,0.3911370051596232,0.33690476190476193,-0.004169642669519191,1.738591999147513e-5,TRUE,MS,48,709.9200562601483
9,MRP3,29,0.30678787400503055,0.24873182853397216,0.35733590085084277,0.31070496083550914,-0.003917086830478589,1.5343569237508796e-5,TRUE,MO,87,1226.1006872058447
9,MRP3,30,0.29876682632392293,0.2458680101439209,0.3528041898393047,0.27586206896551724,0.022904757358405692,5.246279096474397e-4,TRUE,MT,65,1124.169955861304
9,MRP3,31,0.30269540252577803,0.24789087087382058,0.35410677788356054,0.2688553682342502,0.03384003429152782,0.0011451479208517787,TRUE,NE,65,1039.809597209689
9,MRP3,32,0.3245798706642265,0.27104009373709276,0.37829709873090095,0.3879310344827586,-0.06335116381853212,0.004013369957162493,FALSE,NV,82,1275.2415491411198
9,MRP3,33,0.3190329330751513,0.26781535323952127,0.3840447726333259,0.3114874815905744,0.007545451484576915,5.693383810610397e-5,TRUE,NH,68,1199.4434506363277
9,MRP3,34,0.3436611044536466,0.29215416663608257,0.40650112343055783,0.3675276752767528,-0.02386657082310617,5.696132028543428e-4,TRUE,NJ,112,1587.9676648346863
9,MRP3,35,0.3162755861818977,0.2556477540513694,0.3628789494532988,0.3167062549485352,-4.3066876663749865e-4,1.8547558655706426e-7,TRUE,NM,77,1260.2107112597166
9,MRP3,36,0.349495606675608,0.2977885685836824,0.4111552799498597,0.34244946492271106,0.007046141752896917,4.9648113601917244e-5,TRUE,NY,113,1567.2531580697178
9,MRP3,37,0.3225426955601914,0.2667265994717592,0.37735128503512255,0.30879199428162973,0.01375070127856165,1.89081785652237e-4,TRUE,NC,99,1362.55222359256
9,MRP3,38,0.29093914729420045,0.23001405195344318,0.34766071161774587,0.3009079118028534,-0.009968764508652972,9.937626582897913e-5,TRUE,ND,44,754.7765020894528
9,MRP3,39,0.31350256045260333,0.2598456669409916,0.3663289846467449,0.3185703185703186,-0.00506775811771526,2.5682172339668912e-5,TRUE,OH,98,1309.9898265352638
9,MRP3,40,0.31651100904928336,0.2561528267791087,0.37533444565246077,0.28644240570846075,0.03006860334082262,9.041209068677291e-4,TRUE,OK,63,910.4925836478728
9,MRP3,41,0.3278664457336459,0.2801204121370344,0.38796387017201406,0.3165644171779141,0.011302028555731758,1.2773584947457607e-4,TRUE,OR,104,1604.6999627228458
9,MRP3,42,0.34393672313739887,0.29393438057026633,0.4093220410613187,0.3404605263157895,0.0034761968216093786,1.2083944342567146e-5,TRUE,PA,130,1857.0240120593444
9,MRP3,44,0.3353447612141186,0.28636304742228114,0.39754279298040324,0.3433667781493868,-0.008022016935268217,6.435275570973007e-5,TRUE,RI,63,1107.2934458319005
9,MRP3,45,0.3328955444866458,0.28542249251465884,0.3924502670564793,0.31290849673202614,0.01998704775461968,3.994820779454476e-4,TRUE,SC,82,1186.7310835646133
9,MRP3,46,0.3035011251088183,0.25078827604672116,0.361036706742837,0.2953846153846154,0.008116509724202914,6.587773010308046e-5,TRUE,SD,45,746.6278148853141
9,MRP3,47,0.31999642027465447,0.26732305917890065,0.38054768792121074,0.327212020033389,-0.007215599758734537,5.2064879878249905e-5,TRUE,TN,78,1096.9230146565449
9,MRP3,48,0.3344815667354604,0.2876027464913043,0.3773766329655164,0.33565823888404533,-0.0011766721485849119,1.384557345255433e-6,TRUE,TX,284,3988.984341710574
9,MRP3,49,0.2925627678195739,0.24217766295929377,0.3390222075990276,0.2304,0.062162767819573916,0.0038642097029902545,FALSE,UT,125,1975.5936286953602
9,MRP3,50,0.3053642170199726,0.2552350046740064,0.35890363213774656,0.33587786259541985,-0.03051364557544728,9.310825663040133e-4,TRUE,VT,64,1219.1112013044235
9,MRP3,51,0.30263867617318535,0.24447761772787552,0.35308302775044564,0.2716180371352785,0.03102063903790686,9.622800463201111e-4,TRUE,VA,115,1657.4385082790568
9,MRP3,53,0.3073126781124384,0.2640442352923541,0.3548165802412311,0.32831683168316833,-0.021004153570729933,4.41174467222807e-4,TRUE,WA,178,2689.741010849409
9,MRP3,54,0.27636398950322394,0.20972993219715658,0.32839741763975466,0.27807486631016043,-0.00171087680693649,2.9270994485131995e-6,TRUE,WV,63,963.446410696658
9,MRP3,55,0.29636012126146377,0.23617891047123726,0.3522463945139029,0.3069958847736626,-0.010635763512198804,1.1311946548741943e-4,TRUE,WI,79,1123.448747475489
9,MRP3,56,0.31412642069116764,0.2584115641233732,0.37552242399761593,0.2782152230971129,0.035911197594054756,0.001289614112639244,TRUE,WY,54,962.6393707184898
10,MRP3,01,0.31058739740207003,0.24336566024950404,0.37462672569437533,0.3007135575942915,0.009873839807778506,9.749271254967148e-5,TRUE,AL,64,900.2110085361296
10,MRP3,04,0.2771068802287404,0.2239100318136936,0.33310843337844337,0.28578919769271105,-0.008682317463970635,7.538263654516947e-5,TRUE,AZ,135,1984.793314795837
10,MRP3,05,0.32543592701005136,0.2549155720578312,0.40115872598029434,0.2849035187287174,0.040532408281333976,0.001642876121084751,TRUE,AR,76,1150.3222359074957
10,MRP3,06,0.38157603873512336,0.33820185277720133,0.421212803907117,0.3766891891891892,0.004886849545934158,2.3881298484596882e-5,TRUE,CA,351,5053.090939309258
10,MRP3,08,0.30155707441273927,0.2510249443775414,0.3627282538132312,0.2865264354747015,0.015030638938037744,2.259201068856564e-4,TRUE,CO,105,1555.757342200547
10,MRP3,09,0.3327719393989656,0.2735971525624431,0.4125564555924091,0.3638113570741097,-0.03103941767514412,9.634454496120493e-4,TRUE,CT,66,976.9083640489894
10,MRP3,10,0.36716799949905327,0.30639771538524635,0.44156056832732726,0.3221957040572792,0.04497229544177406,0.0020225073573022115,TRUE,DE,66,1216.0879719710433
10,MRP3,11,0.2965250228076976,0.23286238853086047,0.35877091505505304,0.2659758203799655,0.030549202427732125,9.332537689705543e-4,TRUE,DC,71,1308.1511011771051
10,MRP3,12,0.3458237650720781,0.293923336310954,0.4063727376283144,0.35494880546075086,-0.009125040388672734,8.326636209490863e-5,TRUE,FL,170,2426.3572928609683
10,MRP3,13,0.29478312124938716,0.23867539404943316,0.35930913451821006,0.3376770538243626,-0.042893932574975424,0.001839889451746538,TRUE,GA,117,1648.3373409956787
10,MRP3,16,0.29147812629275666,0.2343843624619985,0.35466860033063735,0.27474747474747474,0.016730651545281916,2.799147011296442e-4,TRUE,ID,80,1344.9710929553503
10,MRP3,17,0.29103596354174693,0.22635405756886637,0.3499811920444861,0.3270967741935484,-0.036060810651801445,0.0013003820648650765,TRUE,IL,104,1422.747962110033
10,MRP3,18,0.31416470758058895,0.2546923668384039,0.3835677480517925,0.3194805194805195,-0.005315811899930523,2.8257856155442952e-5,TRUE,IN,80,1122.840446013692
10,MRP3,19,0.3246059820956634,0.2609810394745778,0.39001058537383043,0.28534031413612565,0.03926566795953773,0.001541792680308668,TRUE,IA,75,1120.8352160165753
10,MRP3,20,0.2779965384561634,0.21590791208998233,0.3409127986410172,0.2644787644787645,0.013517773977398895,1.8273021330404273e-4,TRUE,KS,65,997.5967642394346
10,MRP3,21,0.32346894740604953,0.2603852313498674,0.3861013542842961,0.3541300527240773,-0.030661105318027793,9.401033793231922e-4,TRUE,KY,71,1047.2300818454778
10,MRP3,22,0.3444979815359547,0.27896398431771807,0.4250377704731164,0.40809248554913297,-0.06359450401317829,0.004044260940682149,TRUE,LA,50,734.446893322186
10,MRP3,23,0.3000048609040722,0.24683216344682432,0.36224013827947016,0.2982456140350877,0.0017592468689844876,3.094949546031723e-6,TRUE,ME,66,1089.5932988908548
10,MRP3,24,0.2772259853787676,0.2122083134900196,0.3529055175615542,0.30939226519337015,-0.03216627981460257,0.001034669557111309,TRUE,MD,108,1584.9291263958683
10,MRP3,25,0.3772801648195795,0.3222175760696688,0.44954320418192717,0.3460096411355115,0.031270523684067963,9.778456514758554e-4,TRUE,MA,136,2107.0311792105795
10,MRP3,26,0.35411354675404044,0.29697626345086237,0.4106588494439038,0.40276356192425794,-0.0486500151702175,0.0023668239760623925,TRUE,MI,147,2122.610358814003
10,MRP3,27,0.3292530807700975,0.2712584069735068,0.3977174329477319,0.31893004115226337,0.010323039617834151,1.0656514695137345e-4,TRUE,MN,95,1380.2906731498015
10,MRP3,28,0.30373554449016105,0.2392362349279984,0.37963575868350175,0.33690476190476193,-0.03316921741460088,0.0011001969838970625,TRUE,MS,51,733.4710774566788
10,MRP3,29,0.320664834320426,0.25318353110861525,0.38761819991160723,0.31070496083550914,0.009959873484916837,9.919907983554946e-5,TRUE,MO,72,1019.4821577645729
10,MRP3,30,0.299686831064975,0.23206241474483064,0.3620076649766699,0.27586206896551724,0.023824762099457775,5.676192890957596e-4,TRUE,MT,62,1099.8427356473694
10,MRP3,31,0.33080744390576766,0.27070730200382515,0.4013210723335194,0.2688553682342502,0.06195207567151745,0.003838059680009424,FALSE,NE,72,1180.7340782397146
10,MRP3,32,0.36936890204027895,0.3026186050185773,0.44395096292396174,0.3879310344827586,-0.018562132442479673,3.445527608121564e-4,TRUE,NV,72,1142.8860806038629
10,MRP3,33,0.308995736824083,0.24850701278945914,0.3712106021990406,0.3114874815905744,-0.0024917447664913883,6.2087919813372235e-6,TRUE,NH,79,1333.122856138272
10,MRP3,34,0.321495275727184,0.2606314261892429,0.38068337787972845,0.3675276752767528,-0.04603239954956878,0.00211898180829114,TRUE,NJ,98,1370.6589956973592
10,MRP3,35,0.2934919897258241,0.22620679896570225,0.36041755581553,0.3167062549485352,-0.02321426522271114,5.389021098303759e-4,TRUE,NM,69,1108.1182945955818
10,MRP3,36,0.3513628746008576,0.2991319620076354,0.4120901293372746,0.34244946492271106,0.008913409678146522,7.944887209047609e-5,TRUE,NY,131,1802.6279257081626
10,MRP3,37,0.33647193417541293,0.2817332479296074,0.40203382211925803,0.30879199428162973,0.0276799398937832,7.661790725234508e-4,TRUE,NC,107,1513.3469062284992
10,MRP3,38,0.31684589130941104,0.23892651956766311,0.39697104688644713,0.3009079118028534,0.01593797950655762,2.540191907514507e-4,TRUE,ND,38,677.8979245370925
10,MRP3,39,0.3136160926462194,0.2466187971643814,0.3705055647058832,0.3185703185703186,-0.004954225924099165,2.4544354507016225e-5,TRUE,OH,99,1331.4952452053078
10,MRP3,40,0.29193438864858273,0.22667071866462074,0.3604202095595487,0.28644240570846075,0.005491982940121987,3.016187661459094e-5,TRUE,OK,68,964.6292172253435
10,MRP3,41,0.3320856529556202,0.2748985101654998,0.39322557404042097,0.3165644171779141,0.015521235777706088,2.4090876006714352e-4,TRUE,OR,127,1970.0839494913848
10,MRP3,42,0.3001563759249508,0.24814790746069046,0.36391563131463633,0.3404605263157895,-0.04030415039083868,0.0016244245387273416,TRUE,PA,136,1876.6536714472875
10,MRP3,44,0.33052301080666074,0.2661974513263529,0.3983941695116977,0.3433667781493868,-0.012843767342726076,1.6496235955407683e-4,TRUE,RI,50,856.6275643485849
10,MRP3,45,0.29609822010543263,0.2373607770622679,0.3591174829865822,0.31290849673202614,-0.016810276626593512,2.8258540026259614e-4,TRUE,SC,93,1334.805921349629
10,MRP3,46,0.3529820428128789,0.28277734155270523,0.43878360077365225,0.2953846153846154,0.057597427428263515,0.0033174636463540823,TRUE,SD,37,629.9653892356407
10,MRP3,47,0.2956888884286847,0.22778828710212923,0.35267934917986055,0.327212020033389,-0.031523131604704324,9.937078261675087e-4,TRUE,TN,83,1149.153146238045
10,MRP3,48,0.358139009322984,0.3156301252528128,0.4065535210656442,0.33565823888404533,0.022480770438938646,5.053850395282577e-4,TRUE,TX,259,3644.473198510064
10,MRP3,49,0.274489963275876,0.21445097551687692,0.33217782128527285,0.2304,0.044089963275876,0.0019439248616680942,TRUE,UT,111,1749.1105609876017
10,MRP3,50,0.30054995894564757,0.2382565765361207,0.36426370980310774,0.33587786259541985,-0.035327903649772285,0.001248060776287594,TRUE,VT,51,917.8047123478544
10,MRP3,51,0.30735337742382834,0.25445764279564637,0.364579861454856,0.2716180371352785,0.035735340288549855,0.0012770145455384544,TRUE,VA,127,1847.7405702630326
10,MRP3,53,0.301292035511495,0.2452483282307048,0.3526698192402799,0.32831683168316833,-0.027024796171673304,7.303396081204881e-4,TRUE,WA,175,2623.726339820685
10,MRP3,54,0.2972313085591257,0.2347074350078675,0.3658153219746529,0.27807486631016043,0.01915644224896529,3.669692796379423e-4,TRUE,WV,57,891.3182445341691
10,MRP3,55,0.33872973205641044,0.2837947696818905,0.40609244891596114,0.3069958847736626,0.03173384728274786,0.0010070370633647639,TRUE,WI,84,1220.7267351190908
10,MRP3,56,0.2796017102852286,0.21017466874986704,0.3512073857865046,0.2782152230971129,0.001386487188115737,1.922346722809083e-6,TRUE,WY,42,763.2838153460707
1,MRP4,01,0.33116730812493417,0.2889340271061669,0.362106557684701,0.3007135575942915,0.030453750530642643,9.27430921382617e-4,TRUE,AL,72,990.995991853708
1,MRP4,04,0.3098012819861597,0.27857568298508995,0.33592556105408156,0.28578919769271105,0.024012084293448643,5.76580192115683e-4,TRUE,AZ,142,2083.2050904597972
1,MRP4,05,0.3181639729563366,0.2839722213585948,0.34871852482317295,0.2849035187287174,0.033260454227619196,0.0011062578154275517,TRUE,AR,46,671.1368062878959
1,MRP4,06,0.3328923577631068,0.3048932967342704,0.35942798957841054,0.3766891891891892,-0.04379683142608237,0.0019181624429646764,FALSE,CA,300,4289.591789158838
1,MRP4,08,0.31037891586164157,0.2792402676727539,0.33707489462232165,0.2865264354747015,0.023852480386940045,5.689408206093595e-4,TRUE,CO,125,1877.7070497365498
1,MRP4,09,0.3241955970313194,0.29470917828142834,0.3576145678741004,0.3638113570741097,-0.03961576004279033,0.0015694084437679425,FALSE,CT,61,908.3560027465476
1,MRP4,10,0.32387406566023963,0.2963567308736057,0.3602581307877972,0.3221957040572792,0.001678361602960421,2.8168976702918735e-6,TRUE,DE,67,1266.9294675534663
1,MRP4,11,0.3479625306883427,0.29473646223994554,0.37994468968255823,0.2659758203799655,0.08198671030837723,0.0067218206671897695,FALSE,DC,50,899.4664213641361
1,MRP4,12,0.3322750378331039,0.30669096319943434,0.3718473133423565,0.35494880546075086,-0.022673767627646946,5.140997384325306e-4,TRUE,FL,217,3049.265273921742
1,MRP4,13,0.34188289083657586,0.3093545618280317,0.371440338659094,0.3376770538243626,0.004205837012213276,1.7689064973303098e-5,TRUE,GA,114,1616.8005337782563
1,MRP4,16,0.3052214898767594,0.27739172885568325,0.3353495507000512,0.27474747474747474,0.03047401512928466,9.286655980998704e-4,FALSE,ID,76,1301.3098209911368
1,MRP4,17,0.32747997898298903,0.3034684555923336,0.3617071999299785,0.3270967741935484,3.8320478944064984e-4,1.4684591065025278e-7,TRUE,IL,118,1669.63954442939
1,MRP4,18,0.31147504805819726,0.28044197852518044,0.3425148933464953,0.3194805194805195,-0.008005471422322219,6.408757269361773e-5,TRUE,IN,97,1357.1894958847893
1,MRP4,19,0.3003790396138742,0.2704663859300832,0.3325579954122571,0.28534031413612565,0.015038725477748538,2.26163263995083e-4,TRUE,IA,80,1213.8238179740317
1,MRP4,20,0.3076499152384797,0.2736435591400177,0.33568168519956404,0.2644787644787645,0.04317115075971517,0.0018637482579180558,FALSE,KS,66,1008.9569420091326
1,MRP4,21,0.32011876811310486,0.29304092875170784,0.35736149499568176,0.3541300527240773,-0.03401128461097247,0.0011567674808885728,TRUE,KY,65,963.0183385360598
1,MRP4,22,0.3422931620237342,0.30937749521268926,0.3771352756933285,0.40809248554913297,-0.06579932352539875,0.0043295509764000924,FALSE,LA,60,854.6248037980355
1,MRP4,23,0.2876478954985769,0.26180261848291914,0.32358517091978894,0.2982456140350877,-0.010597718536510814,1.1231163817910491e-4,TRUE,ME,61,1051.7497827690847
1,MRP4,24,0.3420551337094641,0.3109259114626722,0.37088763008708847,0.30939226519337015,0.03266286851609396,0.0010668629796996417,FALSE,MD,109,1605.0378687534212
1,MRP4,25,0.31087916265690463,0.2834037641011517,0.34382532680601413,0.3460096411355115,-0.0351304784786069,0.0012341505181358624,FALSE,MA,121,1828.8192380499327
1,MRP4,26,0.32200581616192436,0.29721699864587564,0.35656184971602356,0.40276356192425794,-0.08075774576233358,0.006521813500613707,FALSE,MI,146,2115.0175167507286
1,MRP4,27,0.303480349241961,0.277630609863738,0.33956515810524235,0.31893004115226337,-0.015449691910302377,2.386929801232627e-4,TRUE,MN,98,1446.5927385881441
1,MRP4,28,0.35056721380355266,0.31896406401267435,0.3851849537271357,0.33690476190476193,0.013662451898790728,1.8666259188677037e-4,TRUE,MS,39,582.6251147496225
1,MRP4,29,0.3136737454061876,0.2778328347662528,0.34383026025012253,0.31070496083550914,0.002968784570678451,8.813681827098435e-6,TRUE,MO,85,1192.6229894747892
1,MRP4,30,0.2882332572070926,0.24972962098506124,0.3160042752610131,0.27586206896551724,0.012371188241575348,1.5304629850849215e-4,TRUE,MT,79,1351.1463458676883
1,MRP4,31,0.30860446840337896,0.2780167991062131,0.3454163101513122,0.2688553682342502,0.03974910016912875,0.001579990964255431,FALSE,NE,64,1058.7503872757975
1,MRP4,32,0.32235641001618903,0.29039340164318056,0.35254289288278107,0.3879310344827586,-0.06557462446656959,0.004300031373931626,FALSE,NV,74,1123.3857122694822
1,MRP4,33,0.2962243442093627,0.26813916450428665,0.3274872535027451,0.3114874815905744,-0.015263137381211656,2.329633627177406e-4,TRUE,NH,75,1298.550526541381
1,MRP4,34,0.33395115516546675,0.3084925176218389,0.37409193750495373,0.3675276752767528,-0.033576520111286035,0.0011273827027835955,TRUE,NJ,103,1455.332120930462
1,MRP4,35,0.3374419319660841,0.30778360046505543,0.37752800633364064,0.3167062549485352,0.02073567701754886,4.2996830137610395e-4,TRUE,NM,78,1316.1536655794296
1,MRP4,36,0.32488090585318896,0.2931397128041354,0.357252047000665,0.34244946492271106,-0.017568559069522094,3.0865426777928703e-4,TRUE,NY,123,1661.0998210098694
1,MRP4,37,0.33478817063628863,0.30361097731310127,0.36816334051402233,0.30879199428162973,0.025996176354658895,6.758011850625262e-4,TRUE,NC,104,1475.7593188758162
1,MRP4,38,0.3061369377207732,0.2765604040050888,0.33978626873854084,0.3009079118028534,0.005229025917919794,2.7342712050276943e-5,TRUE,ND,49,871.8795877549137
1,MRP4,39,0.3184068608077262,0.28851231018578394,0.3507973423394273,0.3185703185703186,-1.6345776259241163e-4,2.6718440151717202e-8,TRUE,OH,96,1294.45871502274
1,MRP4,40,0.3268208499163056,0.2913998692202735,0.35555062372437995,0.28644240570846075,0.040378444207844866,0.0016304187566460405,FALSE,OK,71,1050.8391264739776
1,MRP4,41,0.29547790120492956,0.2596942629849278,0.3215676528472652,0.3165644171779141,-0.021086515972984554,4.446411558789327e-4,TRUE,OR,109,1655.2815414622523
1,MRP4,42,0.31371163891619935,0.28714060940516756,0.3476155779890757,0.3404605263157895,-0.026748887399590138,7.155029771159521e-4,TRUE,PA,147,2060.867817206735
1,MRP4,44,0.3106559975050304,0.2797534484034542,0.33746661149513885,0.3433667781493868,-0.032710780644356396,0.001069995170363201,FALSE,RI,69,1147.063741686034
1,MRP4,45,0.32075989282773926,0.28949673317513325,0.35426119875511636,0.31290849673202614,0.007851396095713115,6.164442065177914e-5,TRUE,SC,83,1207.7645355569744
1,MRP4,46,0.29701875112802895,0.2637393945752416,0.3259365084379862,0.2953846153846154,0.001634135743413534,2.6703996279017033e-6,TRUE,SD,48,779.385662893915
1,MRP4,47,0.31895616717236164,0.2861905254800523,0.3522000635159486,0.327212020033389,-0.008255852861027368,6.815910646293379e-5,TRUE,TN,77,1095.303162303359
1,MRP4,48,0.34160386457216385,0.30624793880576234,0.3685109338171933,0.33565823888404533,0.0059456256881185165,3.535046482321478e-5,TRUE,TX,223,3133.6720041483063
1,MRP4,49,0.3084263801232506,0.2754983938195162,0.3369655691955647,0.2304,0.07802638012325058,0.0060881159951379936,FALSE,UT,107,1717.1532008630898
1,MRP4,50,0.28904571789214784,0.2591077738412382,0.3171597790618078,0.33587786259541985,-0.046832144703272016,0.0021932497775082093,FALSE,VT,55,1004.7792704029811
1,MRP4,51,0.3200895968131284,0.28385356199455863,0.34818647822009374,0.2716180371352785,0.048471559677849885,0.002349492097603363,FALSE,VA,129,1866.511363597658
1,MRP4,53,0.31242942802345863,0.2872248799695146,0.34370920228745383,0.32831683168316833,-0.015887403659709698,2.524095950465571e-4,TRUE,WA,186,2817.7484332429945
1,MRP4,54,0.3001578640173169,0.26823954863898597,0.3328340719033777,0.27807486631016043,0.022082997707156493,4.8765878773427893e-4,TRUE,WV,63,998.6958248566079
1,MRP4,55,0.30128267512353535,0.27016003261072075,0.3312523138433894,0.3069958847736626,-0.005713209650127227,3.2640764506306866e-5,TRUE,WI,82,1173.8443741165736
1,MRP4,56,0.29606981752234196,0.2674393763243165,0.3258286655553288,0.2782152230971129,0.017854594425229076,3.187865420894212e-4,TRUE,WY,39,683.0910284061732
2,MRP4,01,0.33265760147421436,0.264938864345861,0.40545197888886425,0.3007135575942915,0.031944043879922834,0.0010204219394024355,TRUE,AL,68,995.649971249108
2,MRP4,04,0.2605683850764534,0.19927094801320988,0.31927063503001024,0.28578919769271105,-0.025220812616257637,6.360893890243804e-4,TRUE,AZ,117,1707.5329427312176
2,MRP4,05,0.29811673852185244,0.22446465022466125,0.37302552241033227,0.2849035187287174,0.013213219793135056,1.74589177301696e-4,TRUE,AR,51,752.3928399104523
2,MRP4,06,0.36133885162405227,0.314693584880692,0.4068081498326862,0.3766891891891892,-0.015350337565136929,2.3563286336365395e-4,TRUE,CA,322,4618.918979154124
2,MRP4,08,0.2768660331837753,0.21596142120739045,0.3347991334468738,0.2865264354747015,-0.00966040229092624,9.332337242253294e-5,TRUE,CO,107,1594.28481305953
2,MRP4,09,0.33321683139675373,0.26577041003726787,0.40741162813805903,0.3638113570741097,-0.030594525677355988,9.360250014223949e-4,TRUE,CT,73,1089.9604668439538
2,MRP4,10,0.2881071651644516,0.22640019622820098,0.3533198964073622,0.3221957040572792,-0.03408853889282759,0.0011620284838478193,TRUE,DE,75,1342.246549895721
2,MRP4,11,0.303633947240075,0.22923117411515592,0.3729550780926173,0.2659758203799655,0.0376581268601095,0.0014181345186121005,TRUE,DC,67,1217.2012862533363
2,MRP4,12,0.30720968607009264,0.25792786195841777,0.3579313920836646,0.35494880546075086,-0.047739119390658225,0.00227902352019552,TRUE,FL,203,2787.6546501178927
2,MRP4,13,0.3182625632391394,0.2634229207235733,0.3844793425906769,0.3376770538243626,-0.01941449058522321,3.7692244468372064e-4,TRUE,GA,141,1992.9478904583598
2,MRP4,16,0.33683985013436724,0.2734992497851582,0.40764315681204566,0.27474747474747474,0.062092375386892495,0.003855463081186773,TRUE,ID,87,1503.0521521111687
2,MRP4,17,0.33149476962185614,0.2735865968048708,0.40059221714758836,0.3270967741935484,0.004397995428307766,1.934236378741601e-5,TRUE,IL,122,1681.3263455665522
2,MRP4,18,0.3111059686050361,0.24854279114566985,0.3814117091404915,0.3194805194805195,-0.008374550875483389,7.013310236605959e-5,TRUE,IN,95,1342.3040595173163
2,MRP4,19,0.3279874082501753,0.25994871211648257,0.40564273511351684,0.28534031413612565,0.042647094114049655,0.0018187746363726087,TRUE,IA,64,976.581360043162
2,MRP4,20,0.3083991549652584,0.24300717401730373,0.37821104420744,0.2644787644787645,0.04392039048649388,0.0019290007004861018,TRUE,KS,80,1209.0909967902996
2,MRP4,21,0.34868865928065307,0.2831742845706542,0.42376813274610003,0.3541300527240773,-0.005441393443424258,2.9608762606140507e-5,TRUE,KY,77,1162.4805016068271
2,MRP4,22,0.39077083036758703,0.3179563598806524,0.4683543662568811,0.40809248554913297,-0.017321655181545936,3.000397382283772e-4,TRUE,LA,65,963.835081439526
2,MRP4,23,0.2932564952597703,0.2301546988069119,0.36707096104055736,0.2982456140350877,-0.0049891187753173805,2.4891306154224398e-5,TRUE,ME,72,1216.6595924292958
2,MRP4,24,0.3010905871414377,0.2414771495228094,0.36424516877941915,0.30939226519337015,-0.008301678051932437,6.891785847793675e-5,TRUE,MD,112,1608.8686247501848
2,MRP4,25,0.33315687658167736,0.2747735452131646,0.3944724696757306,0.3460096411355115,-0.012852764553834162,1.6519355667629586e-4,TRUE,MA,142,2129.0106904539043
2,MRP4,26,0.3362658032936672,0.2784310048209677,0.40429856648399487,0.40276356192425794,-0.06649775863059076,0.004421951902892308,TRUE,MI,141,2028.9713165885473
2,MRP4,27,0.2891585413111313,0.22573549461890358,0.3550035435297958,0.31893004115226337,-0.029771499841132087,8.863422027905279e-4,TRUE,MN,92,1331.1723053259425
2,MRP4,28,0.3223203465998305,0.25103751443802286,0.4003043824685825,0.33690476190476193,-0.01458441530493143,2.1270516978671815e-4,TRUE,MS,60,901.6288552540187
2,MRP4,29,0.2919428842320505,0.22793357274513662,0.3571597236274813,0.31070496083550914,-0.018762076603458633,3.5201551847404984e-4,TRUE,MO,84,1163.5511984161094
2,MRP4,30,0.27592387480786323,0.2111414413954857,0.33867104510823015,0.27586206896551724,6.180584234599662e-5,3.819962148098189e-9,TRUE,MT,64,1094.3365173467537
2,MRP4,31,0.2851806606708543,0.21480381352720504,0.3565845172845701,0.2688553682342502,0.016325292436604077,2.665151731406423e-4,TRUE,NE,75,1213.8662023201211
2,MRP4,32,0.3461095600697276,0.27976760694917707,0.4258822578937406,0.3879310344827586,-0.04182147441303102,0.0017490357220798086,TRUE,NV,64,1011.4541636402428
2,MRP4,33,0.2986814394518919,0.24054927494386186,0.3627426177693395,0.3114874815905744,-0.012806042138682472,1.6399471525771115e-4,TRUE,NH,82,1381.5362157664063
2,MRP4,34,0.39432419407689734,0.31795963257001914,0.4819318605864735,0.3675276752767528,0.026796518800144553,7.180534198065005e-4,TRUE,NJ,74,1090.5948928887703
2,MRP4,35,0.324454234808073,0.2589270882262733,0.3903254709916508,0.3167062549485352,0.00774797985953779,6.0031191903803234e-5,TRUE,NM,82,1353.131220923858
2,MRP4,36,0.3115606040242853,0.2516688644332263,0.37222777171844096,0.34244946492271106,-0.03088886089842574,9.541217276022947e-4,TRUE,NY,148,2002.0219004323005
2,MRP4,37,0.2741803272725659,0.20272613938101225,0.3456354293400555,0.30879199428162973,-0.03461166700906382,0.0011979674931463166,TRUE,NC,84,1114.8546883003255
2,MRP4,38,0.2798429309599766,0.20215409979684695,0.36424467918682296,0.3009079118028534,-0.021064980842876835,4.4373341791076803e-4,TRUE,ND,38,650.0063142938156
2,MRP4,39,0.32264588546080497,0.25132869788064477,0.39379589461836734,0.3185703185703186,0.004075566890486382,1.6610245478828835e-5,TRUE,OH,97,1326.5561670638942
2,MRP4,40,0.2769179795862418,0.20638959783027247,0.35272387363585755,0.28644240570846075,-0.009524426122218932,9.071469295760636e-5,TRUE,OK,64,899.6015317801957
2,MRP4,41,0.34069329002972704,0.28278323182678433,0.40572923328997007,0.3165644171779141,0.02412887285181292,5.822025050989546e-4,TRUE,OR,95,1492.4694642038096
2,MRP4,42,0.36176076043435107,0.2996052553007945,0.4335421363876582,0.3404605263157895,0.02130023411856158,4.5369997350553476e-4,TRUE,PA,121,1712.138409956175
2,MRP4,44,0.3353305248192543,0.26847392549080895,0.41543913659533344,0.3433667781493868,-0.008036253330132526,6.45813675860661e-5,TRUE,RI,52,906.8236073958067
2,MRP4,45,0.30968485621810576,0.24792758889843994,0.37603973248427935,0.31290849673202614,-0.0032236405139203783,1.039185816298884e-5,TRUE,SC,100,1457.8652217542647
2,MRP4,46,0.2881204014342165,0.2180522382525338,0.36102060539075415,0.2953846153846154,-0.00726421395039889,5.276880431716985e-5,TRUE,SD,38,635.0843658230615
2,MRP4,47,0.33226002327065196,0.2660644576852119,0.39759917264376593,0.327212020033389,0.005048003237262955,2.548233668341727e-5,TRUE,TN,81,1162.5165432651725
2,MRP4,48,0.32459154167656584,0.2769209730851425,0.37410854512415265,0.33565823888404533,-0.011066697207479492,1.224717870820344e-4,TRUE,TX,242,3443.2350295082006
2,MRP4,49,0.23908798861758293,0.17189626957212742,0.3011991461569303,0.2304,0.008687988617582937,7.548114621925067e-5,TRUE,UT,101,1573.0412049881527
2,MRP4,50,0.3426403579566042,0.2717394701667421,0.42790713493129406,0.33587786259541985,0.00676249536118434,4.5731343510039715e-5,TRUE,VT,50,948.9130820159605
2,MRP4,51,0.2717997365687664,0.20911594448725265,0.32991915139296624,0.2716180371352785,1.8169943348789186e-4,3.3014684129820836e-8,TRUE,VA,113,1617.2851587668797
2,MRP4,53,0.30323793221047046,0.2500254275122766,0.357343379518253,0.32831683168316833,-0.02507889947269787,6.289511987616855e-4,TRUE,WA,171,2595.21090343394
2,MRP4,54,0.2853614402171529,0.22112244875771062,0.35237217841535207,0.27807486631016043,0.007286573906992444,5.309415930206313e-5,TRUE,WV,76,1175.1942308316388
2,MRP4,55,0.30548919447420214,0.2326929704095078,0.37611867474042143,0.3069958847736626,-0.0015066902994604336,2.2701156584881713e-6,TRUE,WI,79,1133.99587264568
2,MRP4,56,0.29149558773987067,0.21705966127929974,0.37619787199213545,0.2782152230971129,0.01328036464275778,1.76368085044611e-4,TRUE,WY,40,697.6755487549432
3,MRP4,01,0.3233749971039357,0.2601959808536758,0.3797206110909126,0.3007135575942915,0.022661439509644166,5.135408406492616e-4,TRUE,AL,76,1082.361559791973
3,MRP4,04,0.3116417306819216,0.2614340064924799,0.35727402684609677,0.28578919769271105,0.02585253298921053,6.683534619582188e-4,TRUE,AZ,126,1858.176227982662
3,MRP4,05,0.31046718327252387,0.24582857442530803,0.3620749656737076,0.2849035187287174,0.025563664543806486,6.535009449082688e-4,TRUE,AR,62,924.7789729490361
3,MRP4,06,0.3076348530537346,0.26315814108471897,0.3475286793614136,0.3766891891891892,-0.06905433613545459,0.004768501339108349,FALSE,CA,318,4487.148422100378
3,MRP4,08,0.33859744183528295,0.2921701468102445,0.3999504331698071,0.2865264354747015,0.05207100636058143,0.002711389703403712,FALSE,CO,107,1641.6281863549573
3,MRP4,09,0.34429261305284903,0.2917163600376348,0.4089583391467353,0.3638113570741097,-0.019518744021260692,3.8098136816750003e-4,TRUE,CT,50,770.8399450575271
3,MRP4,10,0.3081203079648806,0.2474565568313081,0.35734679258392416,0.3221957040572792,-0.014075396092398607,1.9811677515790997e-4,TRUE,DE,61,1101.4849871378892
3,MRP4,11,0.33991250943603046,0.27492385653915263,0.38975730701350453,0.2659758203799655,0.07393668905606499,0.00546663398857324,FALSE,DC,70,1303.4355762302796
3,MRP4,12,0.32899059069431413,0.2865806606858638,0.37375428467217414,0.35494880546075086,-0.025958214766436727,6.738289138604537e-4,TRUE,FL,201,2817.0435186544155
3,MRP4,13,0.3470580490828731,0.2908189353016238,0.4020117384942622,0.3376770538243626,0.009380995258510494,8.800307204019636e-5,TRUE,GA,114,1637.0904272966088
3,MRP4,16,0.30792763886984503,0.2582290676787749,0.3575475655197578,0.27474747474747474,0.03318016412237029,0.0011009232911874287,TRUE,ID,79,1330.2835356750884
3,MRP4,17,0.36792223345624664,0.31854530568331896,0.438711863017424,0.3270967741935484,0.04082545926269826,0.0016667181240102352,TRUE,IL,113,1616.8209354039295
3,MRP4,18,0.31244443398790817,0.25517399235916144,0.3678154130819098,0.3194805194805195,-0.00703608549261131,4.9506499059335344e-5,TRUE,IN,82,1146.539578449271
3,MRP4,19,0.3006867711141539,0.24834018089994694,0.3529752925375888,0.28534031413612565,0.015346456978028222,2.355137417784711e-4,TRUE,IA,68,1012.3067251682717
3,MRP4,20,0.29153197322565244,0.22813529637809513,0.34212020183785186,0.2644787644787645,0.027053208746887936,7.31876103502694e-4,TRUE,KS,65,941.2143768147198
3,MRP4,21,0.34853786812611276,0.2955595056029948,0.4150655546354036,0.3541300527240773,-0.005592184597964567,3.1272528577712126e-5,TRUE,KY,74,1130.1597292298113
3,MRP4,22,0.3558532990446778,0.3020433754218023,0.4234368477068204,0.40809248554913297,-0.05223918650445519,0.0027289326066472536,TRUE,LA,68,981.2745355242912
3,MRP4,23,0.29264652368478605,0.23909019721582997,0.3437539539005898,0.2982456140350877,-0.00559909035030165,3.134981275084105e-5,TRUE,ME,76,1254.5115529860466
3,MRP4,24,0.36679474316061567,0.31616462621977137,0.43418674714196454,0.30939226519337015,0.05740247796724551,0.0032950444767801067,FALSE,MD,95,1436.40626173891
3,MRP4,25,0.3318951149252194,0.28716766838320584,0.3888699476115752,0.3460096411355115,-0.014114526210292133,1.992198501410236e-4,TRUE,MA,125,1876.0343533946539
3,MRP4,26,0.33072195833410184,0.28513691698873034,0.38120123718130977,0.40276356192425794,-0.0720416035901561,0.005189992647841192,FALSE,MI,150,2177.0702336058184
3,MRP4,27,0.29582934416304635,0.24505278330437175,0.34291881049046113,0.31893004115226337,-0.023100696989217018,5.336422013876202e-4,TRUE,MN,117,1699.021959182508
3,MRP4,28,0.346409059134187,0.28362475122513564,0.39998342579550256,0.33690476190476193,0.009504297229425085,9.033166582525734e-5,TRUE,MS,65,956.039240696255
3,MRP4,29,0.2983143990169336,0.23236514358909177,0.352056772921013,0.31070496083550914,-0.012390561818575563,1.5352602217994255e-4,TRUE,MO,69,959.670891954068
3,MRP4,30,0.2906480324092121,0.23402827904796128,0.33947326232576747,0.27586206896551724,0.014785963443694872,2.186247149582811e-4,TRUE,MT,56,967.8362461815135
3,MRP4,31,0.32531581171693147,0.27118409346235756,0.38923390174129585,0.2688553682342502,0.056460443482681255,0.0031877816782610443,FALSE,NE,68,1105.838915393289
3,MRP4,32,0.349023863888582,0.2983093517157683,0.4198964985016404,0.3879310344827586,-0.03890717059417664,0.0015137679236443637,TRUE,NV,72,1119.7751303419982
3,MRP4,33,0.3234167922690347,0.27507491515655125,0.38184195663671283,0.3114874815905744,0.011929310678460314,1.4230845326322728e-4,TRUE,NH,91,1584.9371317221035
3,MRP4,34,0.3643244121221102,0.3134885844913014,0.43543311508702404,0.3675276752767528,-0.0032032631546425883,1.0260894837890786e-5,TRUE,NJ,108,1543.8386723079716
3,MRP4,35,0.33714715084870817,0.2906271179701859,0.39216981595567557,0.3167062549485352,0.02044089590017295,4.1783022520170733e-4,TRUE,NM,98,1627.1349195823493
3,MRP4,36,0.328163159943792,0.27748300738416687,0.3810826495853546,0.34244946492271106,-0.014286304978919029,2.0409850995068663e-4,TRUE,NY,112,1523.0986618341274
3,MRP4,37,0.3376343214717033,0.28569507588905974,0.3915412883855571,0.30879199428162973,0.02884232719007357,8.318798377392571e-4,TRUE,NC,95,1311.4234693211438
3,MRP4,38,0.2906606923120605,0.21857738012882488,0.3451747734045216,0.3009079118028534,-0.010247219490792936,1.0500550729248664e-4,TRUE,ND,51,864.8992242106422
3,MRP4,39,0.34130429800298523,0.29033926375156305,0.4039630271455768,0.3185703185703186,0.02273397943266664,5.168338208449098e-4,TRUE,OH,83,1151.6125015539817
3,MRP4,40,0.32194322689456645,0.26371628848583933,0.37477460727704154,0.28644240570846075,0.0355008211861057,0.0012603083048878514,TRUE,OK,66,956.0397935492573
3,MRP4,41,0.316009306752093,0.26842630273001633,0.3699129975722838,0.3165644171779141,-5.551104258211259e-4,3.0814758485531173e-7,TRUE,OR,107,1646.1286805090951
3,MRP4,42,0.3244161760395979,0.2797138546433171,0.3722985233357688,0.3404605263157895,-0.01604435027619161,2.574211757851298e-4,TRUE,PA,143,2003.19948642815
3,MRP4,44,0.32033494540717966,0.25566227771588507,0.38037043931768083,0.3433667781493868,-0.02303183274220716,5.304653194650057e-4,TRUE,RI,39,660.7148759966722
3,MRP4,45,0.3335452430384281,0.2800395721453267,0.39154469923564084,0.31290849673202614,0.020636746306401943,4.2587529811479423e-4,TRUE,SC,71,1041.012531216092
3,MRP4,46,0.31290776911642026,0.2623157555116769,0.37263035809615785,0.2953846153846154,0.017523153731804852,3.070609167084663e-4,TRUE,SD,36,618.058983516861
3,MRP4,47,0.32890142218375035,0.27797349166949786,0.3858521101785952,0.327212020033389,0.001689402150361341,2.854079625645523e-6,TRUE,TN,80,1137.5746924373777
3,MRP4,48,0.3631429544423422,0.3235209058653242,0.4108704404757796,0.33565823888404533,0.027484715558296846,7.554095893204847e-4,TRUE,TX,262,3769.2755372977604
3,MRP4,49,0.29912856435463187,0.25023305210171043,0.3476554673357293,0.2304,0.06872856435463187,0.004723615558248775,FALSE,UT,119,1882.6942398841568
3,MRP4,50,0.32051993849333726,0.27265557827308257,0.383632600258445,0.33587786259541985,-0.015357924102082587,2.3586583272532924e-4,TRUE,VT,58,1092.1409630769176
3,MRP4,51,0.3263564638395504,0.2770961150429078,0.373126326811893,0.2716180371352785,0.054738426704271925,0.0029962953580589496,FALSE,VA,120,1740.6369895349294
3,MRP4,53,0.31508594957491,0.2728281873776037,0.3631103796750844,0.32831683168316833,-0.013230882108258346,1.7505624136263082e-4,TRUE,WA,194,2950.3543622280263
3,MRP4,54,0.29735556940020663,0.24026940390595733,0.3547772412161786,0.27807486631016043,0.019280703090046203,3.717455116465172e-4,TRUE,WV,56,887.6985762955791
3,MRP4,55,0.30436433216207426,0.24792921317650987,0.35836770618204467,0.3069958847736626,-0.002631552611588317,6.925069147557292e-6,TRUE,WI,92,1316.697163297052
3,MRP4,56,0.31389058209636894,0.2650040335398611,0.3735817551778714,0.2782152230971129,0.03567535899925606,0.0012727312397258002,TRUE,WY,40,707.0633057905497
4,MRP4,01,0.3316657212034897,0.2888553914599524,0.36626552237280474,0.3007135575942915,0.03095216360919817,9.580364320905714e-4,TRUE,AL,69,976.9706995971427
4,MRP4,04,0.3140394370731014,0.2838249688975604,0.3455804139960518,0.28578919769271105,0.02825023938039034,7.980760250493572e-4,TRUE,AZ,136,1976.6503733610334
4,MRP4,05,0.3203925287106488,0.2813163604371578,0.3559818757475517,0.2849035187287174,0.03548900998193144,0.0012594698294976295,TRUE,AR,69,1024.3350830388158
4,MRP4,06,0.3462167998573387,0.3196539951181283,0.38647323326027755,0.3766891891891892,-0.03047238933185048,9.285665115918749e-4,TRUE,CA,329,4771.472234193188
4,MRP4,08,0.3066565369393512,0.26297612318503477,0.33563437091849835,0.2865264354747015,0.020130101464649663,4.0522098497709053e-4,TRUE,CO,120,1774.0728873737787
4,MRP4,09,0.32290366972204565,0.2881161126631529,0.35866768737855004,0.3638113570741097,-0.04090768735206407,0.0016734388844942226,FALSE,CT,71,1050.8487960385298
4,MRP4,10,0.3177079926855602,0.28425181701334645,0.351024950136571,0.3221957040572792,-0.004487711371718994,2.0139553355855977e-5,TRUE,DE,82,1492.4380984598408
4,MRP4,11,0.34333546085154487,0.3052281177491275,0.3794545680593962,0.2659758203799655,0.0773596404715794,0.005984513973892025,FALSE,DC,55,1020.9806293819595
4,MRP4,12,0.32127373005985477,0.2886125585270569,0.35531045239119374,0.35494880546075086,-0.03367507540089609,0.0011340107032560371,TRUE,FL,185,2568.6048184774477
4,MRP4,13,0.33653387772831317,0.3024775547380925,0.37142599304222546,0.3376770538243626,-0.0011431760960494142,1.3068515865787794e-6,TRUE,GA,131,1859.6790579061765
4,MRP4,16,0.3048469841260716,0.2617359278381849,0.3348583709232872,0.27474747474747474,0.030099509378596845,9.059804648322395e-4,TRUE,ID,78,1288.0687166073956
4,MRP4,17,0.32572237410129645,0.29430582673120403,0.36176760390914825,0.3270967741935484,-0.0013744000922519262,1.888975613582103e-6,TRUE,IL,105,1442.020280637396
4,MRP4,18,0.3175434654346883,0.2814449481925598,0.3554336010469692,0.3194805194805195,-0.0019370540458311658,3.7521783764708882e-6,TRUE,IN,79,1086.7153759561454
4,MRP4,19,0.31103954541083595,0.2785772745991853,0.34632812680551417,0.28534031413612565,0.0256992312747103,6.604504881110479e-4,TRUE,IA,83,1259.9735157707782
4,MRP4,20,0.30563387306330553,0.24727748076342043,0.3364374755130538,0.2644787644787645,0.04115510858454102,0.0016937429626053622,TRUE,KS,64,962.7327514325294
4,MRP4,21,0.3217545200334491,0.2843221552539887,0.3569200299613707,0.3541300527240773,-0.032375532690628206,0.0010481751170019356,TRUE,KY,74,1086.5667589219402
4,MRP4,22,0.33986272226043934,0.3042378041853474,0.3785288262038358,0.40809248554913297,-0.06822976328869362,0.004655300598431164,FALSE,LA,54,780.8749328399027
4,MRP4,23,0.29736505512274897,0.26549310648525526,0.3342902226855235,0.2982456140350877,-8.805589123387358e-4,7.753839980991775e-7,TRUE,ME,73,1231.9278628735347
4,MRP4,24,0.3321501668452689,0.2967007187790917,0.3658955111083931,0.30939226519337015,0.022757901651898726,5.179220875974948e-4,TRUE,MD,120,1800.9743811577357
4,MRP4,25,0.31999646807861926,0.29175642979701577,0.3620891221216778,0.3460096411355115,-0.02601317305689227,6.766851724878259e-4,TRUE,MA,113,1729.2216600035297
4,MRP4,26,0.3227184869051734,0.2930064017309898,0.3608572621726768,0.40276356192425794,-0.08004507501908453,0.006407214034810871,FALSE,MI,128,1845.2400847755168
4,MRP4,27,0.30653225933813416,0.2756630450631899,0.3383239668366559,0.31893004115226337,-0.012397781814129205,1.5370499391075283e-4,TRUE,MN,90,1336.7693695261235
4,MRP4,28,0.3337750555577475,0.2856631411150212,0.3677211955434165,0.33690476190476193,-0.003129706347014427,9.79506181854239e-6,TRUE,MS,65,969.758276584829
4,MRP4,29,0.32819844543579296,0.2950181926968938,0.3758821536971794,0.31070496083550914,0.017493484600283826,3.060220034603674e-4,TRUE,MO,77,1124.3374441005867
4,MRP4,30,0.3117779544965339,0.28370824733992844,0.35288007402248656,0.27586206896551724,0.035915885531016656,0.0012899508334770916,FALSE,MT,62,1102.7906874497696
4,MRP4,31,0.3107481286658287,0.26686585206222363,0.3444199206964011,0.2688553682342502,0.04189276043157847,0.0017550033765776265,TRUE,NE,81,1285.068749446911
4,MRP4,32,0.32321221087982915,0.29079179552795015,0.3617764971949195,0.3879310344827586,-0.064718823602929465,0.0041885261285471,FALSE,NV,73,1126.499739325239
4,MRP4,33,0.3081365864865514,0.2786541324245668,0.3470116492242279,0.3114874815905744,-0.0033508951040229773,1.122849799816516e-5,TRUE,NH,86,1509.1002274970504
4,MRP4,34,0.32528094840745664,0.28705725642052954,0.35609694035338924,0.3675276752767528,-0.04224672686929615,0.001784785931168909,FALSE,NJ,107,1492.11409575083
4,MRP4,35,0.3115578834759719,0.2583822607563448,0.3456270404744027,0.3167062549485352,-0.005148371472563307,2.650572881950367e-5,TRUE,NM,74,1173.5931987850984
4,MRP4,36,0.32808664100757484,0.2921147515873383,0.3685165284930235,0.34244946492271106,-0.014362823915136214,2.0629071081720876e-4,TRUE,NY,127,1688.502929961134
4,MRP4,37,0.3283879084338636,0.2882683005280823,0.36071531545242796,0.30879199428162973,0.019595914152233884,3.8399985146172024e-4,TRUE,NC,93,1288.8705659831119
4,MRP4,38,0.30456829065789975,0.2561042108959692,0.3350135087561754,0.3009079118028534,0.003660378855046331,1.339837336247029e-5,TRUE,ND,53,888.0240021789203
4,MRP4,39,0.32223243159582565,0.2874532028492564,0.3598566023827761,0.3185703185703186,0.0036621130255070633,1.3411071811588496e-5,TRUE,OH,89,1233.9558835089917
4,MRP4,40,0.33411756145913973,0.29934242896995694,0.36767943376024154,0.28644240570846075,0.04767515575067899,0.0022729204758514996,FALSE,OK,73,1070.788266702454
4,MRP4,41,0.30935352069907845,0.2783965034463431,0.34305139677115015,0.3165644171779141,-0.00721089647883566,5.199702802848452e-5,TRUE,OR,109,1670.573282785925
4,MRP4,42,0.3223770123399974,0.29378791013091626,0.36365941730353746,0.3404605263157895,-0.01808351397579211,3.2701347771266854e-4,TRUE,PA,126,1777.9600416642022
4,MRP4,44,0.3213755164849986,0.28684304106803143,0.36500298322711017,0.3433667781493868,-0.021991261664388195,4.8361558959158986e-4,TRUE,RI,51,856.4122702822658
4,MRP4,45,0.31365081439973935,0.2750922995656438,0.34504265706039455,0.31290849673202614,7.423176677132104e-4,5.510355197991802e-7,TRUE,SC,82,1179.3920125264353
4,MRP4,46,0.30845952306029223,0.27326096315895854,0.34653405878688087,0.2953846153846154,0.013074907675676817,1.7095321072747253e-4,TRUE,SD,35,595.9481543359432
4,MRP4,47,0.32122119623532447,0.2848034685032651,0.35298473545450176,0.327212020033389,-0.005990823798064537,3.588996977945641e-5,TRUE,TN,94,1337.796300753815
4,MRP4,48,0.3415687315296635,0.3075688787634865,0.37380886347346515,0.33565823888404533,0.0059104926456181595,3.493392331390635e-5,TRUE,TX,250,3505.69868187267
4,MRP4,49,0.3148016330790345,0.2746895672632561,0.3472915236743445,0.2304,0.08440163307903453,0.007123635666407976,FALSE,UT,107,1710.0564635339383
4,MRP4,50,0.29561716414532013,0.2612648234194067,0.33014883760816693,0.33587786259541985,-0.04026069845009972,0.001620923839689862,FALSE,VT,67,1214.7399322796048
4,MRP4,51,0.3244616881580478,0.29008142158943806,0.3591622857610922,0.2716180371352785,0.052843651022769333,0.0027924514534162304,FALSE,VA,113,1661.318517969816
4,MRP4,53,0.31500095002162265,0.28158588331657286,0.34466821879509196,0.32831683168316833,-0.013315881661545681,1.7731270442428857e-4,TRUE,WA,177,2697.0800914078163
4,MRP4,54,0.31436906574864765,0.27980208057493205,0.35619567617610404,0.27807486631016043,0.03629419943848722,0.0013172689128806859,FALSE,WV,52,854.4894613648985
4,MRP4,55,0.3077889965985198,0.2730859479705058,0.3399717102421988,0.3069958847736626,7.931118248572511e-4,6.290263667283989e-7,TRUE,WI,72,1028.5111329101505
4,MRP4,56,0.3091134442405719,0.2741968589321966,0.35250061126914434,0.2782152230971129,0.030898221143459026,9.547000698300984e-4,TRUE,WY,45,819.7579516975666
5,MRP4,01,0.3186941177536259,0.25541376088569745,0.3866308072236915,0.3007135575942915,0.017980560159334358,3.23300543643442e-4,TRUE,AL,80,1125.1192440401585
5,MRP4,04,0.3296709480564624,0.2753032548900652,0.3904141253515433,0.28578919769271105,0.04388175036375136,0.0019256080149865926,TRUE,AZ,129,1927.893943101682
5,MRP4,05,0.30527490866993423,0.23900772540215365,0.3741384286221834,0.2849035187287174,0.020371389941216844,4.149935281371108e-4,TRUE,AR,59,878.4891511406599
5,MRP4,06,0.32659957445092525,0.2805407019966836,0.36980055116996713,0.3766891891891892,-0.050089614738263954,0.0025089695046277096,FALSE,CA,315,4478.7280681825905
5,MRP4,08,0.3124878156728791,0.2629153678372596,0.36517469023532556,0.2865264354747015,0.025961380198177564,6.739932617943261e-4,TRUE,CO,135,2014.8077720869792
5,MRP4,09,0.3070219642673052,0.24140669338085127,0.375020271183178,0.3638113570741097,-0.056789392806804506,0.0032250351353655393,TRUE,CT,58,857.3119010359043
5,MRP4,10,0.29255587901130614,0.2313436646541376,0.35136345701808475,0.3221957040572792,-0.029639825045973067,8.785192287558923e-4,TRUE,DE,68,1214.0505363464504
5,MRP4,11,0.30868565386354047,0.24016536586789403,0.3685486640154143,0.2659758203799655,0.04270983348357499,0.0018241298761947032,TRUE,DC,57,1045.1848530216457
5,MRP4,12,0.34262283648564085,0.2921893730455256,0.3946982085396627,0.35494880546075086,-0.012325968975110013,1.519295111753746e-4,TRUE,FL,202,2856.946792690901
5,MRP4,13,0.3186522807948207,0.2619498936851301,0.37390731944741457,0.3376770538243626,-0.019024773029541864,3.619419888255835e-4,TRUE,GA,106,1481.4197911340787
5,MRP4,16,0.2941122914636265,0.24012546431748505,0.3553666824934542,0.27474747474747474,0.019364816716151756,3.749961264501505e-4,TRUE,ID,93,1556.72034743296
5,MRP4,17,0.3311711712566887,0.2749043453556445,0.3976810951195726,0.3270967741935484,0.004074397063140334,1.6600711428126578e-5,TRUE,IL,116,1628.205591773329
5,MRP4,18,0.27421341687005557,0.21067745239275504,0.33409241277301294,0.3194805194805195,-0.045267102610463905,0.002049110578746268,TRUE,IN,85,1169.125016503987
5,MRP4,19,0.28400138696842525,0.22239432825085498,0.34389480649523213,0.28534031413612565,-0.0013389271677003989,1.7927259604062122e-6,TRUE,IA,82,1238.5519026280942
5,MRP4,20,0.28488251958028765,0.22411741872438384,0.34927498135702023,0.2644787644787645,0.020403755101523147,4.163132222429318e-4,TRUE,KS,89,1326.7666064913224
5,MRP4,21,0.3263652117278945,0.26684854399020264,0.3946917726612781,0.3541300527240773,-0.027764840996182816,7.70886395543314e-4,TRUE,KY,73,1058.7311704671058
5,MRP4,22,0.39470248095988386,0.3203306212594524,0.49202956247293655,0.40809248554913297,-0.013390004589249105,1.7929222290011208e-4,TRUE,LA,53,778.8777585184718
5,MRP4,23,0.30185428056798785,0.24007908356744218,0.37511604386492164,0.2982456140350877,0.003608666532900151,1.3022474145673597e-5,TRUE,ME,56,926.7500529473978
5,MRP4,24,0.3532573642503181,0.29844639312827276,0.4155567344610376,0.30939226519337015,0.043865099056947965,0.0019241469152758573,TRUE,MD,123,1849.5298534029519
5,MRP4,25,0.3160697866629933,0.26221262799793094,0.37848624896520344,0.3460096411355115,-0.029939854472518235,8.963948858355702e-4,TRUE,MA,131,1925.973571594856
5,MRP4,26,0.3607996479102119,0.305399292348012,0.4288156523964306,0.40276356192425794,-0.04196391401404603,0.0017609700793782491,TRUE,MI,142,2052.235799543366
5,MRP4,27,0.3183389650785757,0.2636820199103196,0.3807064048337287,0.31893004115226337,-5.910760736876908e-4,3.4937092488605647e-7,TRUE,MN,99,1444.4568238673526
5,MRP4,28,0.3559290745218592,0.28779877521350755,0.4320333741187644,0.33690476190476193,0.01902431261709725,3.619244705530456e-4,TRUE,MS,52,800.9193776654423
5,MRP4,29,0.2917048133290316,0.2342056749773193,0.3502245671208749,0.31070496083550914,-0.01900014750647755,3.6100560526790504e-4,TRUE,MO,93,1333.4247284227974
5,MRP4,30,0.2799794213698854,0.2253267965089901,0.33814050321927075,0.27586206896551724,0.004117352404368169,1.695259082175634e-5,TRUE,MT,77,1333.697822127363
5,MRP4,31,0.3102902727459282,0.25202911259857996,0.3766950454897432,0.2688553682342502,0.04143490451167797,0.0017168513118918716,TRUE,NE,71,1156.05375357637
5,MRP4,32,0.33870616882224475,0.2811281983609144,0.4091286690513903,0.3879310344827586,-0.04922486566051387,0.0024230873992956378,TRUE,NV,70,1121.167475145084
5,MRP4,33,0.3249697699240828,0.2681627216199427,0.38960549876065387,0.3114874815905744,0.013482288333508397,1.817720987078566e-4,TRUE,NH,76,1332.705856968281
5,MRP4,34,0.3136949146471769,0.2556597146341313,0.37659467494271415,0.3675276752767528,-0.05383276062957587,0.002897966117001214,TRUE,NJ,83,1144.4281207722709
5,MRP4,35,0.3418683896507918,0.2817314151121544,0.4124094062511649,0.3167062549485352,0.02516213470225659,6.331330227745053e-4,TRUE,NM,72,1217.4055473642768
5,MRP4,36,0.2884051805429101,0.22724017883456843,0.3464055033883073,0.34244946492271106,-0.054044284379800966,0.0029207846741247986,TRUE,NY,121,1577.398576319573
5,MRP4,37,0.33537995870641935,0.2740745078260441,0.40762690865852597,0.30879199428162973,0.026587964424789612,7.06919852253878e-4,TRUE,NC,84,1160.2880919885886
5,MRP4,38,0.3128618187133864,0.2431886421793331,0.39379806948345075,0.3009079118028534,0.011953906910532996,1.4289589042568854e-4,TRUE,ND,40,696.6302600693929
5,MRP4,39,0.3659659605453725,0.30677169284713957,0.4450182375521679,0.3185703185703186,0.047395641975053915,0.0022463468782274927,TRUE,OH,84,1196.1827917469925
5,MRP4,40,0.3042783076804044,0.23665506508300568,0.3695471178394549,0.28644240570846075,0.01783590197194368,0.00031811939915278445,TRUE,OK,74,1074.747047145753
5,MRP4,41,0.32274984426639786,0.26610601159007363,0.3947644279213032,0.3165644171779141,0.0061854270884837415,3.8259508266948454e-5,TRUE,OR,96,1490.1346376190693
5,MRP4,42,0.3082311607883693,0.2525501812011874,0.3645126562162664,0.3404605263157895,-0.03222936552742017,0.0010387320023000598,TRUE,PA,127,1796.18298950704
5,MRP4,44,0.3225285471023128,0.2644994601803653,0.3894416677480178,0.3433667781493868,-0.020838231047073996,4.3423187317123864e-4,TRUE,RI,51,860.0221841072745
5,MRP4,45,0.3252031380117888,0.26564891380278793,0.3888897777961872,0.31290849673202614,0.012294641279762653,1.5115820419804384e-4,TRUE,SC,70,1038.3782383588712
5,MRP4,46,0.27754295490431974,0.21102845539710266,0.34104822408369506,0.2953846153846154,-0.017841660480295674,3.1832484869414446e-4,TRUE,SD,37,595.071373322596
5,MRP4,47,0.31466161819843225,0.25714405187666095,0.37632455052568264,0.327212020033389,-0.01255040183495676,1.57512586218886e-4,TRUE,TN,95,1349.228840919637
5,MRP4,48,0.34192681564440913,0.29400597578802773,0.3887850299201798,0.33565823888404533,0.006268576760363798,3.929505460057308e-5,TRUE,TX,235,3371.4862613305704
5,MRP4,49,0.2565793710318721,0.202283802111185,0.31265981948669375,0.2304,0.026179371031872123,6.853594676244253e-4,TRUE,UT,124,1979.1707796713945
5,MRP4,50,0.2902230117586026,0.23098760427387363,0.3535771194595561,0.33587786259541985,-0.04565485083681725,0.0020843654049320327,TRUE,VT,55,1013.5540860857272
5,MRP4,51,0.2776692028800804,0.22095583901043467,0.3326131327107708,0.2716180371352785,0.006051165744801912,3.661660687106408e-5,TRUE,VA,123,1771.0288401733974
5,MRP4,53,0.28187720183855086,0.2297984582909452,0.3290508674148725,0.32831683168316833,-0.04643962984461747,0.0021566392201050858,TRUE,WA,184,2769.296623630786
5,MRP4,54,0.3013963096842406,0.23826976560289806,0.36669575224632545,0.27807486631016043,0.023321443374080153,5.43889721050427e-4,TRUE,WV,66,1052.3844641403825
5,MRP4,55,0.28334723311428756,0.22148588448768136,0.3449426105007579,0.3069958847736626,-0.02364865165937502,5.592587253064609e-4,TRUE,WI,88,1249.28663067647
5,MRP4,56,0.3131732579443107,0.2521410134812592,0.38584873225580546,0.2782152230971129,0.03495803484719784,0.0012220642003778984,TRUE,WY,49,912.0473152974934
6,MRP4,01,0.291471313137652,0.22057422915794173,0.3559311870380532,0.3007135575942915,-0.009242244456639515,8.541908259628383e-5,TRUE,AL,67,937.333459343739
6,MRP4,04,0.31469962974588,0.2550511882887871,0.37148472776605423,0.28578919769271105,0.028910432053168955,8.358130815008989e-4,TRUE,AZ,120,1763.8218276051546
6,MRP4,05,0.33017859363477414,0.25916149170294117,0.40314869845655976,0.2849035187287174,0.045275074906056756,0.0020498324077490504,TRUE,AR,45,684.8167851115346
6,MRP4,06,0.3506188144671228,0.3070321975070137,0.39491764642332006,0.3766891891891892,-0.026070374722066414,6.796644381489595e-4,TRUE,CA,328,4689.220303596519
6,MRP4,08,0.31176135951604134,0.25364603213523434,0.36824341506949515,0.2865264354747015,0.025234924041339812,6.368013913721901e-4,TRUE,CO,106,1593.2904651948256
6,MRP4,09,0.35422243706132167,0.29159304603497727,0.42474253813557084,0.3638113570741097,-0.00958892001278805,9.194738701164715e-5,TRUE,CT,73,1096.5045310535304
6,MRP4,10,0.34416684405405656,0.28411792594786994,0.41456121993130285,0.3221957040572792,0.021971139996777356,4.8273099275798965e-4,TRUE,DE,77,1394.343151867968
6,MRP4,11,0.3108270445810625,0.23873453848945206,0.3792241679503567,0.2659758203799655,0.044851224201096995,0.0020116323123370687,TRUE,DC,53,1014.5708195778158
6,MRP4,12,0.3446551681548107,0.29478635731755376,0.39943594294458296,0.35494880546075086,-0.010293637305940184,1.0595896898624349e-4,TRUE,FL,189,2686.9379026590514
6,MRP4,13,0.34479026230796833,0.28590480876489704,0.4095895384111074,0.3376770538243626,0.0071132084836057485,5.0597734931240794e-5,TRUE,GA,134,1903.2674939411254
6,MRP4,16,0.3098980468242522,0.24611942677575316,0.3674847167378033,0.27474747474747474,0.035150572076777464,0.0012355627173247276,TRUE,ID,77,1307.8878938514251
6,MRP4,17,0.35096796732500946,0.2924905986506323,0.4137413910124083,0.3270967741935484,0.023871193131461077,5.698338615195145e-4,TRUE,IL,119,1665.9054661319935
6,MRP4,18,0.33395504450108177,0.27469278245327233,0.40288922297192387,0.3194805194805195,0.01447452502056229,2.0951187457088377e-4,TRUE,IN,89,1269.9169464007598
6,MRP4,19,0.3059257416524524,0.2374980939241293,0.36702454640891313,0.28534031413612565,0.02058542751632675,4.237598260299424e-4,TRUE,IA,66,990.8485899860362
6,MRP4,20,0.2982105077917238,0.2301021429421832,0.36005542315051803,0.2644787644787645,0.033731743312959306,0.0011378305069313747,TRUE,KS,67,1007.176826113528
6,MRP4,21,0.34977036302756986,0.2841203780202637,0.42225006167103774,0.3541300527240773,-0.004359689696507463,1.9006894249833333e-5,TRUE,KY,74,1100.4408035545262
6,MRP4,22,0.4010546013610006,0.3300056195375146,0.4881675845922764,0.40809248554913297,-0.007037884188132393,4.953181384556395e-5,TRUE,LA,51,756.4091090939796
6,MRP4,23,0.3545251069747419,0.28962054692338157,0.429826666012155,0.2982456140350877,0.056279492939654174,0.003167381325544584,TRUE,ME,70,1209.3004676848766
6,MRP4,24,0.31769236280355384,0.2611331230768123,0.3756366852629015,0.30939226519337015,0.008300097610183688,6.889162033857696e-5,TRUE,MD,119,1723.5669218400326
6,MRP4,25,0.3358239555654795,0.2816927797761467,0.3931279842621608,0.3460096411355115,-0.010185685570032021,1.0374819053155854e-4,TRUE,MA,128,1906.0052483469522
6,MRP4,26,0.37607856195287526,0.3204561212307667,0.44599047575943523,0.40276356192425794,-0.026684999971382684,7.120892234726939e-4,TRUE,MI,136,1970.4005996435951
6,MRP4,27,0.3374855530843147,0.279147660544782,0.4037761798978901,0.31893004115226337,0.01855551193205135,3.443070230605e-4,TRUE,MN,100,1488.6024507406762
6,MRP4,28,0.3415460531878715,0.27466029655721835,0.408058348743471,0.33690476190476193,0.004641291283109583,2.1541584774669e-5,TRUE,MS,61,917.1117578350652
6,MRP4,29,0.33882534625037153,0.2756724528044146,0.40847941239104546,0.31070496083550914,0.028120385414862392,7.907560758804056e-4,TRUE,MO,79,1140.1195487675132
6,MRP4,30,0.3262410947604877,0.2634108560694071,0.39725386397146895,0.27586206896551724,0.050379025794970445,0.0025380462400502973,TRUE,MT,59,1049.4041308959424
6,MRP4,31,0.27939973290612613,0.21142250283366057,0.339773634271581,0.2688553682342502,0.010544364671875917,1.111836263335049e-4,TRUE,NE,75,1171.5284744567382
6,MRP4,32,0.3744807822855643,0.31456004199580273,0.45052163112509247,0.3879310344827586,-0.013450252197194312,1.8090928416813042e-4,TRUE,NV,65,1033.5219919353556
6,MRP4,33,0.29349224118433087,0.23466629061790112,0.34980394524615405,0.3114874815905744,-0.017995240406243507,3.23828677278499e-4,TRUE,NH,81,1399.892022849054
6,MRP4,34,0.35082317810085845,0.28743275264773516,0.42026473418890065,0.3675276752767528,-0.01670449717589434,2.7904022589946194e-4,TRUE,NJ,85,1163.5619712463433
6,MRP4,35,0.3730904420872617,0.3160185746155688,0.4420387205700649,0.3167062549485352,0.056384187138726505,0.0031791765592949313,TRUE,NM,85,1445.885880275946
6,MRP4,36,0.37388230166859926,0.31641958997238506,0.44091172853306637,0.34244946492271106,0.031432836745888204,9.880232258936597e-4,TRUE,NY,136,1905.8350288688384
6,MRP4,37,0.3611441909576787,0.29983849330788487,0.42849294740449695,0.30879199428162973,0.05235219667604896,0.0027407524968077112,TRUE,NC,107,1513.5764132694576
6,MRP4,38,0.3178696008635464,0.257066558808986,0.3843467105955687,0.3009079118028534,0.016961689060692953,2.87698895791631e-4,TRUE,ND,50,880.4149093552571
6,MRP4,39,0.3229492629268238,0.2587706615984497,0.3899449070691614,0.3185703185703186,0.00437894435650521,1.9175153677368826e-5,TRUE,OH,101,1375.2151595489279
6,MRP4,40,0.3603584212024877,0.2968049234602961,0.4344906482947389,0.28644240570846075,0.07391601549402693,0.005463577346513229,FALSE,OK,67,984.9277094084468
6,MRP4,41,0.34560319915805393,0.2856572607250468,0.4215278760853152,0.3165644171779141,0.029038781980139816,8.432508588900929e-4,TRUE,OR,96,1484.052019467389
6,MRP4,42,0.33795783814895475,0.2849442522420035,0.3973224572226989,0.3404605263157895,-0.0025026881668347434,6.263448060414648e-6,TRUE,PA,136,1908.2565168012234
6,MRP4,44,0.3109380644315048,0.2499019397014427,0.3725999249973197,0.3433667781493868,-0.03242871371788203,0.00105162147339635,TRUE,RI,59,1014.0394343175801
6,MRP4,45,0.3390287139701342,0.2797927937061525,0.4032464708343383,0.31290849673202614,0.026120217238108034,6.822657485659561e-4,TRUE,SC,87,1269.4430710168895
6,MRP4,46,0.28187504089809995,0.20629952647859484,0.3507659893650717,0.2953846153846154,-0.013509574486515463,1.8250860280670953e-4,TRUE,SD,39,634.1985364746831
6,MRP4,47,0.2988955725080774,0.2313334795678612,0.361215390565761,0.327212020033389,-0.028316447525311594,8.018212004537251e-4,TRUE,TN,78,1083.5084424089605
6,MRP4,48,0.32406043453139105,0.27453471813821606,0.373645963360476,0.33565823888404533,-0.011597804352654284,1.3450906580244666e-4,TRUE,TX,249,3497.597832036657
6,MRP4,49,0.310470165091979,0.2583521609779009,0.36199352526033374,0.2304,0.080070165091979,0.006411231337856774,FALSE,UT,130,2118.5008763575215
6,MRP4,50,0.2979114861880145,0.23432927426516065,0.36458990549759457,0.33587786259541985,-0.037966376407405356,0.001441445737508786,TRUE,VT,55,996.4100798300051
6,MRP4,51,0.2791473901455486,0.2165444392369573,0.3368324505452631,0.2716180371352785,0.0075293530102701345,5.669115675326394e-5,TRUE,VA,137,1986.951280502886
6,MRP4,53,0.34709568750472214,0.29543314105789803,0.4050016775653634,0.32831683168316833,0.018778855821553808,3.5264542596670533e-4,TRUE,WA,169,2583.003822529
6,MRP4,54,0.32497258873798307,0.2620784149693623,0.3966078748491799,0.27807486631016043,0.04689772242782264,0.002199396368917099,TRUE,WV,58,948.829947996332
6,MRP4,55,0.3200070155519254,0.25835327597985014,0.3911427989334091,0.3069958847736626,0.013011130778262825,1.6928952412905817e-4,TRUE,WI,71,1015.5508245911288
6,MRP4,56,0.3053665640969481,0.23655519138581638,0.37277584880842163,0.2782152230971129,0.02715134099983524,7.37195318089334e-4,TRUE,WY,45,788.2357982172359
7,MRP4,01,0.334484142260597,0.2634909292006041,0.4099617649628952,0.3007135575942915,0.03377058466630545,0.0011404523887041046,TRUE,AL,72,1025.2933063297826
7,MRP4,04,0.3149967017484424,0.2553917486738389,0.3772607443063005,0.28578919769271105,0.02920750405573136,8.530782931655638e-4,TRUE,AZ,135,1976.2525840936278
7,MRP4,05,0.29782239527489424,0.2233285763248137,0.3718003029004462,0.2849035187287174,0.01291887654617685,1.6689737121535828e-4,TRUE,AR,55,827.7475565579368
7,MRP4,06,0.38424104836513634,0.33524168650194924,0.4351616719177022,0.3766891891891892,0.00755185917594714,5.7030577013337014e-5,TRUE,CA,304,4392.6310925878015
7,MRP4,08,0.2548563272623817,0.19953527392252962,0.31573422763085207,0.2865264354747015,-0.0316701082123198,0.0010029957541800461,TRUE,CO,144,2102.1781069371154
7,MRP4,09,0.3823701288432855,0.3118989658752241,0.46049139524703164,0.3638113570741097,0.018558771769175753,3.444280095803549e-4,TRUE,CT,77,1171.4478202916791
7,MRP4,10,0.28638122453288545,0.22306564506054963,0.3552845039366504,0.3221957040572792,-0.03581447952439376,0.00128267694360322,TRUE,DE,73,1291.8533401048817
7,MRP4,11,0.28455018042945396,0.2098706212245325,0.3521446856271506,0.2659758203799655,0.01857436004948848,3.4500685124803373e-4,TRUE,DC,52,962.0100070573061
7,MRP4,12,0.35602666866323124,0.302561585404318,0.4153202803855124,0.35494880546075086,0.001077863202480378,1.1617890832612564e-6,TRUE,FL,198,2795.0063282430087
7,MRP4,13,0.30583742956328064,0.24018635916573072,0.37227000315312186,0.3376770538243626,-0.031839624261081945,0.001013761673086878,TRUE,GA,121,1689.7432264383867
7,MRP4,16,0.2639533935301548,0.1989597077455048,0.32160314280896873,0.27474747474747474,-0.01079408121731995,1.1651218932609935e-4,TRUE,ID,89,1493.888274019667
7,MRP4,17,0.3282357944968747,0.2680185055356127,0.3945136940254877,0.3270967741935484,0.0011390203033262991,1.2973672513895345e-6,TRUE,IL,130,1806.207485941191
7,MRP4,18,0.3003343475539505,0.222753943152934,0.3735067871475216,0.3194805194805195,-0.019146171926568978,3.6657589944173806e-4,TRUE,IN,68,966.9665831291978
7,MRP4,19,0.3140822623611234,0.24834440044435024,0.3865996567340036,0.28534031413612565,0.02874194822499776,8.260995877684519e-4,TRUE,IA,82,1271.9600764779732
7,MRP4,20,0.293472785788309,0.21965466373577877,0.36231016117823867,0.2644787644787645,0.028994021309544482,8.406532716983196e-4,TRUE,KS,58,876.1580654945899
7,MRP4,21,0.308416757840008,0.23854457042249208,0.3811333027355698,0.3541300527240773,-0.04571329488406933,0.0020897053291578796,TRUE,KY,68,987.3822947820022
7,MRP4,22,0.38182260876998253,0.3039468032597057,0.4697454415109211,0.40809248554913297,-0.026269876779150436,6.901064259917473e-4,TRUE,LA,53,773.4176240478615
7,MRP4,23,0.2668193340062962,0.19916441895296422,0.33650416399815447,0.2982456140350877,-0.0314262800287915,9.876110764480194e-4,TRUE,ME,56,908.5976939860166
7,MRP4,24,0.35357193275754173,0.2895016339487648,0.42254352819132585,0.30939226519337015,0.044179667564171576,0.0019518430260807142,TRUE,MD,108,1606.0597041665246
7,MRP4,25,0.3465545034894702,0.29060049930669235,0.4072112211210906,0.3460096411355115,5.44862353958675e-4,2.9687498476138845e-7,TRUE,MA,140,2087.6125343691974
7,MRP4,26,0.42005964702703136,0.34777102925836506,0.495476553003572,0.40276356192425794,0.017296085102773417,2.991545598823805e-4,TRUE,MI,138,2032.8091260464403
7,MRP4,27,0.3363301735819132,0.26702364592521455,0.40755949131174385,0.31893004115226337,0.01740013242964983,3.027646085693516e-4,TRUE,MN,94,1400.1334833286521
7,MRP4,28,0.34832991625977755,0.2762200036136209,0.4282018342983452,0.33690476190476193,0.011425154355015621,1.3053415203593242e-4,TRUE,MS,57,846.0430886956841
7,MRP4,29,0.2717544626434357,0.20234913547025768,0.3454606080048925,0.31070496083550914,-0.03895049819207341,0.0015171413094107141,TRUE,MO,71,1004.9337183528418
7,MRP4,30,0.2955012866137807,0.23445251843295348,0.3630314649791806,0.27586206896551724,0.019639217648263485,3.8569886983586395e-4,TRUE,MT,78,1373.856134887476
7,MRP4,31,0.3127989065356335,0.2389916036143573,0.38838810844025173,0.2688553682342502,0.04394353830138331,0.001931034558445142,TRUE,NE,57,932.4099882726296
7,MRP4,32,0.32445461064347575,0.2591523394083445,0.3914949074007727,0.3879310344827586,-0.06347642383928287,0.004029256383424279,TRUE,NV,81,1254.0146841706141
7,MRP4,33,0.32616702861471725,0.2578809645302654,0.40351490159365944,0.3114874815905744,0.01467954702414287,2.1548910083402177e-4,TRUE,NH,59,1046.328193922021
7,MRP4,34,0.349545302340308,0.2785114695143216,0.42725882400619963,0.3675276752767528,-0.01798237293644478,3.2336573642538166e-4,TRUE,NJ,88,1225.9826598767747
7,MRP4,35,0.3343807014170946,0.273277376738471,0.4040838402083247,0.3167062549485352,0.01767444646855937,3.1238605796997073e-4,TRUE,NM,66,1098.1409505749077
7,MRP4,36,0.3237509440586927,0.2607943303995001,0.38987886123012094,0.34244946492271106,-0.018698520864018353,3.4963468250212966e-4,TRUE,NY,125,1663.8942521753079
7,MRP4,37,0.3463846347021904,0.2802260475860476,0.4205222994279512,0.30879199428162973,0.03759264042056065,0.0014132066137895706,TRUE,NC,99,1383.9557027175983
7,MRP4,38,0.31303246813255675,0.23868901892578784,0.39046720199939006,0.3009079118028534,0.012124556329703329,1.4700486619214904e-4,TRUE,ND,46,822.0891805998695
7,MRP4,39,0.2762491486572567,0.21267015739669676,0.34305154234548896,0.3185703185703186,-0.042321169913061896,0.0017910814228102555,TRUE,OH,102,1350.3125097431553
7,MRP4,40,0.27448689330488035,0.20144319031562685,0.34450324717798686,0.28644240570846075,-0.011955512403580393,1.429342768321646e-4,TRUE,OK,73,1040.9432361029872
7,MRP4,41,0.29426315250941226,0.23535122752383422,0.3569788689328544,0.3165644171779141,-0.022301264668501852,4.97346405814569e-4,TRUE,OR,119,1815.8730658977997
7,MRP4,42,0.3415025649236122,0.2780031487047822,0.4153543396302952,0.3404605263157895,0.001042038607822704,1.085844460193079e-6,TRUE,PA,131,1852.5582596468635
7,MRP4,44,0.354466212288827,0.27425664714133674,0.44984892922939496,0.3433667781493868,0.0110994341394402,1.2319743821577063e-4,TRUE,RI,40,698.763140593412
7,MRP4,45,0.29719545050626717,0.23437030938292902,0.36236736983085016,0.31290849673202614,-0.015713046225758975,2.4689982169283836e-4,TRUE,SC,89,1281.927471648029
7,MRP4,46,0.3104019002846832,0.24267770502626726,0.3863256897384827,0.2953846153846154,0.015017284900067762,2.2551884576980322e-4,TRUE,SD,46,764.6137873364029
7,MRP4,47,0.35210362077809987,0.29049206243525244,0.4229998153942032,0.327212020033389,0.024891600744710862,6.195917876340904e-4,TRUE,TN,90,1273.8898206879753
7,MRP4,48,0.3418462370757646,0.2965457584443453,0.39427939980317933,0.33565823888404533,0.0061879981917192795,3.829132162072107e-5,TRUE,TX,251,3514.9087574194496
7,MRP4,49,0.2849853499755029,0.22319472034375773,0.34608520011463284,0.2304,0.054585349975502906,0.0029795604319481353,TRUE,UT,118,1872.8993198095436
7,MRP4,50,0.33120358656243554,0.2658833370772725,0.4049458460708376,0.33587786259541985,-0.004674276032984315,2.1848856432531584e-5,TRUE,VT,63,1202.4509445785166
7,MRP4,51,0.30841678296200126,0.24935383717426723,0.3680550394972463,0.2716180371352785,0.03679874582672277,0.0013541476944197463,TRUE,VA,135,1950.2735485232488
7,MRP4,53,0.3104867453859636,0.25806160483661506,0.36681726511213314,0.32831683168316833,-0.017830086297204728,3.179119773657678e-4,TRUE,WA,171,2564.793185538184
7,MRP4,54,0.3360121637000778,0.26728250846474094,0.4170912043000624,0.27807486631016043,0.057937297389917375,0.0033567304288477265,TRUE,WV,56,911.6562870992557
7,MRP4,55,0.33471356179224415,0.26411760127780476,0.41042383749459244,0.3069958847736626,0.027717677018581577,7.682696193064053e-4,TRUE,WI,88,1291.1684800864803
7,MRP4,56,0.2831073316442822,0.20453858781422898,0.35501088630473043,0.2782152230971129,0.004892108547169316,2.3932726037287075e-5,TRUE,WY,34,583.4303882763805
8,MRP4,01,0.3277310642981854,0.25990735160831235,0.3957141090293323,0.3007135575942915,0.027017506703893857,7.299456684949495e-4,TRUE,AL,74,1050.690748495988
8,MRP4,04,0.2536196352652457,0.19526584102785952,0.31198401994166614,0.28578919769271105,-0.032169562427465326,0.0010348807467745887,TRUE,AZ,134,1932.688692332469
8,MRP4,05,0.2802528764778066,0.2074906414681675,0.35074695922194404,0.2849035187287174,-0.004650642250910775,2.162847334595644e-5,TRUE,AR,50,733.4942162706812
8,MRP4,06,0.34506178779181274,0.30017825818561555,0.39380626535427593,0.3766891891891892,-0.031627401397376464,0.0010002925191507708,TRUE,CA,318,4484.583101817463
8,MRP4,08,0.28669123056317203,0.22568910071878248,0.34805451415279537,0.2865264354747015,1.6479508847050406e-4,2.715742118400126e-8,TRUE,CO,103,1541.0947681309815
8,MRP4,09,0.2944487634875701,0.22443009320258908,0.36482685503835394,0.3638113570741097,-0.06936259358653962,0.004811169389051468,TRUE,CT,58,868.1582402591531
8,MRP4,10,0.31122370008900335,0.2542876669227125,0.36887639164566005,0.3221957040572792,-0.010972003968275856,1.2038487107986113e-4,TRUE,DE,86,1569.2979106840119
8,MRP4,11,0.3548370891935591,0.28311230226963824,0.434725311588846,0.2659758203799655,0.08886126881359363,0.007896325095161747,FALSE,DC,53,997.5036964654316
8,MRP4,12,0.33924177586596777,0.28755643146485244,0.3949712186006757,0.35494880546075086,-0.015707029594783095,2.46710778691392e-4,TRUE,FL,177,2482.4035694099643
8,MRP4,13,0.32873816739592776,0.2687134938545084,0.38489462642527794,0.3376770538243626,-0.008938886428434822,7.990369058045626e-5,TRUE,GA,129,1830.583867246974
8,MRP4,16,0.25798604949004916,0.19836880860189016,0.3171092996755656,0.27474747474747474,-0.016761425257425577,2.8094537666026407e-4,TRUE,ID,88,1436.23976464121
8,MRP4,17,0.34773488972651223,0.2811814988962643,0.42526617564650165,0.3270967741935484,0.020638115532963852,4.259318127519638e-4,TRUE,IL,92,1274.7077797821667
8,MRP4,18,0.3200257515125217,0.25340540144554513,0.3892940136957974,0.3194805194805195,5.452320320022408e-4,2.972779687212925e-7,TRUE,IN,76,1069.1994235358882
8,MRP4,19,0.31167101888204113,0.2442879805722713,0.3850081727339643,0.28534031413612565,0.02633070474591548,6.933060124165759e-4,TRUE,IA,62,950.8975264520009
8,MRP4,20,0.2786518039582815,0.21119034935435874,0.34538145581450663,0.2644787644787645,0.01417303947951698,2.0087504808794694e-4,TRUE,KS,65,977.8736181366428
8,MRP4,21,0.3317330611010241,0.2613914618796673,0.41117681250857124,0.3541300527240773,-0.022396991623053253,5.016252337631176e-4,TRUE,KY,70,1025.0703928955545
8,MRP4,22,0.38571513183311973,0.3068428952895344,0.48059543970996366,0.40809248554913297,-0.022377353716013237,5.007459593315715e-4,TRUE,LA,59,856.8882775002937
8,MRP4,23,0.2981684740744049,0.2337719249977857,0.3675188359237529,0.2982456140350877,-7.713996068281492e-5,5.950573534146232e-9,TRUE,ME,71,1183.0554137271686
8,MRP4,24,0.3201914450181532,0.2581249045422432,0.38357855716814043,0.30939226519337015,0.010799179824783067,1.1662228488800164e-4,TRUE,MD,115,1688.6116989709612
8,MRP4,25,0.35315302991738234,0.2921447626891587,0.41803712992978753,0.3460096411355115,0.007143388781870819,5.102800328895786e-5,TRUE,MA,127,1898.0318174668307
8,MRP4,26,0.3554255763338772,0.2906000857266075,0.4231872326110179,0.40276356192425794,-0.047337985590380716,0.0022408848797550924,TRUE,MI,131,1942.095916401568
8,MRP4,27,0.2968803471780917,0.2373730444696922,0.3551790108151969,0.31893004115226337,-0.02204969397417167,4.861890043546224e-4,TRUE,MN,112,1610.9222720753805
8,MRP4,28,0.3774861522012434,0.3017549171011464,0.46243957911913114,0.33690476190476193,0.040581390296481445,0.0016468492383953585,TRUE,MS,46,698.3941054777073
8,MRP4,29,0.30990796521578295,0.24032617204002846,0.38077538067084243,0.31070496083550914,-7.969956197261818e-4,6.352020178627206e-7,TRUE,MO,68,959.0987565764133
8,MRP4,30,0.305772900748718,0.23766975051658973,0.3735785088056918,0.27586206896551724,0.029910831783200753,8.946578579629323e-4,TRUE,MT,67,1172.1609278469512
8,MRP4,31,0.25184924817975907,0.18248777962229748,0.31829303441304907,0.2688553682342502,-0.017006120054491147,2.89208119307766e-4,TRUE,NE,67,1038.1919125982213
8,MRP4,32,0.32350681603110987,0.2590115740087666,0.3927277995920985,0.3879310344827586,-0.06442421845164875,0.00415047992310576,TRUE,NV,80,1260.9549191931158
8,MRP4,33,0.2616055521112547,0.20712377106052363,0.3198331038443912,0.3114874815905744,-0.04988192947931969,0.0024882068885798223,TRUE,NH,95,1604.3357133312725
8,MRP4,34,0.29977560345425913,0.24262220985568464,0.3605697944861626,0.3675276752767528,-0.06775207182249365,0.004590343236240338,FALSE,NJ,128,1791.14943355417
8,MRP4,35,0.3228853571724416,0.2619521323687609,0.38752382570709204,0.3167062549485352,0.006179102223906385,3.818130429348484e-5,TRUE,NM,88,1457.3181823082284
8,MRP4,36,0.3721408629214735,0.30760755691092667,0.44209293179393444,0.34244946492271106,0.02969139799876247,8.81579115120916e-4,TRUE,NY,141,1952.228279141762
8,MRP4,37,0.291967055120983,0.227437677326722,0.35104314120238056,0.30879199428162973,-0.016824939160646757,2.830785777594648e-4,TRUE,NC,112,1519.4528583308243
8,MRP4,38,0.3037683954573296,0.23597658523779108,0.37790201424071673,0.3009079118028534,0.0028604836544761647,8.182366737525314e-6,TRUE,ND,38,650.8998149472131
8,MRP4,39,0.34540695273856914,0.2779013443173486,0.4235803696852253,0.3185703185703186,0.02683663416825055,7.202049334805129e-4,TRUE,OH,90,1241.3286251676627
8,MRP4,40,0.28033318915706806,0.21066889071811754,0.345806449211636,0.28644240570846075,-0.006109216551392682,3.73225268718103e-5,TRUE,OK,80,1146.383018673564
8,MRP4,41,0.2674486804067929,0.20419588629866217,0.3339713712677004,0.3165644171779141,-0.04911573677112119,0.002412355598570066,TRUE,OR,87,1312.7958616574956
8,MRP4,42,0.32977496241975224,0.276324951760576,0.39302964481034,0.3404605263157895,-0.010685563896037253,1.1418127577629485e-4,TRUE,PA,133,1846.3359791770372
8,MRP4,44,0.30363337006865654,0.23669600478741676,0.3742103606937916,0.3433667781493868,-0.03973340808073028,0.0015787437177098424,TRUE,RI,53,881.6055890015365
8,MRP4,45,0.3312067798867874,0.2663793084857649,0.40706880267117196,0.31290849673202614,0.01829828315476123,3.348271664118186e-4,TRUE,SC,75,1099.8102118557306
8,MRP4,46,0.3041971797833031,0.22910166997117565,0.388726850513718,0.2953846153846154,0.008812564398687661,7.766129128101722e-5,TRUE,SD,35,594.2764618266642
8,MRP4,47,0.3385468795975201,0.27569480956138454,0.40794506932826696,0.327212020033389,0.011334859564131106,1.284790413385744e-4,TRUE,TN,87,1210.922728731921
8,MRP4,48,0.32851976341618233,0.2834601776326585,0.37667447093361245,0.33565823888404533,-0.007138475467863004,5.095783200528193e-5,TRUE,TX,251,3513.6847974669577
8,MRP4,49,0.2521779154955986,0.19975858292299412,0.3055122102856371,0.2304,0.0217779154955986,4.7427760333343356e-4,TRUE,UT,135,2186.9589344971632
8,MRP4,50,0.33864031648790544,0.2701342764126158,0.4160868349753033,0.33587786259541985,0.0027624538924855835,7.631151508108751e-6,TRUE,VT,68,1285.1024358342308
8,MRP4,51,0.2778482676285279,0.22110185551888198,0.33754843047638544,0.2716180371352785,0.006230230493249389,3.881577199901453e-5,TRUE,VA,118,1703.9415063603367
8,MRP4,53,0.3407271231375287,0.2831695399221851,0.40332115644987476,0.32831683168316833,0.012410291454360345,1.5401533398216942e-4,TRUE,WA,165,2565.6801977505534
8,MRP4,54,0.2770358795637826,0.20557605602197282,0.3426000495666196,0.27807486631016043,-0.0010389867463778124,1.0794934591487526e-6,TRUE,WV,59,913.5696596066607
8,MRP4,55,0.2834686992984231,0.22307897653762518,0.34269519701212275,0.3069958847736626,-0.023527185475239465,5.535284563863189e-4,TRUE,WI,88,1240.1614627610054
8,MRP4,56,0.26507461471228605,0.19832231777712428,0.33696666099519584,0.2782152230971129,-0.013140608384826835,1.7267558872338133e-4,TRUE,WY,44,766.0432138592013
9,MRP4,01,0.3318105917550364,0.27135136639557134,0.39455383651044684,0.3007135575942915,0.031097034160744885,9.670255335945344e-4,TRUE,AL,57,835.0344875703191
9,MRP4,04,0.3261202712474214,0.28161042219475224,0.38133985132517584,0.28578919769271105,0.04033107355471033,0.0016265954940754548,TRUE,AZ,113,1664.1093406732532
9,MRP4,05,0.329643112132057,0.27873007091423635,0.3919329480860936,0.2849035187287174,0.044739593403339606,0.002001631217896149,TRUE,AR,63,948.8661184465218
9,MRP4,06,0.3703758803440862,0.33290804803265966,0.4191858152942416,0.3766891891891892,-0.006313308845103005,3.985786857365584e-5,TRUE,CA,329,4734.865669916093
9,MRP4,08,0.291475546541278,0.2357126916587898,0.3415009608105785,0.2865264354747015,0.004949111066576473,2.4493700349309712e-5,TRUE,CO,115,1692.4074608628919
9,MRP4,09,0.3397321054815646,0.27914910225358375,0.4062907550505563,0.3638113570741097,-0.024079251592545148,5.79810357257088e-4,TRUE,CT,55,831.8715991993403
9,MRP4,10,0.3161527720550031,0.2624990851889928,0.3721788544267112,0.3221957040572792,-0.006042932002276125,3.651702718413293e-5,TRUE,DE,66,1196.948556931922
9,MRP4,11,0.33019228420664465,0.265818911325113,0.38572532392212655,0.2659758203799655,0.06421646382667917,0.004123754226403194,TRUE,DC,59,1067.6306158880382
9,MRP4,12,0.35112341480252557,0.30861585759496507,0.40094552120502197,0.35494880546075086,-0.0038253906582252917,1.463361368803733e-5,TRUE,FL,204,2873.4308454202537
9,MRP4,13,0.3301300691314563,0.27881678458141196,0.3801788201183396,0.3376770538243626,-0.007546984692906267,5.69569779549615e-5,TRUE,GA,114,1605.8419116525122
9,MRP4,16,0.2961289789786434,0.2445049182081543,0.34521883679981946,0.27474747474747474,0.021381504231168635,4.5716872318748227e-4,TRUE,ID,84,1410.8415671909063
9,MRP4,17,0.34438133854682873,0.293725982607316,0.4038250357773905,0.3270967741935484,0.01728456435328035,2.987561648826898e-4,TRUE,IL,98,1371.656338852571
9,MRP4,18,0.3149869553345944,0.2601296055139259,0.3750083866841773,0.3194805194805195,-0.004493564145925055,2.0192118733543172e-5,TRUE,IN,65,920.6179724303872
9,MRP4,19,0.31903689697581467,0.26542254410775074,0.38856460562238404,0.28534031413612565,0.033696582839689015,0.0011354596950720241,TRUE,IA,80,1228.19638082222
9,MRP4,20,0.32831787998870854,0.27995824253257084,0.3849833037595567,0.2644787644787645,0.06383911550994403,0.004075432669091977,FALSE,KS,79,1232.4143360171756
9,MRP4,21,0.33519705786201964,0.2805133335083897,0.3913739390116713,0.3541300527240773,-0.018932994862057684,3.5845829444670267e-4,TRUE,KY,88,1288.9234118174504
9,MRP4,22,0.3442177383790647,0.28394173940677575,0.40473474369110113,0.40809248554913297,-0.06387474717006825,0.004079983326040142,FALSE,LA,60,853.6708030841378
9,MRP4,23,0.2750674973967648,0.2175543290867489,0.32414552949413267,0.2982456140350877,-0.02317811663832292,5.372250908997018e-4,TRUE,ME,66,1097.2202556986667
9,MRP4,24,0.3152829275663084,0.2601152557543532,0.36534063762292,0.30939226519337015,0.005890662372938227,3.469990319195022e-5,TRUE,MD,98,1423.0310409456208
9,MRP4,25,0.3374766163353711,0.29444315266407817,0.3985016926819679,0.3460096411355115,-0.008533024800140399,7.28125122398111e-5,TRUE,MA,123,1819.5484764322025
9,MRP4,26,0.3517309289639546,0.3030087527836246,0.41180989357550485,0.40276356192425794,-0.05103263296030336,0.002604329626861041,TRUE,MI,141,2089.4961168026207
9,MRP4,27,0.33342860394814505,0.28371980897558946,0.3970395897465585,0.31893004115226337,0.014498562795881687,2.1020832314612458e-4,TRUE,MN,106,1579.1692867192005
9,MRP4,28,0.3330591222650873,0.27417953656866284,0.39684627438152226,0.33690476190476193,-0.003845639639674603,1.4788944238236609e-5,TRUE,MS,48,709.9200562601483
9,MRP4,29,0.30620106293047505,0.24744518318327155,0.35672830496262375,0.31070496083550914,-0.004503897905034082,2.0285096338970394e-5,TRUE,MO,87,1226.1006872058447
9,MRP4,30,0.29924065514351345,0.24288679238994468,0.3561727653134079,0.27586206896551724,0.023378586177996208,5.465582916819953e-4,TRUE,MT,65,1124.169955861304
9,MRP4,31,0.29993646297049187,0.24577352673768452,0.3536280440751601,0.2688553682342502,0.031081094736241655,9.660344500032286e-4,TRUE,NE,65,1039.809597209689
9,MRP4,32,0.3241029876054781,0.2726637954363225,0.38090536594445484,0.3879310344827586,-0.0638280468772805,0.004074019568168317,FALSE,NV,82,1275.2415491411198
9,MRP4,33,0.3182369993388231,0.27158728271898197,0.3790806559381963,0.3114874815905744,0.006749517748248723,4.5555989833924515e-5,TRUE,NH,68,1199.4434506363277
9,MRP4,34,0.34209210295945114,0.2918420947583828,0.3975740885103706,0.3675276752767528,-0.025435572317301647,6.469683391086818e-4,TRUE,NJ,112,1587.9676648346863
9,MRP4,35,0.31712658800729665,0.25227668021030747,0.36927399066111893,0.3167062549485352,4.203330587614351e-4,1.7667988028774406e-7,TRUE,NM,77,1260.2107112597166
9,MRP4,36,0.34973064717396524,0.30163285841918064,0.41001502378794735,0.34244946492271106,0.007281182251254181,5.301561497597891e-5,TRUE,NY,113,1567.2531580697178
9,MRP4,37,0.3239182450845606,0.2677162853262589,0.3762146823507344,0.30879199428162973,0.01512625080293084,2.288034633531659e-4,TRUE,NC,99,1362.55222359256
9,MRP4,38,0.28970218350084176,0.22417158351154656,0.3428574088353642,0.3009079118028534,-0.011205728302011664,1.2556834677850522e-4,TRUE,ND,44,754.7765020894528
9,MRP4,39,0.31509460164790987,0.26323811922752804,0.3697964022596596,0.3185703185703186,-0.0034757169224087225,1.2080608124718362e-5,TRUE,OH,98,1309.9898265352638
9,MRP4,40,0.3136587519431951,0.2575321209987952,0.36622655354771877,0.28644240570846075,0.027216346234734345,7.407295023689384e-4,TRUE,OK,63,910.4925836478728
9,MRP4,41,0.3274038634587571,0.2759258980478983,0.390691617217085,0.3165644171779141,0.01083944628084299,1.1749359567528093e-4,TRUE,OR,104,1604.6999627228458
9,MRP4,42,0.3415946067548445,0.290541384068538,0.4065495152981204,0.3404605263157895,0.0011340804390549963,1.2861384422471733e-6,TRUE,PA,130,1857.0240120593444
9,MRP4,44,0.3379341099785663,0.28392789527418416,0.4079158399019157,0.3433667781493868,-0.005432668170820498,2.9513883454246137e-5,TRUE,RI,63,1107.2934458319005
9,MRP4,45,0.33140321161574976,0.2806591629860724,0.3874367176916198,0.31290849673202614,0.018494714883723617,3.420544786302279e-4,TRUE,SC,82,1186.7310835646133
9,MRP4,46,0.3013148811418178,0.24090161571332078,0.36360013285464937,0.2953846153846154,0.005930265757202402,3.516805195104738e-5,TRUE,SD,45,746.6278148853141
9,MRP4,47,0.3198962444697371,0.25987585698413324,0.37942323943687606,0.327212020033389,-0.007315775563651927,5.352057209772667e-5,TRUE,TN,78,1096.9230146565449
9,MRP4,48,0.33360813388331495,0.28957050503681203,0.3738612558948846,0.33565823888404533,-0.0020501050007303845,4.2029305140197295e-6,TRUE,TX,284,3988.984341710574
9,MRP4,49,0.29141316956511,0.23520922627805513,0.3398299677907079,0.2304,0.06101316956510999,0.0037226068603808645,FALSE,UT,125,1975.5936286953602
9,MRP4,50,0.3028609502532111,0.25354562817583115,0.36304328545724635,0.33587786259541985,-0.03301691234220877,0.0010901165006130978,TRUE,VT,64,1219.1112013044235
9,MRP4,51,0.3043009714017119,0.24722371750410732,0.36165013514717287,0.2716180371352785,0.03268293426643343,0.0010681741922640084,TRUE,VA,115,1657.4385082790568
9,MRP4,53,0.3118389081034558,0.26649591088133,0.379105867376268,0.32831683168316833,-0.016477923579712506,2.715219654988454e-4,TRUE,WA,178,2689.741010849409
9,MRP4,54,0.2769614475053831,0.21262156032345675,0.3273709039680028,0.27807486631016043,-0.001113418804777333,1.2397014348317847e-6,TRUE,WV,63,963.446410696658
9,MRP4,55,0.2963270105246493,0.2372511432993937,0.34793054061299405,0.3069958847736626,-0.01066887424901325,1.1382487774125803e-4,TRUE,WI,79,1123.448747475489
9,MRP4,56,0.3125951672831151,0.25993364995718377,0.3719037812288788,0.2782152230971129,0.03437994418600221,0.0011819805622326272,TRUE,WY,54,962.6393707184898
10,MRP4,01,0.3078257399349684,0.23691378337875527,0.37817926323816825,0.3007135575942915,0.007112182340676898,5.058313764703632e-5,TRUE,AL,64,900.2110085361296
10,MRP4,04,0.2816756610187928,0.22757991412837594,0.3308604114939245,0.28578919769271105,-0.004113536673918228,1.6921183967670236e-5,TRUE,AZ,135,1984.793314795837
10,MRP4,05,0.31851234918168186,0.25151002800636985,0.38158417031524183,0.2849035187287174,0.03360883045296448,0.0011295534844161124,TRUE,AR,76,1150.3222359074957
10,MRP4,06,0.3788972270947223,0.3397578735458744,0.4238075806340259,0.3766891891891892,0.002208037905533089,4.87543139227095e-6,TRUE,CA,351,5053.090939309258
10,MRP4,08,0.30738943444876154,0.24145836507644067,0.3764358965591182,0.2865264354747015,0.02086299897406002,4.352647261916295e-4,TRUE,CO,105,1555.757342200547
10,MRP4,09,0.33227866899961833,0.27029531991601213,0.40377070507474294,0.3638113570741097,-0.03153268807449139,9.943104172031715e-4,TRUE,CT,66,976.9083640489894
10,MRP4,10,0.3632272120349655,0.29583855808033577,0.44690321757337514,0.3221957040572792,0.04103150797768629,0.0016835846469229335,TRUE,DE,66,1216.0879719710433
10,MRP4,11,0.30241270695416705,0.23482877201431496,0.36314464367189725,0.2659758203799655,0.03643688657420158,0.001327646703221231,TRUE,DC,71,1308.1511011771051
10,MRP4,12,0.34521331363863783,0.29615072751295657,0.4040099820306011,0.35494880546075086,-0.00973549182211303,9.477980101842967e-5,TRUE,FL,170,2426.3572928609683
10,MRP4,13,0.2986105308658097,0.2391406786139433,0.3553228408784507,0.3376770538243626,-0.039066522958552896,0.0015261932160711405,TRUE,GA,117,1648.3373409956787
10,MRP4,16,0.28919403366567814,0.22876409053496086,0.3527716297054908,0.27474747474747474,0.0144465589182034,2.087030645771222e-4,TRUE,ID,80,1344.9710929553503
10,MRP4,17,0.29055418354955437,0.22742525385354154,0.3497273588424334,0.3270967741935484,-0.03654259064399401,0.0013353609309745187,TRUE,IL,104,1422.747962110033
10,MRP4,18,0.3180446809773813,0.24660442830614943,0.3832536309498737,0.3194805194805195,-0.0014358385031381649,2.061632207094046e-6,TRUE,IN,80,1122.840446013692
10,MRP4,19,0.3220000410853892,0.25791373659529365,0.39306821648307994,0.28534031413612565,0.03665972694926356,0.001343935579994561,TRUE,IA,75,1120.8352160165753
10,MRP4,20,0.279224976725724,0.21307456352693904,0.3443419755078896,0.2644787644787645,0.01474621224695949,2.1745077563237801e-4,TRUE,KS,65,997.5967642394346
10,MRP4,21,0.323109520514569,0.26274807973434,0.38703136963208556,0.3541300527240773,-0.031020532209508345,9.622734185611447e-4,TRUE,KY,71,1047.2300818454778
10,MRP4,22,0.3474739875919541,0.2813234037036739,0.4218707093512411,0.40809248554913297,-0.060618497957178885,0.003674602294584501,TRUE,LA,50,734.446893322186
10,MRP4,23,0.3028075635976008,0.2360710536455628,0.3712587505580155,0.2982456140350877,0.004561949562513101,2.0811383810913476e-5,TRUE,ME,66,1089.5932988908548
10,MRP4,24,0.28393777941469334,0.22410953347574764,0.34509766782528906,0.30939226519337015,-0.025454485778676816,6.479308462568603e-4,TRUE,MD,108,1584.9291263958683
10,MRP4,25,0.3762184012443406,0.31970921744717345,0.44288246651298124,0.3460096411355115,0.030208760108829058,9.125691873127818e-4,TRUE,MA,136,2107.0311792105795
10,MRP4,26,0.3518850342381411,0.30039604308402634,0.4148738146433098,0.40276356192425794,-0.05087852768611684,0.0025886245795069575,TRUE,MI,147,2122.610358814003
10,MRP4,27,0.3278057656879276,0.27279385515969123,0.39601704387258974,0.31893004115226337,0.008875724535664209,7.877848603299164e-5,TRUE,MN,95,1380.2906731498015
10,MRP4,28,0.30710940968776057,0.2281102722428639,0.3753482696686765,0.33690476190476193,-0.02979535221700136,8.877630137351678e-4,TRUE,MS,51,733.4710774566788
10,MRP4,29,0.3194953021933953,0.24934049247987905,0.3879981131262967,0.31070496083550914,0.008790341357886144,7.727010118816363e-5,TRUE,MO,72,1019.4821577645729
10,MRP4,30,0.2913701639967504,0.22606909983009485,0.3604401097526889,0.27586206896551724,0.015508095031233182,2.4050101149775932e-4,TRUE,MT,62,1099.8427356473694
10,MRP4,31,0.33034697689586034,0.2640666377861107,0.3998050996910272,0.2688553682342502,0.06149160866161013,0.003781217935792606,TRUE,NE,72,1180.7340782397146
10,MRP4,32,0.3680778572188432,0.30115410621329397,0.44641890894141856,0.3879310344827586,-0.019853177263915445,3.941486474724491e-4,TRUE,NV,72,1142.8860806038629
10,MRP4,33,0.30141980305725363,0.24599048595730272,0.36496149367736935,0.3114874815905744,-0.010067678533320745,1.0135815105028735e-4,TRUE,NH,79,1333.122856138272
10,MRP4,34,0.3189508672211144,0.25216313924832373,0.38404664720093007,0.3675276752767528,-0.04857680805563841,0.002359706280874337,TRUE,NJ,98,1370.6589956973592
10,MRP4,35,0.2942344652350158,0.2269115676640553,0.3653093551696276,0.3167062549485352,-0.02247178971351943,5.049813329286376e-4,TRUE,NM,69,1108.1182945955818
10,MRP4,36,0.3494276203941116,0.2973142239072772,0.411279478425839,0.34244946492271106,0.006978155471400571,4.869465378303773e-5,TRUE,NY,131,1802.6279257081626
10,MRP4,37,0.340038969405818,0.2727344259278509,0.4024435710385471,0.30879199428162973,0.03124697512418828,9.763734544116412e-4,TRUE,NC,107,1513.3469062284992
10,MRP4,38,0.3129303840405318,0.24658591365776342,0.3868556833921877,0.3009079118028534,0.012022472237678383,1.4453983870574746e-4,TRUE,ND,38,677.8979245370925
10,MRP4,39,0.3110043915905021,0.24652794954958626,0.37093000699047124,0.3185703185703186,-0.007565926979816506,5.724325106391532e-5,TRUE,OH,99,1331.4952452053078
10,MRP4,40,0.2932306702763363,0.223501646094652,0.36563957597349983,0.28644240570846075,0.006788264567875568,4.6080535843474876e-5,TRUE,OK,68,964.6292172253435
10,MRP4,41,0.3325339505458955,0.27384133402900995,0.3964213613706619,0.3165644171779141,0.015969533367981403,2.5502599599107144e-4,TRUE,OR,127,1970.0839494913848
10,MRP4,42,0.3030538844822047,0.24883830477442115,0.3596336669747227,0.3404605263157895,-0.037406641833584775,0.0013992568532660945,TRUE,PA,136,1876.6536714472875
10,MRP4,44,0.333332892802157,0.26419661032684527,0.40595641694745477,0.3433667781493868,-0.01003388534722982,1.006788551613533e-4,TRUE,RI,50,856.6275643485849
10,MRP4,45,0.29666609848506126,0.2331898647047541,0.36207930834305296,0.31290849673202614,-0.016242398246964884,2.6381550081300796e-4,TRUE,SC,93,1334.805921349629
10,MRP4,46,0.3483514373903321,0.27443092412141035,0.4358933553479233,0.2953846153846154,0.052966822005716674,0.002805484233385272,TRUE,SD,37,629.9653892356407
10,MRP4,47,0.2895226047577483,0.22516692490615425,0.35433857333413243,0.327212020033389,-0.03768941527564068,0.001420492023819697,TRUE,TN,83,1149.153146238045
10,MRP4,48,0.36006409966617586,0.31708778758889433,0.40531280805295217,0.33565823888404533,0.02440586078213053,5.95646040516737e-4,TRUE,TX,259,3644.473198510064
10,MRP4,49,0.2755694410629113,0.21459196867951386,0.3358768841395078,0.2304,0.04516944106291132,0.0020402784059358192,TRUE,UT,111,1749.1105609876017
10,MRP4,50,0.2983801417641012,0.23090898537355645,0.37301686761175157,0.33587786259541985,-0.03749772083131864,0.0014060790675435076,TRUE,VT,51,917.8047123478544
10,MRP4,51,0.3094460150411493,0.24875114998074202,0.36824059132029735,0.2716180371352785,0.037827977905870835,0.001430955912447052,TRUE,VA,127,1847.7405702630326
10,MRP4,53,0.300703267087537,0.25016842119439847,0.349513348359584,0.32831683168316833,-0.027613564595631357,7.625089496771056e-4,TRUE,WA,175,2623.726339820685
10,MRP4,54,0.2970087619433996,0.23100403217130797,0.36795549525647203,0.27807486631016043,0.01893389563323916,3.58492403850393e-4,TRUE,WV,57,891.3182445341691
10,MRP4,55,0.3416134847013215,0.27650856505271265,0.41904507733292157,0.3069958847736626,0.03461759992765895,0.0011983782247514529,TRUE,WI,84,1220.7267351190908
10,MRP4,56,0.28077331754087376,0.2118165397214868,0.348934367925813,0.2782152230971129,0.002558094443760872,6.543847183200246e-6,TRUE,WY,42,763.2838153460707
1,MRP5,01,0.3257815238606586,0.2785617231352385,0.36158252567955956,0.3007135575942915,0.025067966266367092,6.284029327317185e-4,TRUE,AL,72,990.995991853708
1,MRP5,04,0.30870949083532445,0.271412194897801,0.34061357041566015,0.28578919769271105,0.0229202931426134,5.25339837743331e-4,TRUE,AZ,142,2083.2050904597972
1,MRP5,05,0.31427482425744446,0.2725718453973402,0.3514917271003023,0.2849035187287174,0.029371305528727076,8.626735884618337e-4,TRUE,AR,46,671.1368062878959
1,MRP5,06,0.33104223957345674,0.29919665711127486,0.3611430590006616,0.3766891891891892,-0.04564694961573246,0.0020836440092212175,FALSE,CA,300,4289.591789158838
1,MRP5,08,0.3086712428445334,0.2696484906977409,0.3408473818159258,0.2865264354747015,0.022144807369831876,4.903924934469601e-4,TRUE,CO,125,1877.7070497365498
1,MRP5,09,0.3231215285212116,0.2845372336469452,0.3648541106782589,0.3638113570741097,-0.0406898285528981,0.0016556621476642415,TRUE,CT,61,908.3560027465476
1,MRP5,10,0.32531054654002683,0.2926390551137513,0.36511275639345203,0.3221957040572792,0.003114842482747626,9.702243692329396e-6,TRUE,DE,67,1266.9294675534663
1,MRP5,11,0.34348844600889755,0.2946031626848917,0.38135952946743185,0.2659758203799655,0.07751262562893207,0.006008207131890977,FALSE,DC,50,899.4664213641361
1,MRP5,12,0.33468636136642266,0.3051629961543003,0.3746409001274799,0.35494880546075086,-0.020262444094328202,4.1056664067577584e-4,TRUE,FL,217,3049.265273921742
1,MRP5,13,0.34145187796643095,0.3060958363259243,0.37952081149400396,0.3376770538243626,0.003774824142068367,1.4249297303542183e-5,TRUE,GA,114,1616.8005337782563
1,MRP5,16,0.30686107759780307,0.2688555150875842,0.34659721941129623,0.27474747474747474,0.03211360285032833,0.0010312834880286156,TRUE,ID,76,1301.3098209911368
1,MRP5,17,0.3328688185091273,0.3004521309928552,0.3804094920702038,0.3270967741935484,0.005772044315578928,3.3316495581007015e-5,TRUE,IL,118,1669.63954442939
1,MRP5,18,0.3129963508133046,0.2738192881703175,0.3515544596926187,0.3194805194805195,-0.006484168667214851,4.204444330489082e-5,TRUE,IN,97,1357.1894958847893
1,MRP5,19,0.2998991211094096,0.26173522475093186,0.33709686721255755,0.28534031413612565,0.014558806973283933,2.1195886048534088e-4,TRUE,IA,80,1213.8238179740317
1,MRP5,20,0.30491131266305416,0.2612302455038163,0.34353602400032923,0.2644787644787645,0.04043254818428965,0.0016347909526749044,TRUE,KS,66,1008.9569420091326
1,MRP5,21,0.32379095412532094,0.28212680488903735,0.3723090106303061,0.3541300527240773,-0.030339098598756387,9.204609037850618e-4,TRUE,KY,65,963.0183385360598
1,MRP5,22,0.3381058292329741,0.2981186558881484,0.37469947612403415,0.40809248554913297,-0.06998665631615886,0.004898132062316139,FALSE,LA,60,854.6248037980355
1,MRP5,23,0.29157928918920645,0.2555050404632888,0.3398456015077175,0.2982456140350877,-0.006666324845881255,4.443988695081374e-5,TRUE,ME,61,1051.7497827690847
1,MRP5,24,0.34106635373912414,0.3084679119558377,0.37539650982951556,0.30939226519337015,0.03167408854575399,0.001003247885204264,TRUE,MD,109,1605.0378687534212
1,MRP5,25,0.31067302424139004,0.2757584059405606,0.3466682933144426,0.3460096411355115,-0.035336616894121486,0.0012486764935219121,TRUE,MA,121,1828.8192380499327
1,MRP5,26,0.32312525567905565,0.2881910830480453,0.36722353062089974,0.40276356192425794,-0.0796383062452023,0.006342259821604627,FALSE,MI,146,2115.0175167507286
1,MRP5,27,0.3061172967100526,0.27182799585609657,0.35435238029224453,0.31893004115226337,-0.012812744442210755,1.6416642014140258e-4,TRUE,MN,98,1446.5927385881441
1,MRP5,28,0.35005788472851024,0.3112097383408185,0.3932444790805798,0.33690476190476193,0.013153122823748309,1.7300464001660868e-4,TRUE,MS,39,582.6251147496225
1,MRP5,29,0.30943690429015785,0.26828949379761935,0.34571035093315705,0.31070496083550914,-0.0012680565453512815,1.6079674022082268e-6,TRUE,MO,85,1192.6229894747892
1,MRP5,30,0.2830228222765128,0.2385917079527685,0.3176071225448771,0.27586206896551724,0.007160753310995582,5.127638798093419e-5,TRUE,MT,79,1351.1463458676883
1,MRP5,31,0.3070818574577482,0.2700721153789819,0.34951541781081685,0.2688553682342502,0.03822648922349797,0.0014612644783542066,FALSE,NE,64,1058.7503872757975
1,MRP5,32,0.32068383701357467,0.28527257937817974,0.3576248902814551,0.3879310344827586,-0.06724719746918395,0.00452218556745942,FALSE,NV,74,1123.3857122694822
1,MRP5,33,0.29926710996760775,0.2642089510322661,0.3429047537026613,0.3114874815905744,-0.01222037162296663,1.4933748260340807e-4,TRUE,NH,75,1298.550526541381
1,MRP5,34,0.33627241049006495,0.3043070852810967,0.382477998250727,0.3675276752767528,-0.03125526478668783,9.768915768859684e-4,TRUE,NJ,103,1455.332120930462
1,MRP5,35,0.33808469262511176,0.3024244822091861,0.3797752176509403,0.3167062549485352,0.021378437676576545,4.5703759749126754e-4,TRUE,NM,78,1316.1536655794296
1,MRP5,36,0.3226366363955071,0.2870830656021287,0.35831236603952427,0.34244946492271106,-0.01981282852720395,3.925481742483867e-4,TRUE,NY,123,1661.0998210098694
1,MRP5,37,0.3372430950941927,0.29998785595814736,0.3792482305168428,0.30879199428162973,0.02845110081256297,8.094651374466212e-4,TRUE,NC,104,1475.7593188758162
1,MRP5,38,0.30639968778209903,0.268238281462083,0.35201911748039694,0.3009079118028534,0.0054917759792456056,3.015960340621903e-5,TRUE,ND,49,871.8795877549137
1,MRP5,39,0.31895945711091545,0.28148365798227054,0.35638664004901804,0.3185703185703186,3.8913854059685615e-4,1.5142880377785105e-7,TRUE,OH,96,1294.45871502274
1,MRP5,40,0.3244075647798605,0.28250514624505657,0.3609120128295548,0.28644240570846075,0.037965159071399746,0.0014413533033166865,TRUE,OK,71,1050.8391264739776
1,MRP5,41,0.2910972341680546,0.24870397620446938,0.32560168399926964,0.3165644171779141,-0.025467183009859506,6.485774104576768e-4,TRUE,OR,109,1655.2815414622523
1,MRP5,42,0.3187877348431739,0.28496800237778325,0.36352495011107355,0.3404605263157895,-0.021672791472615582,4.697098902154787e-4,TRUE,PA,147,2060.867817206735
1,MRP5,44,0.30895126049387983,0.2657091675056988,0.3499434167508131,0.3433667781493868,-0.03441551765550699,0.0011844278554965133,TRUE,RI,69,1147.063741686034
1,MRP5,45,0.32165851350557456,0.2864564828743433,0.36181224449353,0.31290849673202614,0.008750016773548419,7.656279353737869e-5,TRUE,SC,83,1207.7645355569744
1,MRP5,46,0.2981593573670652,0.25557051873243114,0.3402789836150829,0.2953846153846154,0.002774741982449813,7.69919306916952e-6,TRUE,SD,48,779.385662893915
1,MRP5,47,0.31575872931749754,0.2780124484030914,0.35377999632375007,0.327212020033389,-0.011453290715891462,1.3117786822272555e-4,TRUE,TN,77,1095.303162303359
1,MRP5,48,0.3410115178707587,0.3075632941572055,0.37300830358658593,0.33565823888404533,0.005353278986713339,2.8657595909586592e-5,TRUE,TX,223,3133.6720041483063
1,MRP5,49,0.3064111174123706,0.2664086456901573,0.3437242545018832,0.2304,0.0760111174123706,0.005777689970277189,FALSE,UT,107,1717.1532008630898
1,MRP5,50,0.2879508539835655,0.24525675723653953,0.3265160167432398,0.33587786259541985,-0.04792700861185434,0.00229699815448076,FALSE,VT,55,1004.7792704029811
1,MRP5,51,0.3146078346193265,0.27549526104717964,0.348540338949435,0.2716180371352785,0.04298979748404802,0.0018481226877194615,FALSE,VA,129,1866.511363597658
1,MRP5,53,0.313231023771868,0.28173672050182214,0.3490761435779735,0.32831683168316833,-0.01508580791130032,2.2758160033665132e-4,TRUE,WA,186,2817.7484332429945
1,MRP5,54,0.2990135982986883,0.2623610506268328,0.33475297462814774,0.27807486631016043,0.02093873198852786,4.384304972873998e-4,TRUE,WV,63,998.6958248566079
1,MRP5,55,0.3004080544155044,0.2602415447615474,0.3387933716883966,0.3069958847736626,-0.0065878303581581865,4.339950882787062e-5,TRUE,WI,82,1173.8443741165736
1,MRP5,56,0.2966073781429327,0.25701727390559753,0.33816966590570696,0.2782152230971129,0.018392155045819814,3.3827136722947525e-4,TRUE,WY,39,683.0910284061732
2,MRP5,01,0.33628569987957707,0.26894487728437433,0.4158515963653142,0.3007135575942915,0.035572142285285546,0.0012653773067646,TRUE,AL,68,995.649971249108
2,MRP5,04,0.26452761632297567,0.2065682130408458,0.32354374247642426,0.28578919769271105,-0.021261581369735383,4.520548423418787e-4,TRUE,AZ,117,1707.5329427312176
2,MRP5,05,0.2945964011682259,0.22244195312151882,0.3803059810511997,0.2849035187287174,0.009692882439508499,9.395196998613222e-5,TRUE,AR,51,752.3928399104523
2,MRP5,06,0.36195133086396275,0.31791405533721084,0.41045364540557694,0.3766891891891892,-0.01473785832522645,2.1720446801444656e-4,TRUE,CA,322,4618.918979154124
2,MRP5,08,0.2754698767473923,0.2130076333347668,0.33899140953598533,0.2865264354747015,-0.011056558727309207,1.222474908904374e-4,TRUE,CO,107,1594.28481305953
2,MRP5,09,0.3336683672457235,0.26753410765811636,0.4135443238701472,0.3638113570741097,-0.030142989828386202,9.08599835794194e-4,TRUE,CT,73,1089.9604668439538
2,MRP5,10,0.28954569511007355,0.22682666917209893,0.35684947391062155,0.3221957040572792,-0.032650008947205655,0.0010660230842526094,TRUE,DE,75,1342.246549895721
2,MRP5,11,0.30599129883651405,0.2361531969977632,0.3709462133340986,0.2659758203799655,0.04001547845654857,0.0016012385161065026,TRUE,DC,67,1217.2012862533363
2,MRP5,12,0.3087350026920598,0.2592419654489624,0.3643122008596605,0.35494880546075086,-0.04621380276869108,0.0021357155663434793,TRUE,FL,203,2787.6546501178927
2,MRP5,13,0.32082806554373433,0.2654949770940877,0.37886455900003363,0.3376770538243626,-0.016848988280628252,2.838884060807482e-4,TRUE,GA,141,1992.9478904583598
2,MRP5,16,0.3446727613050634,0.2810468256382064,0.4199146050035783,0.27474747474747474,0.06992528655758867,0.004889545700160891,FALSE,ID,87,1503.0521521111687
2,MRP5,17,0.32824322301076586,0.2705532045823235,0.394139526321976,0.3270967741935484,0.0011464488172174825,1.3143448904993645e-6,TRUE,IL,122,1681.3263455665522
2,MRP5,18,0.3123194116554215,0.24550742237086653,0.38278149256698696,0.3194805194805195,-0.00716110782509799,5.128146528267966e-5,TRUE,IN,95,1342.3040595173163
2,MRP5,19,0.329976730728596,0.2555634609172098,0.4139473965741421,0.28534031413612565,0.04463641659247036,0.0019924096862165637,TRUE,IA,64,976.581360043162
2,MRP5,20,0.3022524287322886,0.23787141428415484,0.3712198880793147,0.2644787644787645,0.037773664253524075,0.0014268497111379625,TRUE,KS,80,1209.0909967902996
2,MRP5,21,0.35022602662704,0.27774044975203105,0.4343890355269273,0.3541300527240773,-0.0039040260970373275,1.5241419766348509e-5,TRUE,KY,77,1162.4805016068271
2,MRP5,22,0.38644583402102545,0.3086002870337717,0.4846509919458929,0.40809248554913297,-0.02164665152810752,4.6857752237931957e-4,TRUE,LA,65,963.835081439526
2,MRP5,23,0.29453992965741377,0.22094976732488614,0.36518515218838,0.2982456140350877,-0.0037056843776739345,1.3732096706936655e-5,TRUE,ME,72,1216.6595924292958
2,MRP5,24,0.3054336632161075,0.2424967099916451,0.37096706195619067,0.30939226519337015,-0.003958601977262666,1.5670529614387885e-5,TRUE,MD,112,1608.8686247501848
2,MRP5,25,0.3343234267313912,0.2781026641122662,0.40013689297251653,0.3460096411355115,-0.011686214404120321,1.3656760709906927e-4,TRUE,MA,142,2129.0106904539043
2,MRP5,26,0.33339723324880766,0.2787749185183359,0.39261647087659707,0.40276356192425794,-0.06936632867545028,0.0048116875539105965,FALSE,MI,141,2028.9713165885473
2,MRP5,27,0.2823941055894249,0.2198650134314391,0.3524626262256259,0.31893004115226337,-0.03653593556283846,0.0013348745874518842,TRUE,MN,92,1331.1723053259425
2,MRP5,28,0.32337792630353274,0.25296213976080123,0.39503160884737765,0.33690476190476193,-0.013526835601229192,1.8297528138268152e-4,TRUE,MS,60,901.6288552540187
2,MRP5,29,0.29028823971979145,0.22631948417152967,0.3559540507111506,0.31070496083550914,-0.020416721115717684,4.1684250111699236e-4,TRUE,MO,84,1163.5511984161094
2,MRP5,30,0.2723748197439347,0.20245339689651745,0.34455845477555247,0.27586206896551724,-0.0034872492215825557,1.216090713342814e-5,TRUE,MT,64,1094.3365173467537
2,MRP5,31,0.2840980467227941,0.21891399607537684,0.3596365286218394,0.2688553682342502,0.015242678488543882,2.323392475051184e-4,TRUE,NE,75,1213.8662023201211
2,MRP5,32,0.3423916316161302,0.27327004714450914,0.4191091448485725,0.3879310344827586,-0.04553940286662844,0.0020738372134490868,TRUE,NV,64,1011.4541636402428
2,MRP5,33,0.31051321396371145,0.24334756840872124,0.3879382099043327,0.3114874815905744,-9.742676268629236e-4,9.491974087531128e-7,TRUE,NH,82,1381.5362157664063
2,MRP5,34,0.3976507716477745,0.3200925640822401,0.4872662328190077,0.3675276752767528,0.03012309637102173,9.074009349778624e-4,TRUE,NJ,74,1090.5948928887703
2,MRP5,35,0.32272068532567605,0.25924096408346514,0.3947335301547747,0.3167062549485352,0.006014430377140834,3.617337276147443e-5,TRUE,NM,82,1353.131220923858
2,MRP5,36,0.31371979270957756,0.2592180558025284,0.3764160604286858,0.34244946492271106,-0.028729672213133495,8.253940654740948e-4,TRUE,NY,148,2002.0219004323005
2,MRP5,37,0.27977951186236144,0.21066081075332255,0.3512247531288265,0.30879199428162973,-0.029012482419268293,8.417241361283517e-4,TRUE,NC,84,1114.8546883003255
2,MRP5,38,0.28198752134340777,0.2092962015005077,0.3643790717305483,0.3009079118028534,-0.018920390459445657,3.579811751378823e-4,TRUE,ND,38,650.0063142938156
2,MRP5,39,0.32232373346754567,0.26397870840322657,0.3897269696409878,0.3185703185703186,0.003753414897227081,1.4088123390726178e-5,TRUE,OH,97,1326.5561670638942
2,MRP5,40,0.2789062769928887,0.20442225300517053,0.35106877449164015,0.28644240570846075,-0.007536128715572021,5.6793236017669204e-5,TRUE,OK,64,899.6015317801957
2,MRP5,41,0.33617910348295804,0.27468124518098924,0.40822613603799596,0.3165644171779141,0.019614686305043927,3.847359188452778e-4,TRUE,OR,95,1492.4694642038096
2,MRP5,42,0.364788274817861,0.3049590521241382,0.43408441543591597,0.3404605263157895,0.024327748502071533,5.918393471800438e-4,TRUE,PA,121,1712.138409956175
2,MRP5,44,0.3439512108719658,0.2685741190936778,0.4206654542007472,0.3433667781493868,5.844327225789647e-4,3.4156160722106115e-7,TRUE,RI,52,906.8236073958067
2,MRP5,45,0.300417366379626,0.23976868668915763,0.3662623301241027,0.31290849673202614,-0.012491130352400126,1.560283374806517e-4,TRUE,SC,100,1457.8652217542647
2,MRP5,46,0.2850028054338416,0.2073059179720604,0.3700646864519325,0.2953846153846154,-0.010381809950773813,1.0778197785398616e-4,TRUE,SD,38,635.0843658230615
2,MRP5,47,0.3359544117751763,0.2651359186477,0.4083153270238407,0.327212020033389,0.008742391741787314,7.642941336687103e-5,TRUE,TN,81,1162.5165432651725
2,MRP5,48,0.3284365622751383,0.27996113246501575,0.381762350773004,0.33565823888404533,-0.007221676608907046,5.2152613043635175e-5,TRUE,TX,242,3443.2350295082006
2,MRP5,49,0.22429418638673604,0.16446832729311867,0.2955348677057874,0.2304,-0.006105813613263955,3.7280959879919434e-5,TRUE,UT,101,1573.0412049881527
2,MRP5,50,0.3522323909265723,0.274916414991348,0.4395419188882968,0.33587786259541985,0.016354528331152474,2.6747059693446894e-4,TRUE,VT,50,948.9130820159605
2,MRP5,51,0.26724823314138685,0.21298498314392497,0.3263495446393048,0.2716180371352785,-0.004369803993891641,1.9095186945031337e-5,TRUE,VA,113,1617.2851587668797
2,MRP5,53,0.30636679849759413,0.2579417565727398,0.3596544777462112,0.32831683168316833,-0.021950033185574203,4.8180395684780877e-4,TRUE,WA,171,2595.21090343394
2,MRP5,54,0.2755686560014851,0.20551350983092523,0.3434144726012844,0.27807486631016043,-0.0025062103086753162,6.281090111310424e-6,TRUE,WV,76,1175.1942308316388
2,MRP5,55,0.2983357305982251,0.23004129320932487,0.3758305416510144,0.3069958847736626,-0.008660154175437473,7.49982703423471e-5,TRUE,WI,79,1133.99587264568
2,MRP5,56,0.27879703067757666,0.20277956528654784,0.361997371951186,0.2782152230971129,5.818075804637779e-4,3.3850006068511537e-7,TRUE,WY,40,697.6755487549432
3,MRP5,01,0.3187326090130503,0.25994932533564036,0.37821687351251043,0.3007135575942915,0.018019051418758758,3.24686214031872e-4,TRUE,AL,76,1082.361559791973
3,MRP5,04,0.31574780719305634,0.2697276799905077,0.36442522769206165,0.28578919769271105,0.02995860950034529,8.975182831941791e-4,TRUE,AZ,126,1858.176227982662
3,MRP5,05,0.3036153702766871,0.24074805036633232,0.3592820253900089,0.2849035187287174,0.018711851547969727,3.501333883532571e-4,TRUE,AR,62,924.7789729490361
3,MRP5,06,0.3080264979319854,0.2607744605664384,0.3519718662092972,0.3766891891891892,-0.06866269125720381,0.004714565170682093,FALSE,CA,318,4487.148422100378
3,MRP5,08,0.3468691681577978,0.291788427914547,0.40952719934467147,0.2865264354747015,0.060342732683096256,0.003641245387663613,FALSE,CO,107,1641.6281863549573
3,MRP5,09,0.34948685427925114,0.2922131149539914,0.41253501783827323,0.3638113570741097,-0.014324502794858585,2.051913803199114e-4,TRUE,CT,50,770.8399450575271
3,MRP5,10,0.30086124538434333,0.24412824749051446,0.35751662267634265,0.3221957040572792,-0.021334458672935874,4.5515912686720875e-4,TRUE,DE,61,1101.4849871378892
3,MRP5,11,0.33869193414576854,0.2847626098615711,0.38862354838047253,0.2659758203799655,0.07271611376580306,0.005287633201201213,FALSE,DC,70,1303.4355762302796
3,MRP5,12,0.3260503896799099,0.2851099284361726,0.3731317663072066,0.35494880546075086,-0.028898415780840958,8.351184346423577e-4,TRUE,FL,201,2817.0435186544155
3,MRP5,13,0.3460279775228597,0.29221852416133154,0.3997171946601551,0.3376770538243626,0.008350923698497104,6.973792661812054e-5,TRUE,GA,114,1637.0904272966088
3,MRP5,16,0.3092557626241209,0.25659465719520447,0.36564525925302294,0.27474747474747474,0.03450828787664617,0.001190821932177485,TRUE,ID,79,1330.2835356750884
3,MRP5,17,0.37312306355792313,0.31460285783391073,0.4451240255494688,0.3270967741935484,0.04602628936437475,0.0021184193126531563,TRUE,IL,113,1616.8209354039295
3,MRP5,18,0.31436400054206737,0.25618730952319385,0.3746307968560457,0.3194805194805195,-0.005116518938452108,2.617876604753909e-5,TRUE,IN,82,1146.539578449271
3,MRP5,19,0.2976517933900565,0.24122368088675822,0.3516431124401783,0.28534031413612565,0.012311479253930835,1.5157252141996934e-4,TRUE,IA,68,1012.3067251682717
3,MRP5,20,0.28708318452624226,0.21740788031053382,0.34438991397898566,0.2644787644787645,0.022604420047477758,5.109598056828144e-4,TRUE,KS,65,941.2143768147198
3,MRP5,21,0.35021381235256344,0.29311652186890436,0.4148005179302196,0.3541300527240773,-0.0039162403715138905,1.5336938647475254e-5,TRUE,KY,74,1130.1597292298113
3,MRP5,22,0.357645013399966,0.3019188933136967,0.4214744619624821,0.40809248554913297,-0.05044747214916695,0.0025449474462409753,TRUE,LA,68,981.2745355242912
3,MRP5,23,0.28904630436780737,0.23263381655402227,0.34889937245370195,0.2982456140350877,-0.009199309667280331,8.462729835451735e-5,TRUE,ME,76,1254.5115529860466
3,MRP5,24,0.36538591698853184,0.31886580676181353,0.42770952092233505,0.30939226519337015,0.05599365179516169,0.003135289041357814,FALSE,MD,95,1436.40626173891
3,MRP5,25,0.3381936060967794,0.2883158606394464,0.39601695385303287,0.3460096411355115,-0.007816035038732128,6.109040372668834e-5,TRUE,MA,125,1876.0343533946539
3,MRP5,26,0.33896690551566233,0.29023314839477377,0.3924880140672895,0.40276356192425794,-0.06379665640859561,0.0040700133689164034,FALSE,MI,150,2177.0702336058184
3,MRP5,27,0.2936470830570549,0.2389895055894062,0.3448209721013022,0.31893004115226337,-0.025282958095208474,6.392279700440678e-4,TRUE,MN,117,1699.021959182508
3,MRP5,28,0.3427418849082326,0.2885106072763136,0.4010329659002594,0.33690476190476193,0.005837123003470668,3.407200495764643e-5,TRUE,MS,65,956.039240696255
3,MRP5,29,0.288803383843077,0.22378159123265556,0.34626758720477313,0.31070496083550914,-0.021901576992432115,4.7967907475543177e-4,TRUE,MO,69,959.670891954068
3,MRP5,30,0.2892629986606925,0.23187570392656134,0.3407032792667115,0.27586206896551724,0.013400929695175257,1.7958491669503e-4,TRUE,MT,56,967.8362461815135
3,MRP5,31,0.327801076339967,0.2715462969373545,0.3972161262681881,0.2688553682342502,0.05894570810571681,0.0034745965040843684,FALSE,NE,68,1105.838915393289
3,MRP5,32,0.3497613806536203,0.26361184185132824,0.41909030304166933,0.3879310344827586,-0.03816965382913834,0.001456922473436255,TRUE,NV,72,1119.7751303419982
3,MRP5,33,0.3274837428438174,0.2772499889466868,0.38802451444630476,0.3114874815905744,0.01599626125324305,2.558803740820049e-4,TRUE,NH,91,1584.9371317221035
3,MRP5,34,0.3643676631892186,0.3135814500990661,0.4365795604197993,0.3675276752767528,-0.003160012087534192,9.985676393362202e-6,TRUE,NJ,108,1543.8386723079716
3,MRP5,35,0.34212292082070306,0.29128461643638465,0.3931440617479569,0.3167062549485352,0.025416665872167843,6.460069040574216e-4,TRUE,NM,98,1627.1349195823493
3,MRP5,36,0.32427825783627096,0.2579733601486129,0.3798365423501148,0.34244946492271106,-0.0181712070864401,3.301927669782909e-4,TRUE,NY,112,1523.0986618341274
3,MRP5,37,0.339613823503639,0.28844684674427434,0.39452894728924426,0.30879199428162973,0.030821829222009267,9.499851565907044e-4,TRUE,NC,95,1311.4234693211438
3,MRP5,38,0.2843116996559526,0.22216048810940614,0.3407393425604541,0.3009079118028534,-0.016596212146900824,2.7543425762493844e-4,TRUE,ND,51,864.8992242106422
3,MRP5,39,0.34596354710316396,0.29228727176170627,0.4087778863369742,0.3185703185703186,0.02739322853284537,7.503889694526937e-4,TRUE,OH,83,1151.6125015539817
3,MRP5,40,0.32015008195326855,0.25550007863024526,0.3781054210995495,0.28644240570846075,0.033707676244807805,0.0011362074378247803,TRUE,OK,66,956.0397935492573
3,MRP5,41,0.31676129144827364,0.265860269116822,0.3686762249190134,0.3165644171779141,1.968742703595261e-4,3.8759478329595776e-8,TRUE,OR,107,1646.1286805090951
3,MRP5,42,0.32477461419997505,0.27626544598499797,0.3796057515547243,0.3404605263157895,-0.015685912115814438,2.4604783890505414e-4,TRUE,PA,143,2003.19948642815
3,MRP5,44,0.3278080544300037,0.26769171202927367,0.3953796545795042,0.3433667781493868,-0.015558723719383105,2.4207388377609445e-4,TRUE,RI,39,660.7148759966722
3,MRP5,45,0.33153581827779205,0.2780730663281818,0.38886197681010365,0.31290849673202614,0.018627321545765907,3.4697710796935475e-4,TRUE,SC,71,1041.012531216092
3,MRP5,46,0.3149790443996004,0.25665196956050806,0.3779566790468904,0.2953846153846154,0.019594429014984982,3.8394164842328534e-4,TRUE,SD,36,618.058983516861
3,MRP5,47,0.32445227325760234,0.265834199598352,0.37941508930974593,0.327212020033389,-0.0027597467757866645,7.61620226646489e-6,TRUE,TN,80,1137.5746924373777
3,MRP5,48,0.36427648303793897,0.3227376481648716,0.4121094634203045,0.33565823888404533,0.028618244153893635,8.190038984518672e-4,TRUE,TX,262,3769.2755372977604
3,MRP5,49,0.29507619406269764,0.24340624012592948,0.3452557249945671,0.2304,0.06467619406269765,0.004183010078435726,FALSE,UT,119,1882.6942398841568
3,MRP5,50,0.31805498320596354,0.26315225625468963,0.38193084878937605,0.33587786259541985,-0.017822879389456314,3.176550297311067e-4,TRUE,VT,58,1092.1409630769176
3,MRP5,51,0.3246975990361743,0.2710625727862146,0.38017159920819404,0.2716180371352785,0.0530795619008958,0.002817439891591029,TRUE,VA,120,1740.6369895349294
3,MRP5,53,0.3157087920313603,0.2677812982362375,0.3633259413387662,0.32831683168316833,-0.012608039651808012,1.589626638615631e-4,TRUE,WA,194,2950.3543622280263
3,MRP5,54,0.2945058169252623,0.23286899285778098,0.3574012616868108,0.27807486631016043,0.016430950615101858,2.699761381159161e-4,TRUE,WV,56,887.6985762955791
3,MRP5,55,0.30021277445003336,0.24724944685164718,0.35490985216328086,0.3069958847736626,-0.006783110323629216,4.601058566252524e-5,TRUE,WI,92,1316.697163297052
3,MRP5,56,0.311739508530296,0.25189957691678794,0.38565542696828164,0.2782152230971129,0.03352428543318309,0.0011238777138055317,TRUE,WY,40,707.0633057905497
4,MRP5,01,0.33178606802684085,0.2883303384505945,0.3743077596324571,0.3007135575942915,0.031072510432549327,9.655009045808868e-4,TRUE,AL,69,976.9706995971427
4,MRP5,04,0.312883024989205,0.2758771855094668,0.3507436149379864,0.28578919769271105,0.027093827296493955,7.340754775722409e-4,TRUE,AZ,136,1976.6503733610334
4,MRP5,05,0.3179414110045708,0.2696019452889406,0.36679181183587034,0.2849035187287174,0.03303789227585341,0.0010915023260308944,TRUE,AR,69,1024.3350830388158
4,MRP5,06,0.3500245007071962,0.31711617151647503,0.39370542118410723,0.3766891891891892,-0.026664688481992993,7.110056118417297e-4,TRUE,CA,329,4771.472234193188
4,MRP5,08,0.30013863750474795,0.2532000283628358,0.34013464423095696,0.2865264354747015,0.013612202030046427,1.8529204410680007e-4,TRUE,CO,120,1774.0728873737787
4,MRP5,09,0.322441071115169,0.2790234033627746,0.36572384508618233,0.3638113570741097,-0.04137028595894071,0.001711500560324527,TRUE,CT,71,1050.8487960385298
4,MRP5,10,0.3177094785940538,0.27892707732872546,0.3598135997562822,0.3221957040572792,-0.004486225463225413,2.012621890689207e-5,TRUE,DE,82,1492.4380984598408
4,MRP5,11,0.34171876931958833,0.29685497358471435,0.3865931235558065,0.2659758203799655,0.07574294893962286,0.005736994314070315,FALSE,DC,55,1020.9806293819595
4,MRP5,12,0.3208325819707393,0.28469496014427015,0.3600610503751729,0.35494880546075086,-0.03411622349001159,0.0011639167052204184,TRUE,FL,185,2568.6048184774477
4,MRP5,13,0.3363999035352929,0.29550871885404295,0.3807712126099482,0.3376770538243626,-0.0012771502890696618,1.6311128608707206e-6,TRUE,GA,131,1859.6790579061765
4,MRP5,16,0.2976350328384902,0.2496529942559244,0.3372921234930091,0.27474747474747474,0.022887558091015447,5.238403153696066e-4,TRUE,ID,78,1288.0687166073956
4,MRP5,17,0.3250590514120111,0.2864141467280776,0.3677627789475879,0.3270967741935484,-0.002037722781537299,4.152314134396106e-6,TRUE,IL,105,1442.020280637396
4,MRP5,18,0.31713273770774814,0.2705954407788868,0.36034325319186616,0.3194805194805195,-0.00234778177277134,5.5120792525573365e-6,TRUE,IN,79,1086.7153759561454
4,MRP5,19,0.31566940446885483,0.2745088987422571,0.36238872252265475,0.28534031413612565,0.03032909033272918,9.198537204108466e-4,TRUE,IA,83,1259.9735157707782
4,MRP5,20,0.29529934220677245,0.2377451454647489,0.338245243965716,0.2644787644787645,0.030820577728007947,9.499080114881795e-4,TRUE,KS,64,962.7327514325294
4,MRP5,21,0.3239599807810365,0.2766059445644032,0.3729407470986695,0.3541300527240773,-0.030170071943040833,9.102332410482597e-4,TRUE,KY,74,1086.5667589219402
4,MRP5,22,0.34282224017701785,0.30091332427594714,0.39147106712292423,0.40809248554913297,-0.06527024537211512,0.004260204930936116,FALSE,LA,54,780.8749328399027
4,MRP5,23,0.30040897243462666,0.2571402039932422,0.3527544763018561,0.2982456140350877,0.0021633583995389616,4.680119564855777e-6,TRUE,ME,73,1231.9278628735347
4,MRP5,24,0.33235657558135884,0.29072090426549646,0.37344158038151465,0.30939226519337015,0.022964310387988685,5.27359551595885e-4,TRUE,MD,120,1800.9743811577357
4,MRP5,25,0.3224295276973206,0.28530809499705945,0.370248219961574,0.3460096411355115,-0.02358011343819094,5.560217497579531e-4,TRUE,MA,113,1729.2216600035297
4,MRP5,26,0.32613472853445824,0.28955159675830483,0.36736664073130315,0.40276356192425794,-0.0766288333897997,0.005871978106681682,FALSE,MI,128,1845.2400847755168
4,MRP5,27,0.3022469323896295,0.2593826696125125,0.34679022455607034,0.31893004115226337,-0.016683108762633847,2.783261179858702e-4,TRUE,MN,90,1336.7693695261235
4,MRP5,28,0.3278707659429398,0.27732388229476185,0.3689494532879435,0.33690476190476193,-0.009033995961822139,8.161308303821871e-5,TRUE,MS,65,969.758276584829
4,MRP5,29,0.33430223598374165,0.29216055044432165,0.39098859980332523,0.31070496083550914,0.02359727514823251,5.568313944213916e-4,TRUE,MO,77,1124.3374441005867
4,MRP5,30,0.32499615490180445,0.277642340487614,0.3960279654573138,0.27586206896551724,0.04913408593628721,0.0024141584007944562,FALSE,MT,62,1102.7906874497696
4,MRP5,31,0.3075816085354141,0.2626482790026568,0.35068606305514577,0.2688553682342502,0.038726240301163894,0.0014997216878634906,TRUE,NE,81,1285.068749446911
4,MRP5,32,0.3246490345709821,0.2851517943129352,0.36852448343181066,0.3879310344827586,-0.06328199991177652,0.004004611512834083,FALSE,NV,73,1126.499739325239
4,MRP5,33,0.31477201344134503,0.2745481706684524,0.3682938315634907,0.3114874815905744,0.0032845318507706556,1.0788149478726908e-5,TRUE,NH,86,1509.1002274970504
4,MRP5,34,0.3225255782117386,0.2807661815601746,0.36463392830258196,0.3675276752767528,-0.04500209706501418,0.002025188740248958,FALSE,NJ,107,1492.11409575083
4,MRP5,35,0.3044087668406349,0.24889881608692288,0.34496218132421985,0.3167062549485352,-0.012297488107900323,1.5122821376394987e-4,TRUE,NM,74,1173.5931987850984
4,MRP5,36,0.33080254136524084,0.291173997477264,0.3768582128546145,0.34244946492271106,-0.011646923557470212,1.3565082835355458e-4,TRUE,NY,127,1688.502929961134
4,MRP5,37,0.3308769138116874,0.2887076118153198,0.3735200267615712,0.30879199428162973,0.022084919530057645,4.877436706491216e-4,TRUE,NC,93,1288.8705659831119
4,MRP5,38,0.29712660842589894,0.24397277147148375,0.33651850087150587,0.3009079118028534,-0.0037813033769544813,1.4298255228567364e-5,TRUE,ND,53,888.0240021789203
4,MRP5,39,0.32144030920560895,0.27480414111375007,0.3665664944117057,0.3185703185703186,0.002869990635290365,8.236846246654391e-6,TRUE,OH,89,1233.9558835089917
4,MRP5,40,0.3302857660462768,0.2866015044691861,0.37387701305779847,0.28644240570846075,0.04384336033781605,0.0019222402457115815,FALSE,OK,73,1070.788266702454
4,MRP5,41,0.3093298532452384,0.2693183401539263,0.35283595775318716,0.3165644171779141,-0.007234563932675742,5.2338915295972694e-5,TRUE,OR,109,1670.573282785925
4,MRP5,42,0.3265366474554572,0.29160665272549585,0.37295814327967997,0.3404605263157895,-0.013923878860332306,1.9387440251720888e-4,TRUE,PA,126,1777.9600416642022
4,MRP5,44,0.3257329334856288,0.2844346510606641,0.3819785625056415,0.3433667781493868,-0.017633844663758003,3.1095247762554656e-4,TRUE,RI,51,856.4122702822658
4,MRP5,45,0.3070837575424232,0.257786251779195,0.34367427177255305,0.31290849673202614,-0.005824739189602968,3.392758662689664e-5,TRUE,SC,82,1179.3920125264353
4,MRP5,46,0.3095500045354087,0.2635086465253876,0.3597658054736365,0.2953846153846154,0.014165389150793295,2.006582497934124e-4,TRUE,SD,35,595.9481543359432
4,MRP5,47,0.322250703621178,0.28139101301306996,0.3687437662293245,0.327212020033389,-0.004961316412210981,2.461466054207404e-5,TRUE,TN,94,1337.796300753815
4,MRP5,48,0.3415625231313448,0.3074415906296984,0.37645747415174485,0.33565823888404533,0.005904284247299441,3.486057247290832e-5,TRUE,TX,250,3505.69868187267
4,MRP5,49,0.30811653094330627,0.26040668629603625,0.34964277485621087,0.2304,0.07771653094330627,0.006039859181861881,FALSE,UT,107,1710.0564635339383
4,MRP5,50,0.29297040671494556,0.2468260544154419,0.33967994298964027,0.33587786259541985,-0.04290745588047429,0.0018410497701348476,TRUE,VT,67,1214.7399322796048
4,MRP5,51,0.32377435825309436,0.28164509294515705,0.36563608145743415,0.2716180371352785,0.052156321117815874,0.002720281832544726,FALSE,VA,113,1661.318517969816
4,MRP5,53,0.3169526278854736,0.27998467510976854,0.3543281338047661,0.32831683168316833,-0.011364203797694705,1.2914512795553877e-4,TRUE,WA,177,2697.0800914078163
4,MRP5,54,0.3174854198257366,0.27223196843385816,0.37076818103177983,0.27807486631016043,0.03941055351557615,0.0015531917284040918,TRUE,WV,52,854.4894613648985
4,MRP5,55,0.30663174765855583,0.25924225477236884,0.35351099148243686,0.3069958847736626,-3.6413711510674407e-4,1.3259583859826218e-7,TRUE,WI,72,1028.5111329101505
4,MRP5,56,0.3130946734844495,0.26439527034718746,0.37167056975829393,0.2782152230971129,0.03487945038733664,0.001216576059322678,TRUE,WY,45,819.7579516975666
5,MRP5,01,0.31808599806389837,0.24941552777720566,0.38257846057141204,0.3007135575942915,0.017372440469606842,3.018016878700336e-4,TRUE,AL,80,1125.1192440401585
5,MRP5,04,0.33492321365813577,0.2812594053525309,0.4007955887379644,0.28578919769271105,0.049134015965424715,0.002414151524890611,TRUE,AZ,129,1927.893943101682
5,MRP5,05,0.3074325658229116,0.23773362674925302,0.3776084570349416,0.2849035187287174,0.022529047094194232,5.075579629724216e-4,TRUE,AR,59,878.4891511406599
5,MRP5,06,0.32572254148741153,0.2827074169507829,0.3733864118772163,0.3766891891891892,-0.05096664770177767,0.002597599177957119,FALSE,CA,315,4478.7280681825905
5,MRP5,08,0.3057426710931473,0.25136199622335265,0.3585538770648174,0.2865264354747015,0.019216235618445765,3.692637113436237e-4,TRUE,CO,135,2014.8077720869792
5,MRP5,09,0.3045683475831971,0.234701128365549,0.3734040537162942,0.3638113570741097,-0.0592430094909126,0.0035097341735403605,TRUE,CT,58,857.3119010359043
5,MRP5,10,0.2938826932142302,0.22962220323903804,0.35381885802045904,0.3221957040572792,-0.02831301084304899,8.016265829986097e-4,TRUE,DE,68,1214.0505363464504
5,MRP5,11,0.3078219368835358,0.24054446091115683,0.37109903444732845,0.2659758203799655,0.04184611650357034,0.001751097466430382,TRUE,DC,57,1045.1848530216457
5,MRP5,12,0.34030559618860073,0.2940791814713474,0.3943004098300729,0.35494880546075086,-0.014643209272150126,2.1442357778798344e-4,TRUE,FL,202,2856.946792690901
5,MRP5,13,0.3204724127398345,0.2605930288611688,0.3821885459188159,0.3376770538243626,-0.01720464108452807,2.9599967484743127e-4,TRUE,GA,106,1481.4197911340787
5,MRP5,16,0.29194722684587116,0.23378405021835472,0.35233055541670383,0.27474747474747474,0.017199752098396415,2.9583147224629186e-4,TRUE,ID,93,1556.72034743296
5,MRP5,17,0.3289681876568413,0.2716601847759743,0.3948909684680326,0.3270967741935484,0.001871413463292948,3.502188350594106e-6,TRUE,IL,116,1628.205591773329
5,MRP5,18,0.2785502558266731,0.21003236602494024,0.34061791097212823,0.3194805194805195,-0.04093026365384639,0.0016752864827733788,TRUE,IN,85,1169.125016503987
5,MRP5,19,0.28185312014146635,0.22084800849633793,0.3489684783837831,0.28534031413612565,-0.003487193994659299,1.2160521956387878e-5,TRUE,IA,82,1238.5519026280942
5,MRP5,20,0.2881584346013568,0.2263904125683378,0.34809662880772135,0.2644787644787645,0.02367967012259231,5.607267771147909e-4,TRUE,KS,89,1326.7666064913224
5,MRP5,21,0.3318106565821613,0.27097891091924614,0.4053512499163893,0.3541300527240773,-0.022319396141916026,4.98155444139776e-4,TRUE,KY,73,1058.7311704671058
5,MRP5,22,0.403076572617869,0.32779392749214464,0.49386944176245295,0.40809248554913297,-0.005015912931263966,2.5159382534021072e-5,TRUE,LA,53,778.8777585184718
5,MRP5,23,0.30064977783857993,0.234092812634555,0.3663004048157603,0.2982456140350877,0.002404163803492232,5.780003594022235e-6,TRUE,ME,56,926.7500529473978
5,MRP5,24,0.35653731006304695,0.30415794093812176,0.4142842147958203,0.30939226519337015,0.0471450448696768,0.002222655255763839,TRUE,MD,123,1849.5298534029519
5,MRP5,25,0.3272627782022118,0.27395980720244517,0.3876835733699373,0.3460096411355115,-0.018746862933299746,3.5144486983992797e-4,TRUE,MA,131,1925.973571594856
5,MRP5,26,0.36191331078112615,0.30204959689777083,0.4328935678807585,0.40276356192425794,-0.04085025114313179,0.00166874301845694,TRUE,MI,142,2052.235799543366
5,MRP5,27,0.3122932754073324,0.24923120164221074,0.3772199863369488,0.31893004115226337,-0.006636765744930939,4.4046659553088724e-5,TRUE,MN,99,1444.4568238673526
5,MRP5,28,0.35961160534679676,0.29369288473869604,0.4443650515978798,0.33690476190476193,0.02270684344203483,5.156007391010802e-4,TRUE,MS,52,800.9193776654423
5,MRP5,29,0.28912716059000454,0.22778404243071745,0.35213352302144046,0.31070496083550914,-0.021577800245504597,4.6560146343489826e-4,TRUE,MO,93,1333.4247284227974
5,MRP5,30,0.28418144849624466,0.22192504398921717,0.3526476690394586,0.27586206896551724,0.008319379530727422,6.921207577628642e-5,TRUE,MT,77,1333.697822127363
5,MRP5,31,0.3072423159154828,0.2473231008184006,0.3698103602495746,0.2688553682342502,0.038386947681232575,0.001473557752281687,TRUE,NE,71,1156.05375357637
5,MRP5,32,0.32823131672464506,0.267997551761902,0.3929706525403093,0.3879310344827586,-0.05969971775811356,0.003564056300398419,TRUE,NV,70,1121.167475145084
5,MRP5,33,0.33346032313892743,0.27055919952272284,0.4096019803380306,0.3114874815905744,0.02197284154835305,4.828057657090301e-4,TRUE,NH,76,1332.705856968281
5,MRP5,34,0.3121336759359397,0.25684952095049624,0.36946919036328735,0.3675276752767528,-0.05539399934081307,0.003068495162969999,TRUE,NJ,83,1144.4281207722709
5,MRP5,35,0.34040763627126774,0.2820458520277158,0.40604092792013663,0.3167062549485352,0.02370138132273253,5.617554766055744e-4,TRUE,NM,72,1217.4055473642768
5,MRP5,36,0.28394099076876106,0.22376163727792686,0.33991097890247224,0.34244946492271106,-0.058508474153949996,0.0034232415478234347,FALSE,NY,121,1577.398576319573
5,MRP5,37,0.3442170299452079,0.2757361081400684,0.4173862332633699,0.30879199428162973,0.035425035663578186,0.0012549331517657863,TRUE,NC,84,1160.2880919885886
5,MRP5,38,0.31578149501371505,0.24408209297127673,0.39680319449453,0.3009079118028534,0.01487358321086163,2.2122347753042494e-4,TRUE,ND,40,696.6302600693929
5,MRP5,39,0.3631139270717401,0.292191963934898,0.4462476282212628,0.3185703185703186,0.04454360850142153,0.0019841330583279123,TRUE,OH,84,1196.1827917469925
5,MRP5,40,0.3018774234261288,0.2392221067756998,0.3675132278837631,0.28644240570846075,0.015435017717668031,2.3823977194472606e-4,TRUE,OK,74,1074.747047145753
5,MRP5,41,0.32496630774127416,0.2710825809724796,0.3924959305149279,0.3165644171779141,0.008401890563360048,7.059176503867862e-5,TRUE,OR,96,1490.1346376190693
5,MRP5,42,0.3063905690415128,0.25252458702194147,0.36756866557975026,0.3404605263157895,-0.034069957274276697,0.0011607619886710395,TRUE,PA,127,1796.18298950704
5,MRP5,44,0.31849181847416735,0.25139820658725925,0.3924193436987404,0.3433667781493868,-0.024874959675219466,6.187636188437945e-4,TRUE,RI,51,860.0221841072745
5,MRP5,45,0.3292051165109372,0.26568113334875365,0.396234510094577,0.31290849673202614,0.01629661977891106,2.655798162183951e-4,TRUE,SC,70,1038.3782383588712
5,MRP5,46,0.2727679963978874,0.19473627758307233,0.34399049182133234,0.2953846153846154,-0.02261661898672801,5.115114543908259e-4,TRUE,SD,37,595.071373322596
5,MRP5,47,0.31724994512338023,0.25654030098254227,0.38498505119510706,0.327212020033389,-0.009962074910008778,9.92429365126264e-5,TRUE,TN,95,1349.228840919637
5,MRP5,48,0.3359137793968462,0.2908596534707114,0.3839862289634437,0.33565823888404533,2.555405128008559e-4,6.530095368252439e-8,TRUE,TX,235,3371.4862613305704
5,MRP5,49,0.24368404877821062,0.18711609276087013,0.302788098543616,0.2304,0.013284048778210628,1.7646595194187927e-4,TRUE,UT,124,1979.1707796713945
5,MRP5,50,0.29257793521677716,0.2295819074490827,0.36292166194028286,0.33587786259541985,-0.04329992737864269,0.0018748837109957308,TRUE,VT,55,1013.5540860857272
5,MRP5,51,0.27576565427847816,0.21669968158828853,0.33018540518960676,0.2716180371352785,0.004147617143199667,1.7202727966563764e-5,TRUE,VA,123,1771.0288401733974
5,MRP5,53,0.2878918097694411,0.23517928429346996,0.338697236527247,0.32831683168316833,-0.04042502191372721,0.0016341823967253252,TRUE,WA,184,2769.296623630786
5,MRP5,54,0.3072190858330538,0.23719206564088066,0.3798049220671903,0.27807486631016043,0.029144219522893366,8.493855315985988e-4,TRUE,WV,66,1052.3844641403825
5,MRP5,55,0.2771826102487137,0.22188412011959463,0.34012039965171154,0.3069958847736626,-0.029813274524948863,8.888313378999648e-4,TRUE,WI,88,1249.28663067647
5,MRP5,56,0.31958773282639,0.248852928036597,0.3997362466435744,0.2782152230971129,0.04137250972927714,0.0017116845612991317,TRUE,WY,49,912.0473152974934
6,MRP5,01,0.2924923494712439,0.21801500286257514,0.363534899426206,0.3007135575942915,-0.008221208123047608,6.758826300246397e-5,TRUE,AL,67,937.333459343739
6,MRP5,04,0.3153659465375775,0.2640347519999263,0.3706194447581233,0.28578919769271105,0.02957674884486644,8.747840722323083e-4,TRUE,AZ,120,1763.8218276051546
6,MRP5,05,0.3284028310604515,0.25261154878083325,0.3992986673722074,0.2849035187287174,0.0434993123317341,0.001892190173333754,TRUE,AR,45,684.8167851115346
6,MRP5,06,0.34926453958118625,0.30354348959217103,0.39073995734480543,0.3766891891891892,-0.02742464960800295,7.521114061217363e-4,TRUE,CA,328,4689.220303596519
6,MRP5,08,0.3089494788743427,0.2517356282439166,0.3677444039269543,0.2865264354747015,0.022423043399641185,5.027928753021921e-4,TRUE,CO,106,1593.2904651948256
6,MRP5,09,0.34899871812245364,0.28669593379474523,0.4133383677546862,0.3638113570741097,-0.014812638951656076,2.1941427271211883e-4,TRUE,CT,73,1096.5045310535304
6,MRP5,10,0.3440340400686205,0.2834673419005842,0.4156187275660646,0.3221957040572792,0.021838336011341275,4.7691291974424514e-4,TRUE,DE,77,1394.343151867968
6,MRP5,11,0.31491465481601166,0.23870595315208715,0.3804354524940308,0.2659758203799655,0.048938834436046186,0.00239500951595874,TRUE,DC,53,1014.5708195778158
6,MRP5,12,0.34256757118588876,0.2928612850612108,0.39917711996374955,0.35494880546075086,-0.012381234274862096,1.5329496216901994e-4,TRUE,FL,189,2686.9379026590514
6,MRP5,13,0.34544991443144,0.2839938977527336,0.4005385324839168,0.3376770538243626,0.007772860607077436,6.041736201705621e-5,TRUE,GA,134,1903.2674939411254
6,MRP5,16,0.30886824692983916,0.24885401380733638,0.3739236934243878,0.27474747474747474,0.03412077218236442,0.0011642270943208138,TRUE,ID,77,1307.8878938514251
6,MRP5,17,0.35016657920427696,0.29219848424066197,0.4149466514996374,0.3270967741935484,0.023069805010728583,5.322159032330377e-4,TRUE,IL,119,1665.9054661319935
6,MRP5,18,0.3341825800082506,0.27363167406540756,0.4055413816363422,0.3194805194805195,0.014702060527731098,2.161505837610688e-4,TRUE,IN,89,1269.9169464007598
6,MRP5,19,0.3005317323405377,0.23551349878066935,0.3677748045929502,0.28534031413612565,0.015191418204412055,2.30779187061342e-4,TRUE,IA,66,990.8485899860362
6,MRP5,20,0.2964655199777048,0.23167350905944714,0.3641899388301523,0.2644787644787645,0.03198675549894031,0.0010231525273489883,TRUE,KS,67,1007.176826113528
6,MRP5,21,0.35250643188625175,0.2895981410631485,0.4186414661157034,0.3541300527240773,-0.001623620837825579,2.636144625021435e-6,TRUE,KY,74,1100.4408035545262
6,MRP5,22,0.3993444990026399,0.3290107386912104,0.48925371782307675,0.40809248554913297,-0.008747986546493058,7.652726861762354e-5,TRUE,LA,51,756.4091090939796
6,MRP5,23,0.35872613280585236,0.2961450525291254,0.436696820718686,0.2982456140350877,0.06048051877076466,0.003657893150780816,TRUE,ME,70,1209.3004676848766
6,MRP5,24,0.31949606560684957,0.2627383176528431,0.37675710117578537,0.30939226519337015,0.010103800413479413,1.0208678279542677e-4,TRUE,MD,119,1723.5669218400326
6,MRP5,25,0.33486796150647963,0.27817373427322034,0.39781793961773354,0.3460096411355115,-0.011141679629031898,1.2413702495598438e-4,TRUE,MA,128,1906.0052483469522
6,MRP5,26,0.37508343667906024,0.3149340128677055,0.4427980421769743,0.40276356192425794,-0.027680125245197695,7.661893335898308e-4,TRUE,MI,136,1970.4005996435951
6,MRP5,27,0.335604308207243,0.2757736107271191,0.40407359124596737,0.31893004115226337,0.016674267054979652,2.780311818207798e-4,TRUE,MN,100,1488.6024507406762
6,MRP5,28,0.3433189547980371,0.2673817146731485,0.4116219375168305,0.33690476190476193,0.006414192893275161,4.1141870472141584e-5,TRUE,MS,61,917.1117578350652
6,MRP5,29,0.34068859847154015,0.27837221648194255,0.40843428715734426,0.31070496083550914,0.029983637636031013,8.990185258888155e-4,TRUE,MO,79,1140.1195487675132
6,MRP5,30,0.32723815450653626,0.2650325688830459,0.3966604391290376,0.27586206896551724,0.05137608554101902,0.0026395021655181037,TRUE,MT,59,1049.4041308959424
6,MRP5,31,0.276451506854962,0.21071285849846974,0.3419017110449621,0.2688553682342502,0.00759613862071179,5.770132194506921e-5,TRUE,NE,75,1171.5284744567382
6,MRP5,32,0.37480952863457945,0.3104217448906964,0.4494836108411944,0.3879310344827586,-0.013121505848179171,1.721739157238002e-4,TRUE,NV,65,1033.5219919353556
6,MRP5,33,0.2936764108206893,0.23179827754047103,0.35563301215506066,0.3114874815905744,-0.017811070769885085,3.1723424196985486e-4,TRUE,NH,81,1399.892022849054
6,MRP5,34,0.34900183022132863,0.2848552913479235,0.4128365565208995,0.3675276752767528,-0.01852584505542415,3.4320693501758347e-4,TRUE,NJ,85,1163.5619712463433
6,MRP5,35,0.37585824957753944,0.31735894436586154,0.44357100942482114,0.3167062549485352,0.05915199462900422,0.0034989584685897446,FALSE,NM,85,1445.885880275946
6,MRP5,36,0.3751427683175155,0.31551529910885473,0.44659392873603176,0.34244946492271106,0.03269330339480442,0.0010688520868647302,TRUE,NY,136,1905.8350288688384
6,MRP5,37,0.36465995170924137,0.30545335567149406,0.42849525033653046,0.30879199428162973,0.055867957427611636,0.0031212286671334264,TRUE,NC,107,1513.5764132694576
6,MRP5,38,0.3156775137086298,0.24473884347261815,0.3910777393462557,0.3009079118028534,0.014769601905776364,2.181411404551128e-4,TRUE,ND,50,880.4149093552571
6,MRP5,39,0.3257543022531984,0.2602594007458971,0.3927328836300664,0.3185703185703186,0.007183983682879813,5.16096215558834e-5,TRUE,OH,101,1375.2151595489279
6,MRP5,40,0.36214863911519024,0.2973119221293849,0.4364928005986298,0.28644240570846075,0.0757062334067295,0.005731433776634205,FALSE,OK,67,984.9277094084468
6,MRP5,41,0.3435870220484363,0.2874273329198349,0.4146082938296945,0.3165644171779141,0.02702260487052216,7.30221173988368e-4,TRUE,OR,96,1484.052019467389
6,MRP5,42,0.335827572842323,0.2856006934734269,0.3924533913675766,0.3404605263157895,-0.0046329534734664835,2.1464257887305155e-5,TRUE,PA,136,1908.2565168012234
6,MRP5,44,0.31367617431403044,0.2464869984542021,0.3751783453105099,0.3433667781493868,-0.029690603835356377,8.815319561080788e-4,TRUE,RI,59,1014.0394343175801
6,MRP5,45,0.33899106354194053,0.27670940465294797,0.4071397292681925,0.31290849673202614,0.026082566809914387,6.803002913936476e-4,TRUE,SC,87,1269.4430710168895
6,MRP5,46,0.2799189990356851,0.21001955967770977,0.34348123014711013,0.2953846153846154,-0.015465616348930289,2.3918528905229983e-4,TRUE,SD,39,634.1985364746831
6,MRP5,47,0.2968706500884027,0.23106092944595732,0.35730712365854267,0.327212020033389,-0.03034136994498632,9.205987301385191e-4,TRUE,TN,78,1083.5084424089605
6,MRP5,48,0.3246501475324048,0.2770021133619044,0.37160190612136146,0.33565823888404533,-0.011008091351640548,1.2117807520606342e-4,TRUE,TX,249,3497.597832036657
6,MRP5,49,0.30872503200879503,0.2533353478042425,0.36390082436666404,0.2304,0.07832503200879504,0.006134810639178767,FALSE,UT,130,2118.5008763575215
6,MRP5,50,0.29794909731267977,0.23362060847228547,0.36671492822500223,0.33587786259541985,-0.037928765282740085,0.0014385912358731896,TRUE,VT,55,996.4100798300051
6,MRP5,51,0.28118643335973187,0.2160609855792438,0.3382768203730252,0.2716180371352785,0.00956839622445338,9.155420630813369e-5,TRUE,VA,137,1986.951280502886
6,MRP5,53,0.34871350564126824,0.2979654832978502,0.4065988148518142,0.32831683168316833,0.02039667395809991,4.16024308553031e-4,TRUE,WA,169,2583.003822529
6,MRP5,54,0.3266282405949138,0.2546637131758428,0.40601346072936384,0.27807486631016043,0.04855337428475337,0.0023574301544353497,TRUE,WV,58,948.829947996332
6,MRP5,55,0.32134655688129105,0.25711732031032836,0.3888241231770098,0.3069958847736626,0.01435067210762847,2.0594178994066576e-4,TRUE,WI,71,1015.5508245911288
6,MRP5,56,0.309366920041819,0.2368538241111408,0.38275829665822575,0.2782152230971129,0.031151696944706098,9.704282225348112e-4,TRUE,WY,45,788.2357982172359
7,MRP5,01,0.3355179161013057,0.26348313734813017,0.40829320965650384,0.3007135575942915,0.03480435850701419,0.001211343371084771,TRUE,AL,72,1025.2933063297826
7,MRP5,04,0.31263185969609364,0.25803256100847116,0.36934417596967517,0.28578919769271105,0.02684266200338259,7.205285034278394e-4,TRUE,AZ,135,1976.2525840936278
7,MRP5,05,0.2804136261999083,0.20819358855432252,0.36089260765900744,0.2849035187287174,-0.004489892528809103,2.0159134920255803e-5,TRUE,AR,55,827.7475565579368
7,MRP5,06,0.38846025163608144,0.34527377427066025,0.4385091007942355,0.3766891891891892,0.011771062446892244,1.3855791112863682e-4,TRUE,CA,304,4392.6310925878015
7,MRP5,08,0.253453962940396,0.19611934786660182,0.31414579863749514,0.2865264354747015,-0.03307247253430551,0.0010937884395323923,TRUE,CO,144,2102.1781069371154
7,MRP5,09,0.393940902033817,0.3166894095936074,0.474892273996843,0.3638113570741097,0.030129544959707266,9.077894794790216e-4,TRUE,CT,77,1171.4478202916791
7,MRP5,10,0.2879779920983251,0.22450170310031656,0.35299228555315265,0.3221957040572792,-0.03421771195895412,0.001170851811705952,TRUE,DE,73,1291.8533401048817
7,MRP5,11,0.2817667423472605,0.20858174390771897,0.35516936497547213,0.2659758203799655,0.015790921967295035,2.493532165772009e-4,TRUE,DC,52,962.0100070573061
7,MRP5,12,0.35413967129278545,0.30722273686224655,0.40724003079842164,0.35494880546075086,-8.091341679654085e-4,6.546981017690739e-7,TRUE,FL,198,2795.0063282430087
7,MRP5,13,0.31217738805519313,0.24761137390682922,0.3766586432560922,0.3376770538243626,-0.025499665769169455,6.502329543393525e-4,TRUE,GA,121,1689.7432264383867
7,MRP5,16,0.2559464188676347,0.1891279635263321,0.33038243409278667,0.27474747474747474,-0.018801055879840045,3.5347970219686795e-4,TRUE,ID,89,1493.888274019667
7,MRP5,17,0.32163465708245464,0.2659863802759913,0.38572758534945834,0.3270967741935484,-0.005462117111093734,2.9834723335302956e-5,TRUE,IL,130,1806.207485941191
7,MRP5,18,0.2887989048790899,0.22109333535790643,0.36258015807067473,0.3194805194805195,-0.030681614601429597,9.413614745506578e-4,TRUE,IN,68,966.9665831291978
7,MRP5,19,0.30748428228323404,0.2393400822245136,0.38542108828607824,0.28534031413612565,0.022143968147108395,4.903553253001512e-4,TRUE,IA,82,1271.9600764779732
7,MRP5,20,0.3018554702100496,0.22450983238724695,0.38719043079950344,0.2644787644787645,0.0373767057312851,0.0013970181313230803,TRUE,KS,58,876.1580654945899
7,MRP5,21,0.30017673790634564,0.22665614904810133,0.379912972825296,0.3541300527240773,-0.05395331481773169,0.002910960179821266,TRUE,KY,68,987.3822947820022
7,MRP5,22,0.38208182246574124,0.30148051746068094,0.4694367686816229,0.40809248554913297,-0.026010663083391727,6.765545940377172e-4,TRUE,LA,53,773.4176240478615
7,MRP5,23,0.2581820083776543,0.18636415697012237,0.3429188295217556,0.2982456140350877,-0.04006360565743339,0.0016050924982743285,TRUE,ME,56,908.5976939860166
7,MRP5,24,0.35645107859180986,0.29581257017492346,0.4211363115121313,0.30939226519337015,0.0470588133984397,0.002214531918469168,TRUE,MD,108,1606.0597041665246
7,MRP5,25,0.35355224095706805,0.29518656438336216,0.4186963942011797,0.3460096411355115,0.007542599821556528,5.6890812068144573e-5,TRUE,MA,140,2087.6125343691974
7,MRP5,26,0.4250982154480518,0.35472310166645493,0.49426636511626487,0.40276356192425794,0.02233465352379388,4.988367480279184e-4,TRUE,MI,138,2032.8091260464403
7,MRP5,27,0.3331600570970043,0.2654088195016184,0.4134540901897332,0.31893004115226337,0.014230015944740937,2.024933537875813e-4,TRUE,MN,94,1400.1334833286521
7,MRP5,28,0.3480193482494245,0.2705497711973752,0.42667941148852356,0.33690476190476193,0.011114586344662558,1.235340296129594e-4,TRUE,MS,57,846.0430886956841
7,MRP5,29,0.27115237749663673,0.20380470040432125,0.3477781849768101,0.31070496083550914,-0.039552583338872405,0.001564406848778447,TRUE,MO,71,1004.9337183528418
7,MRP5,30,0.2842941709923861,0.21697121080041176,0.35880131919047276,0.27586206896551724,0.008432102026868837,7.110034459152555e-5,TRUE,MT,78,1373.856134887476
7,MRP5,31,0.30692562436764426,0.23825797667697948,0.38726075795353104,0.2688553682342502,0.03807025613339404,0.0014493444020622268,TRUE,NE,57,932.4099882726296
7,MRP5,32,0.31334445956023654,0.253247089234543,0.3794977216294526,0.3879310344827586,-0.07458657492252208,0.005563157158672999,FALSE,NV,81,1254.0146841706141
7,MRP5,33,0.33330282321685584,0.25641591569627564,0.41653384794979015,0.3114874815905744,0.02181534162628146,4.7590913027136856e-4,TRUE,NH,59,1046.328193922021
7,MRP5,34,0.3541745793729488,0.2792709802117028,0.4353517243923148,0.3675276752767528,-0.013353095903804013,1.7830517021618752e-4,TRUE,NJ,88,1225.9826598767747
7,MRP5,35,0.34165017741695236,0.2769235096813685,0.4129335656271658,0.3167062549485352,0.024943922468417146,6.221992681104057e-4,TRUE,NM,66,1098.1409505749077
7,MRP5,36,0.330004338719271,0.266432570905303,0.39650551403534295,0.34244946492271106,-0.012445126203440071,1.5488116621955068e-4,TRUE,NY,125,1663.8942521753079
7,MRP5,37,0.35445974848105,0.28826970900747173,0.4313945452701048,0.30879199428162973,0.04566775419942026,0.002085543773618667,TRUE,NC,99,1383.9557027175983
7,MRP5,38,0.312742574657339,0.23790535976359178,0.3933919895417804,0.3009079118028534,0.01183466285448559,1.40059244879341e-4,TRUE,ND,46,822.0891805998695
7,MRP5,39,0.2633773344991153,0.19610642453594437,0.3336306888619172,0.3185703185703186,-0.055192984071203266,0.0030462654906840973,TRUE,OH,102,1350.3125097431553
7,MRP5,40,0.25299026284328435,0.18910308221894387,0.3182620902064694,0.28644240570846075,-0.03345214286517639,0.0011190458622721718,TRUE,OK,73,1040.9432361029872
7,MRP5,41,0.30175228417863836,0.24245094372747467,0.3723943434003309,0.3165644171779141,-0.014812132999275751,2.1939928398823365e-4,TRUE,OR,119,1815.8730658977997
7,MRP5,42,0.33863019660327714,0.2806692210147998,0.4045425434367894,0.3404605263157895,-0.0018303297125123463,3.3501068565055285e-6,TRUE,PA,131,1852.5582596468635
7,MRP5,44,0.36984418618731696,0.2888718359690223,0.4666740470351123,0.3433667781493868,0.02647740803793014,7.010531364070475e-4,TRUE,RI,40,698.763140593412
7,MRP5,45,0.29056322174219207,0.2306162601377688,0.3567785828603996,0.31290849673202614,-0.022345274989834074,4.993113143713042e-4,TRUE,SC,89,1281.927471648029
7,MRP5,46,0.30007086880395933,0.21788378306865577,0.39041432870315557,0.2953846153846154,0.004686253419343922,2.19609711103126e-5,TRUE,SD,46,764.6137873364029
7,MRP5,47,0.349849682510001,0.28215906848764455,0.425988331224264,0.327212020033389,0.022637662476611975,5.124637624050058e-4,TRUE,TN,90,1273.8898206879753
7,MRP5,48,0.3409213328740124,0.28982519352756336,0.3907283484249969,0.33565823888404533,0.005263093989967049,2.7700158347227273e-5,TRUE,TX,251,3514.9087574194496
7,MRP5,49,0.28856195430453846,0.22221002031477455,0.35324112176244876,0.2304,0.058161954304538466,0.0033828129285232203,TRUE,UT,118,1872.8993198095436
7,MRP5,50,0.34038569170459165,0.2717247191645062,0.4186709446443497,0.33587786259541985,0.0045078291091718015,2.0320523277496636e-5,TRUE,VT,63,1202.4509445785166
7,MRP5,51,0.2982621363304862,0.2455944905239028,0.36018203985491165,0.2716180371352785,0.026644099195207716,7.099080219240684e-4,TRUE,VA,135,1950.2735485232488
7,MRP5,53,0.3080392592533001,0.2542676656880482,0.36798135239991353,0.32831683168316833,-0.020277572429868218,4.111799436485517e-4,TRUE,WA,171,2564.793185538184
7,MRP5,54,0.3583168844564225,0.2689328064502748,0.45368792386273776,0.27807486631016043,0.08024201814626208,0.006438781476185053,TRUE,WV,56,911.6562870992557
7,MRP5,55,0.34713899161804906,0.27174350628512894,0.4214546113587697,0.3069958847736626,0.04014310684438649,0.0016114690271198293,TRUE,WI,88,1291.1684800864803
7,MRP5,56,0.2856754797193822,0.2010628517065402,0.3786575031639895,0.2782152230971129,0.00746025662226929,5.56554288701128e-5,TRUE,WY,34,583.4303882763805
8,MRP5,01,0.3295045006084705,0.261378406487286,0.4096503215816385,0.3007135575942915,0.02879094301417895,8.289183996456997e-4,TRUE,AL,74,1050.690748495988
8,MRP5,04,0.25373793540170325,0.19845682366851983,0.30984256953248074,0.28578919769271105,-0.0320512622910078,0.0010272834144469784,TRUE,AZ,134,1932.688692332469
8,MRP5,05,0.27918913860841355,0.20921220865417334,0.34687515020024334,0.2849035187287174,-0.005714380120303841,3.2654140159323745e-5,TRUE,AR,50,733.4942162706812
8,MRP5,06,0.34270245893211343,0.3006407960048532,0.3864301157053265,0.3766891891891892,-0.03398673025707577,0.0011550978335672297,TRUE,CA,318,4484.583101817463
8,MRP5,08,0.2872123683723202,0.2260064045261461,0.3487294683233115,0.2865264354747015,6.859328976187018e-4,4.7050394003558844e-7,TRUE,CO,103,1541.0947681309815
8,MRP5,09,0.30120504897385353,0.22881831033482475,0.3732085471608002,0.3638113570741097,-0.06260630810025619,0.003919549813944204,TRUE,CT,58,868.1582402591531
8,MRP5,10,0.3025293444787232,0.24347331442284292,0.3711852368558388,0.3221957040572792,-0.019666359578556003,3.8676569907306144e-4,TRUE,DE,86,1569.2979106840119
8,MRP5,11,0.3602773961551626,0.2926172780063872,0.43646184239235547,0.2659758203799655,0.0943015757751971,0.00889278719368524,FALSE,DC,53,997.5036964654316
8,MRP5,12,0.33411820856885555,0.2807759258461387,0.3934558679702253,0.35494880546075086,-0.020830596891895314,4.339137668726387e-4,TRUE,FL,177,2482.4035694099643
8,MRP5,13,0.3245400231479014,0.26827895035118227,0.3821828115793857,0.3376770538243626,-0.013137030676461159,1.7258157499428154e-4,TRUE,GA,129,1830.583867246974
8,MRP5,16,0.2589062939276605,0.19304637509517797,0.3232316731892952,0.27474747474747474,-0.015841180819814227,2.5094300976605016e-4,TRUE,ID,88,1436.23976464121
8,MRP5,17,0.34953170278458934,0.28595464905412316,0.426071554911802,0.3270967741935484,0.02243492859104096,5.03326020885107e-4,TRUE,IL,92,1274.7077797821667
8,MRP5,18,0.32208487047234136,0.2562826308229177,0.3935603224854337,0.3194805194805195,0.00260435099182188,6.782644088603609e-6,TRUE,IN,76,1069.1994235358882
8,MRP5,19,0.3074438222908729,0.2334556631445651,0.3876466918297831,0.28534031413612565,0.022103508154747264,4.885650727469788e-4,TRUE,IA,62,950.8975264520009
8,MRP5,20,0.2821158139946514,0.21432069043902238,0.35216064441536166,0.2644787644787645,0.017637049515886905,3.110655156258465e-4,TRUE,KS,65,977.8736181366428
8,MRP5,21,0.34013542150590514,0.27139167638642986,0.42051336207550954,0.3541300527240773,-0.013994631218172182,1.9584970293263942e-4,TRUE,KY,70,1025.0703928955545
8,MRP5,22,0.3851158083721035,0.31115342318525024,0.47837649512336344,0.40809248554913297,-0.022976677177029448,5.279276940974259e-4,TRUE,LA,59,856.8882775002937
8,MRP5,23,0.30389578646439613,0.24122562608950793,0.38321444394255777,0.2982456140350877,0.005650172429308431,3.192444848091714e-5,TRUE,ME,71,1183.0554137271686
8,MRP5,24,0.3236912602085631,0.2626435180697732,0.38273913644191104,0.30939226519337015,0.014298995015192939,2.0446125844451253e-4,TRUE,MD,115,1688.6116989709612
8,MRP5,25,0.3522317119214191,0.288622466746351,0.4186717000637522,0.3460096411355115,0.006222070785907585,3.871416486484464e-5,TRUE,MA,127,1898.0318174668307
8,MRP5,26,0.3555427751693988,0.2977876995966152,0.42305825441337025,0.40276356192425794,-0.047220786754859134,0.0022298027017478798,TRUE,MI,131,1942.095916401568
8,MRP5,27,0.29205093265668874,0.23211862048341286,0.3522661214272843,0.31893004115226337,-0.026879108495574622,7.224864735168718e-4,TRUE,MN,112,1610.9222720753805
8,MRP5,28,0.37860210394038973,0.307348141333961,0.46685438649935723,0.33690476190476193,0.041697342035627805,0.0017386683328361335,TRUE,MS,46,698.3941054777073
8,MRP5,29,0.31343964967551086,0.24307265445046994,0.392137036853584,0.31070496083550914,0.00273468884000172,7.478523051629953e-6,TRUE,MO,68,959.0987565764133
8,MRP5,30,0.3073349071131549,0.24316525048947105,0.38502854713707213,0.27586206896551724,0.03147283814763768,9.905395410673978e-4,TRUE,MT,67,1172.1609278469512
8,MRP5,31,0.24809191197543287,0.18041560879464633,0.3184217354661192,0.2688553682342502,-0.020763456258817342,4.3112111581182104e-4,TRUE,NE,67,1038.1919125982213
8,MRP5,32,0.3195819591487985,0.2603517092431468,0.3891450684626109,0.3879310344827586,-0.06834907533396012,0.004671596099007355,TRUE,NV,80,1260.9549191931158
8,MRP5,33,0.2661405566768488,0.21058232237898156,0.32705870790048314,0.3114874815905744,-0.04534692491372555,0.002056343599131063,TRUE,NH,95,1604.3357133312725
8,MRP5,34,0.3041679381436941,0.24155042067198512,0.3610002928719751,0.3675276752767528,-0.0633597371330587,0.004014456289570298,FALSE,NJ,128,1791.14943355417
8,MRP5,35,0.3222418496446325,0.26240975143973827,0.3874231091252986,0.3167062549485352,0.005535594696097268,3.0642808639460204e-5,TRUE,NM,88,1457.3181823082284
8,MRP5,36,0.36663501585617236,0.3060703756929806,0.4311000095697602,0.34244946492271106,0.02418555093346131,5.849408739550512e-4,TRUE,NY,141,1952.228279141762
8,MRP5,37,0.29560822404080556,0.23538692998275149,0.35920852543473203,0.30879199428162973,-0.013183770240824177,1.738117977628412e-4,TRUE,NC,112,1519.4528583308243
8,MRP5,38,0.30791044234520615,0.23167605783610198,0.39003218254289623,0.3009079118028534,0.007002530542352725,4.903543399658275e-5,TRUE,ND,38,650.8998149472131
8,MRP5,39,0.3481680430431533,0.2808366768097544,0.4247684890646294,0.3185703185703186,0.029597724472834708,8.760252939698386e-4,TRUE,OH,90,1241.3286251676627
8,MRP5,40,0.27429896178461294,0.20963219087085017,0.34021217442038737,0.28644240570846075,-0.012143443923847808,1.4746323033163624e-4,TRUE,OK,80,1146.383018673564
8,MRP5,41,0.26493731359576156,0.19293817764518467,0.3307242178585449,0.3165644171779141,-0.051627103582152556,0.0026653578242823092,TRUE,OR,87,1312.7958616574956
8,MRP5,42,0.32981451464159167,0.27392974641399725,0.396107086191392,0.3404605263157895,-0.01064601167419782,1.1333756456715627e-4,TRUE,PA,133,1846.3359791770372
8,MRP5,44,0.29666106968328654,0.2273325074571556,0.370376298952037,0.3433667781493868,-0.04670570846610028,0.0021814232033203515,TRUE,RI,53,881.6055890015365
8,MRP5,45,0.33574247905718485,0.2631128098610217,0.41105125409224186,0.31290849673202614,0.022833982325158708,5.213907488256603e-4,TRUE,SC,75,1099.8102118557306
8,MRP5,46,0.3106327092192369,0.2251117636276686,0.400814128198016,0.2953846153846154,0.015248093834621501,2.3250436558942223e-4,TRUE,SD,35,594.2764618266642
8,MRP5,47,0.3459100787797163,0.27766234239473153,0.42194651159370616,0.327212020033389,0.018698058746327295,3.4961740088110667e-4,TRUE,TN,87,1210.922728731921
8,MRP5,48,0.3274786505176645,0.2837084830033207,0.37594803169814756,0.33565823888404533,-0.00817958836638083,6.690566584343262e-5,TRUE,TX,251,3513.6847974669577
8,MRP5,49,0.25179135599668884,0.19446816712453446,0.30850085455250686,0.2304,0.021391355996688843,4.5759011137707576e-4,TRUE,UT,135,2186.9589344971632
8,MRP5,50,0.3503857602186503,0.2782575886619483,0.43579662104490596,0.33587786259541985,0.014507897623230459,2.10479093446136e-4,TRUE,VT,68,1285.1024358342308
8,MRP5,51,0.2787451634213087,0.2240026536523085,0.3365223787092961,0.2716180371352785,0.007127126286030183,5.079592909702239e-5,TRUE,VA,118,1703.9415063603367
8,MRP5,53,0.335771661205364,0.28321100624114853,0.39068603751590103,0.32831683168316833,0.007454829522195672,5.557448320500015e-5,TRUE,WA,165,2565.6801977505534
8,MRP5,54,0.27595284664153796,0.2096097259628433,0.35400795045461275,0.27807486631016043,-0.0021220196686224657,4.502967474020599e-6,TRUE,WV,59,913.5696596066607
8,MRP5,55,0.2789359831971281,0.21426642421590783,0.3454969811805587,0.3069958847736626,-0.028059901576534485,7.873580764848025e-4,TRUE,WI,88,1240.1614627610054
8,MRP5,56,0.26441766901970204,0.1928067872788387,0.34168851085428487,0.2782152230971129,-0.013797554077410845,1.9037249851907665e-4,TRUE,WY,44,766.0432138592013
9,MRP5,01,0.32596071354748696,0.26982399841100735,0.3878011622554462,0.3007135575942915,0.025247155953195433,6.374188837249716e-4,TRUE,AL,57,835.0344875703191
9,MRP5,04,0.3224112421230956,0.266284450811053,0.3772435257078381,0.28578919769271105,0.036622044430384526,0.0013411741382610583,TRUE,AZ,113,1664.1093406732532
9,MRP5,05,0.3251460250300525,0.2648099854035226,0.3902769181365632,0.2849035187287174,0.040242506301335135,0.001619459313412998,TRUE,AR,63,948.8661184465218
9,MRP5,06,0.37710323086057496,0.3348606954507244,0.4232803196500986,0.3766891891891892,4.140416713857564e-4,1.7143050564391071e-7,TRUE,CA,329,4734.865669916093
9,MRP5,08,0.2902860404935253,0.23254635295774992,0.3427575037807968,0.2865264354747015,0.003759605018823775,1.4134629897564918e-5,TRUE,CO,115,1692.4074608628919
9,MRP5,09,0.34080025792255675,0.2848290432104327,0.4059283058367513,0.3638113570741097,-0.02301109915155297,5.295106841626019e-4,TRUE,CT,55,831.8715991993403
9,MRP5,10,0.31808752315841887,0.26068889509964166,0.38099928205106565,0.3221957040572792,-0.004108180898860336,1.6877150297760922e-5,TRUE,DE,66,1196.948556931922
9,MRP5,11,0.3274638879481125,0.2641407133285159,0.386429663571087,0.2659758203799655,0.06148806756814701,0.0037807824532650122,TRUE,DC,59,1067.6306158880382
9,MRP5,12,0.3425992496099396,0.29911057832212734,0.3916893338116408,0.35494880546075086,-0.012349555850811267,1.525115297123068e-4,TRUE,FL,204,2873.4308454202537
9,MRP5,13,0.3236590112435215,0.2746342174750865,0.3756204864780396,0.3376770538243626,-0.014018042580841106,1.9650551779827437e-4,TRUE,GA,114,1605.8419116525122
9,MRP5,16,0.29547716183452766,0.2344108516335868,0.353625480460176,0.27474747474747474,0.020729687087052917,4.297199267271285e-4,TRUE,ID,84,1410.8415671909063
9,MRP5,17,0.3483732191036429,0.291530678342478,0.40729872708227677,0.3270967741935484,0.021276444910094505,4.5268710801228636e-4,TRUE,IL,98,1371.656338852571
9,MRP5,18,0.3167182464637329,0.2565673520919171,0.38273623981746513,0.3194805194805195,-0.002762273016786554,7.63015221926709e-6,TRUE,IN,65,920.6179724303872
9,MRP5,19,0.3157907152622649,0.2526678520713516,0.37991850146330586,0.28534031413612565,0.030450401126139226,9.27226928742781e-4,TRUE,IA,80,1228.19638082222
9,MRP5,20,0.3257722842123953,0.2665179572065428,0.3916529408460814,0.2644787644787645,0.061293519733630786,0.0037568955613369866,FALSE,KS,79,1232.4143360171756
9,MRP5,21,0.33659572453442616,0.27562207273680017,0.4008138107004537,0.3541300527240773,-0.01753432818965117,3.074526650623957e-4,TRUE,KY,88,1288.9234118174504
9,MRP5,22,0.3465861673687042,0.2861874337800394,0.40916820597557657,0.40809248554913297,-0.06150631818042879,0.003783027176112145,TRUE,LA,60,853.6708030841378
9,MRP5,23,0.26614206331896784,0.20365579895382904,0.33305253758258324,0.2982456140350877,-0.032103550716119866,0.0010306379685824803,TRUE,ME,66,1097.2202556986667
9,MRP5,24,0.31437635269223496,0.2576448368453969,0.36684102825886045,0.30939226519337015,0.004984087498864809,2.4841128196340463e-5,TRUE,MD,98,1423.0310409456208
9,MRP5,25,0.34860693031411577,0.29546174778438455,0.40666345792849445,0.3460096411355115,0.002597289178604245,6.7459110772947144e-6,TRUE,MA,123,1819.5484764322025
9,MRP5,26,0.35702342677127574,0.30588688865738684,0.4202047743818465,0.40276356192425794,-0.0457401351529822,0.0020921599638130776,TRUE,MI,141,2089.4961168026207
9,MRP5,27,0.3424268991588698,0.2851957618757451,0.40900508904049915,0.31893004115226337,0.023496858006606447,5.521023361826255e-4,TRUE,MN,106,1579.1692867192005
9,MRP5,28,0.33155371331706734,0.26728274358550363,0.3922326933418151,0.33690476190476193,-0.005351048587694585,2.863372098786821e-5,TRUE,MS,48,709.9200562601483
9,MRP5,29,0.3090469120912086,0.2521341041562878,0.3724861045249843,0.31070496083550914,-0.0016580487443005332,2.7491256384765747e-6,TRUE,MO,87,1226.1006872058447
9,MRP5,30,0.29361751732659,0.23066203844318373,0.3603959594859486,0.27586206896551724,0.01775544836107279,3.152559465027224e-4,TRUE,MT,65,1124.169955861304
9,MRP5,31,0.29702542321351044,0.2289718785570236,0.3617287221214493,0.2688553682342502,0.02817005497926023,7.93551997534544e-4,TRUE,NE,65,1039.809597209689
9,MRP5,32,0.3241760296869507,0.26950535915917845,0.37975165996810023,0.3879310344827586,-0.06375500479580792,0.004064700636513491,FALSE,NV,82,1275.2415491411198
9,MRP5,33,0.3361823768585051,0.27413585246848193,0.41484816179210654,0.3114874815905744,0.024694895267930728,6.098378522940675e-4,TRUE,NH,68,1199.4434506363277
9,MRP5,34,0.3491146519032271,0.2949333940774024,0.4103856691925458,0.3675276752767528,-0.018413023373525683,3.390394297540031e-4,TRUE,NJ,112,1587.9676648346863
9,MRP5,35,0.3160572313563241,0.25573108437002673,0.37042039277227057,0.3167062549485352,-6.490235922111398e-4,4.212316232466519e-7,TRUE,NM,77,1260.2107112597166
9,MRP5,36,0.35262261442479226,0.29685502276581044,0.40760755819931305,0.34244946492271106,0.010173149502081202,1.0349297079169502e-4,TRUE,NY,113,1567.2531580697178
9,MRP5,37,0.3238671913788633,0.2699379499312088,0.37877977833635634,0.30879199428162973,0.01507519709723354,2.2726156752043853e-4,TRUE,NC,99,1362.55222359256
9,MRP5,38,0.28300790563595785,0.22170880738668722,0.3475895293508016,0.3009079118028534,-0.017900006166895577,3.204102207748997e-4,TRUE,ND,44,754.7765020894528
9,MRP5,39,0.30416782750977567,0.24571951765051095,0.3608615950558636,0.3185703185703186,-0.014402491060542921,2.0743174874901876e-4,TRUE,OH,98,1309.9898265352638
9,MRP5,40,0.3079729453782391,0.24944230682321367,0.36832021282824523,0.28644240570846075,0.02153053966977836,4.635641384718996e-4,TRUE,OK,63,910.4925836478728
9,MRP5,41,0.33566124393008023,0.27945137607068327,0.400302671057477,0.3165644171779141,0.01909682675216612,3.6468879200224753e-4,TRUE,OR,104,1604.6999627228458
9,MRP5,42,0.3484283304642293,0.29281934291295436,0.41084807847910054,0.3404605263157895,0.007967804148439783,6.348590294789422e-5,TRUE,PA,130,1857.0240120593444
9,MRP5,44,0.3464406859749597,0.28686429418111503,0.41461203111256467,0.3433667781493868,0.0030739078255728747,9.448909320118159e-6,TRUE,RI,63,1107.2934458319005
9,MRP5,45,0.33513715828572144,0.2794010927009998,0.39643560189757227,0.31290849673202614,0.022228661553695295,4.941133944687314e-4,TRUE,SC,82,1186.7310835646133
9,MRP5,46,0.30506914639227906,0.23664574430284055,0.3739091741711468,0.2953846153846154,0.009684531007663644,9.37901408383986e-5,TRUE,SD,45,746.6278148853141
9,MRP5,47,0.32429284436948247,0.26832340843917113,0.38615279756669163,0.327212020033389,-0.002919175663906537,8.52158655674417e-6,TRUE,TN,78,1096.9230146565449
9,MRP5,48,0.32495364388077186,0.2856190117126094,0.36477964741017227,0.33565823888404533,-0.010704595003273476,1.1458835418410747e-4,TRUE,TX,284,3988.984341710574
9,MRP5,49,0.2761169787011499,0.2180927020182395,0.3331425528329278,0.2304,0.04571697870114988,0.002090042141561392,TRUE,UT,125,1975.5936286953602
9,MRP5,50,0.3132001636854802,0.25277456070057513,0.37629899368258546,0.33587786259541985,-0.022677698909939648,5.142780278498779e-4,TRUE,VT,64,1219.1112013044235
9,MRP5,51,0.30246354978235335,0.2485847385206025,0.3552751934925611,0.2716180371352785,0.030845512647074858,9.51445650460855e-4,TRUE,VA,115,1657.4385082790568
9,MRP5,53,0.3134953312001637,0.26899015306923707,0.36262526021128133,0.32831683168316833,-0.014821500483004624,2.196768765677063e-4,TRUE,WA,178,2689.741010849409
9,MRP5,54,0.25322244418499995,0.18482759003877167,0.3159350505994409,0.27807486631016043,-0.024852422125160478,6.176428854871661e-4,TRUE,WV,63,963.446410696658
9,MRP5,55,0.2891028262325665,0.22467907441446683,0.350980906055467,0.3069958847736626,-0.017893058541096074,3.2016154395509116e-4,TRUE,WI,79,1123.448747475489
9,MRP5,56,0.32470228412402774,0.2665260482723691,0.393310482771333,0.2782152230971129,0.046487061026914855,0.002161046842920106,TRUE,WY,54,962.6393707184898
10,MRP5,01,0.3068559791820569,0.23937976863553875,0.3780845073701388,0.3007135575942915,0.006142421587765401,3.7729342961846427e-5,TRUE,AL,64,900.2110085361296
10,MRP5,04,0.279434842483926,0.2288238382235095,0.3375580067679206,0.28578919769271105,-0.006354355208785023,4.037783011941336e-5,TRUE,AZ,135,1984.793314795837
10,MRP5,05,0.3149456096700111,0.25073111718708835,0.38121107201973986,0.2849035187287174,0.03004209094129373,9.025272281249628e-4,TRUE,AR,76,1150.3222359074957
10,MRP5,06,0.3799240323802206,0.33131853729235944,0.427987415892654,0.3766891891891892,0.0032348431910314,1.0464210470562211e-5,TRUE,CA,351,5053.090939309258
10,MRP5,08,0.3047251627893799,0.2467808084011923,0.36775760058005363,0.2865264354747015,0.018198727314678365,3.311936758740204e-4,TRUE,CO,105,1555.757342200547
10,MRP5,09,0.3337407125586283,0.2702946946577672,0.4071758437802448,0.3638113570741097,-0.030070644515481415,9.042436615764525e-4,TRUE,CT,66,976.9083640489894
10,MRP5,10,0.37076987005203826,0.30265167271740234,0.45269183119154893,0.3221957040572792,0.048574165994759055,0.0023594496020864068,TRUE,DE,66,1216.0879719710433
10,MRP5,11,0.3040351879660085,0.24031372056734035,0.36957862976863876,0.2659758203799655,0.038059367586043,0.0014485154610495408,TRUE,DC,71,1308.1511011771051
10,MRP5,12,0.34586839627047483,0.291362171328958,0.40419545665423606,0.35494880546075086,-0.009080409190276029,8.245383106284936e-5,TRUE,FL,170,2426.3572928609683
10,MRP5,13,0.2997603736868806,0.24155990140435463,0.3594252272050857,0.3376770538243626,-0.037916680137482006,0.0014376746326481226,TRUE,GA,117,1648.3373409956787
10,MRP5,16,0.289832043524276,0.22935698876131258,0.3532636098499989,0.27474747474747474,0.015084568776801255,2.275442151820473e-4,TRUE,ID,80,1344.9710929553503
10,MRP5,17,0.2928027853303836,0.23342728823891934,0.351371429152916,0.3270967741935484,-0.03429398886316476,0.0011760776721468685,TRUE,IL,104,1422.747962110033
10,MRP5,18,0.31895283879983255,0.2498765921119658,0.3836849756119759,0.3194805194805195,-5.276806806869261e-4,2.7844690077021763e-7,TRUE,IN,80,1122.840446013692
10,MRP5,19,0.32226897344770195,0.25505571899611085,0.3946451589812201,0.28534031413612565,0.036928659311576295,0.0013637258785504705,TRUE,IA,75,1120.8352160165753
10,MRP5,20,0.2807165650541379,0.21955160481172434,0.34829637892420473,0.2644787644787645,0.016237800575373385,2.636661675255962e-4,TRUE,KS,65,997.5967642394346
10,MRP5,21,0.32757926888652583,0.2599270781398522,0.3960907084614741,0.3541300527240773,-0.026550783837551495,7.049441223883857e-4,TRUE,KY,71,1047.2300818454778
10,MRP5,22,0.34880387132150026,0.27767462413767585,0.42521765849738363,0.40809248554913297,-0.05928861422763271,0.0035151397770330516,TRUE,LA,50,734.446893322186
10,MRP5,23,0.30225979967361494,0.2367040628757139,0.36867535402587454,0.2982456140350877,0.0040141856385272345,1.61136863405583e-5,TRUE,ME,66,1089.5932988908548
10,MRP5,24,0.2854073400928757,0.22534407172896118,0.34496173090652077,0.30939226519337015,-0.023984925100494436,5.75276632076328e-4,TRUE,MD,108,1584.9291263958683
10,MRP5,25,0.3774956039669368,0.32023851392074143,0.44619940925782897,0.3460096411355115,0.031485962831425296,9.913658554218953e-4,TRUE,MA,136,2107.0311792105795
10,MRP5,26,0.35025669309172114,0.291238119331782,0.4130866981965286,0.40276356192425794,-0.0525068688325368,0.0027569712745972247,TRUE,MI,147,2122.610358814003
10,MRP5,27,0.3277213558711432,0.26245719345669066,0.4001817816817199,0.31893004115226337,0.008791314718879839,7.728721448639331e-5,TRUE,MN,95,1380.2906731498015
10,MRP5,28,0.3038015193679172,0.23187347019532606,0.3792663893304665,0.33690476190476193,-0.03310324253684471,0.0010958246664531652,TRUE,MS,51,733.4710774566788
10,MRP5,29,0.32174165718820735,0.2533560048178584,0.39428952618734575,0.31070496083550914,0.011036696352698216,1.2180866638166211e-4,TRUE,MO,72,1019.4821577645729
10,MRP5,30,0.2939979219256731,0.22757914757287837,0.3647048646290161,0.27586206896551724,0.01813585296015585,3.2890916259239376e-4,TRUE,MT,62,1099.8427356473694
10,MRP5,31,0.33381252680069207,0.26655553489345885,0.4036139923087496,0.2688553682342502,0.06495715856644185,0.00421943244902587,TRUE,NE,72,1180.7340782397146
10,MRP5,32,0.3679421721100919,0.29813273742268975,0.44678463938426444,0.3879310344827586,-0.019988862372666727,3.995546189534117e-4,TRUE,NV,72,1142.8860806038629
10,MRP5,33,0.30372250955882746,0.24293082812951894,0.37484628663129627,0.3114874815905744,-0.0077649720317469195,6.029479065381188e-5,TRUE,NH,79,1333.122856138272
10,MRP5,34,0.31845045503481545,0.2555402731715684,0.3838139060504241,0.3675276752767528,-0.049077220241937336,0.002408573546675624,TRUE,NJ,98,1370.6589956973592
10,MRP5,35,0.29442795252823745,0.2285550196663038,0.36247417813246463,0.3167062549485352,-0.02227830242029777,4.963227587302454e-4,TRUE,NM,69,1108.1182945955818
10,MRP5,36,0.3498798310582548,0.2887773317792467,0.4183336382278895,0.34244946492271106,0.0074303661355437645,5.5210340908235575e-5,TRUE,NY,131,1802.6279257081626
10,MRP5,37,0.34220017029862765,0.2832189392885636,0.40854886453119427,0.30879199428162973,0.033408176016997915,0.0011161062247827147,TRUE,NC,107,1513.3469062284992
10,MRP5,38,0.31483133382238004,0.2480668789597056,0.3924937260874404,0.3009079118028534,0.013923422019526621,1.9386168073383877e-4,TRUE,ND,38,677.8979245370925
10,MRP5,39,0.3060522328699614,0.24525631968985726,0.371708312587868,0.3185703185703186,-0.012518085700357173,1.5670246960148673e-4,TRUE,OH,99,1331.4952452053078
10,MRP5,40,0.29387497488939857,0.22383715727144224,0.35719771621465235,0.28644240570846075,0.00743256918093782,5.52430846294267e-5,TRUE,OK,68,964.6292172253435
10,MRP5,41,0.3312460215979099,0.27393905985501316,0.3971868524130939,0.3165644171779141,0.014681604419995775,2.1554950834523948e-4,TRUE,OR,127,1970.0839494913848
10,MRP5,42,0.3008352708283367,0.2438655476300073,0.357929038235156,0.3404605263157895,-0.03962525548745277,0.001570160872445906,TRUE,PA,136,1876.6536714472875
10,MRP5,44,0.3320927728917988,0.2622859057715767,0.4110906806731042,0.3433667781493868,-0.011274005257588038,1.2710319454812272e-4,TRUE,RI,50,856.6275643485849
10,MRP5,45,0.29488617568863423,0.2315721462277732,0.35721739961129834,0.31290849673202614,-0.01802232104339191,3.248040557910868e-4,TRUE,SC,93,1334.805921349629
10,MRP5,46,0.3566373593186553,0.27934249117470245,0.4470251057614405,0.2953846153846154,0.0612527439340399,0.003751898639449062,TRUE,SD,37,629.9653892356407
10,MRP5,47,0.2902398020478427,0.22468691560546877,0.35237797226222084,0.327212020033389,-0.036972217985546285,0.0013669449027707522,TRUE,TN,83,1149.153146238045
10,MRP5,48,0.3593695165907818,0.31448772475266273,0.40717454618826615,0.33565823888404533,0.023711277706736478,5.622246904859782e-4,TRUE,TX,259,3644.473198510064
10,MRP5,49,0.27269229058309163,0.21638117955108513,0.3332618804541677,0.2304,0.04229229058309164,0.001788637842764662,TRUE,UT,111,1749.1105609876017
10,MRP5,50,0.3026299477581783,0.23828781399182258,0.3771240760991756,0.33587786259541985,-0.03324791483724154,0.0011054238410244663,TRUE,VT,51,917.8047123478544
10,MRP5,51,0.31085405659058757,0.25567119696633406,0.3720370051713369,0.2716180371352785,0.03923601945530908,0.0015394652226973925,TRUE,VA,127,1847.7405702630326
10,MRP5,53,0.29630488841092134,0.24782337108464592,0.34516554028017377,0.32831683168316833,-0.03201194327224699,0.0010247645120655593,TRUE,WA,175,2623.726339820685
10,MRP5,54,0.29548836846547566,0.22456720669282876,0.3646051824948384,0.27807486631016043,0.01741350215531523,3.032300573131682e-4,TRUE,WV,57,891.3182445341691
10,MRP5,55,0.3444811872027527,0.27555387106941526,0.420584146083898,0.3069958847736626,0.03748530242909015,0.001405147898200352,TRUE,WI,84,1220.7267351190908
10,MRP5,56,0.2769069270915949,0.20757842797477952,0.3470341960276752,0.2782152230971129,-0.0013082960055179615,1.711638438054254e-6,TRUE,WY,42,763.2838153460707
